id_pedido,id_producto,nombre_producto,categoria,id_proveedor,nombre_proveedor,cantidad_solicitada,estado_pedido,fecha_pedido,fecha_entrega,numero_factura
1,9,"Amoxicilina 500mg x21","Antibiótico",5,"Genfar S.A - Grupo Sanofi",67,en proceso,"2023-12-28 01:37:31","2024-01-09 01:37:31",""
2,3,"Naproxeno 500mg x10","Analgésico",4,"Laboratorios Lafrancol S.A.S",77,entregado,"2025-06-18 19:36:20","2025-06-27 19:36:20","FAC-000002"
3,23,"Hierro + Ácido Fólico x30","Vitaminas y suplementos",6,"Tecnoquímicas S.A",47,entregado,"2024-06-10 02:52:02","2024-06-14 02:52:02","FAC-000003"
4,6,"Meloxicam 15mg x10","Analgésico",4,"Laboratorios Lafrancol S.A.S",32,en proceso,"2025-05-31 08:42:37","2025-06-10 08:42:37",""
5,11,"Ciprofloxacino 500mg x10","Antibiótico",5,"Genfar S.A - Grupo Sanofi",66,en proceso,"2023-03-13 07:16:22","2023-03-19 07:16:22",""
6,44,"Lubricante Nuei Delay 100ml","Lubricantes",9,"Laboratorios Siegfried Colombia S.A",31,entregado,"2024-05-10 13:43:47","2024-05-20 13:43:47","FAC-000006"
7,22,"Zinc 50mg x30","Vitaminas y suplementos",6,"Tecnoquímicas S.A",12,en proceso,"2023-12-13 10:40:18","2023-12-29 10:40:18",""
8,47,"Lubricante Prudence Aqua 60ml","Lubricantes",9,"Laboratorios Siegfried Colombia S.A",96,entregado,"2025-10-02 18:23:50","2025-10-11 18:23:50","FAC-000008"
9,21,"Calcio + Vitamina D x60","Vitaminas y suplementos",6,"Tecnoquímicas S.A",79,entregado,"2023-05-15 17:18:52","2023-05-30 17:18:52","FAC-000009"
10,17,"Vitamina C 1000mg x30","Vitaminas y suplementos",6,"Tecnoquímicas S.A",96,en proceso,"2023-08-24 03:48:13","2023-08-30 03:48:13",""
11,19,"Complejo B x30","Vitaminas y suplementos",6,"Tecnoquímicas S.A",37,entregado,"2024-07-23 18:22:42","2024-07-26 18:22:42","FAC-000011"
12,44,"Lubricante Nuei Delay 100ml","Lubricantes",9,"Laboratorios Siegfried Colombia S.A",49,entregado,"2023-12-07 18:59:07","2023-12-18 18:59:07","FAC-000012"
13,25,"Protector solar SPF 50 50ml","Cuidado personal",7,"Bayer S.A Colombia",92,en proceso,"2023-04-04 10:45:47","2023-04-19 10:45:47",""
14,2,"Ibuprofeno 400mg x10","Analgésico",4,"Laboratorios Lafrancol S.A.S",56,en proceso,"2025-06-17 11:12:21","2025-06-29 11:12:21",""
15,12,"Metronidazol 500mg x14","Antibiótico",5,"Genfar S.A - Grupo Sanofi",74,en proceso,"2024-09-14 16:49:03","2024-09-29 16:49:03",""
16,12,"Metronidazol 500mg x14","Antibiótico",5,"Genfar S.A - Grupo Sanofi",60,entregado,"2025-09-26 22:00:02","2025-10-11 22:00:02","FAC-000016"
17,22,"Zinc 50mg x30","Vitaminas y suplementos",6,"Tecnoquímicas S.A",66,entregado,"2024-08-07 12:22:18","2024-08-21 12:22:18","FAC-000017"
18,46,"Lubricante Vive Sensitivo 50ml","Lubricantes",9,"Laboratorios Siegfried Colombia S.A",26,aceptado,"2025-12-16 10:37:18","",""
19,44,"Lubricante Nuei Delay 100ml","Lubricantes",9,"Laboratorios Siegfried Colombia S.A",28,entregado,"2025-06-03 02:54:51","2025-06-16 02:54:51","FAC-000019"
20,7,"Tramadol 50mg x10","Analgésico",4,"Laboratorios Lafrancol S.A.S",59,aceptado,"2025-06-23 02:26:40","",""
21,2,"Ibuprofeno 400mg x10","Analgésico",4,"Laboratorios Lafrancol S.A.S",87,entregado,"2023-05-26 14:37:22","2023-05-31 14:37:22","FAC-000021"
22,24,"Magnesio 400mg x60","Vitaminas y suplementos",6,"Tecnoquímicas S.A",73,entregado,"2024-08-03 11:51:53","2024-08-18 11:51:53","FAC-000022"
23,31,"Desodorante roll-on 50ml","Cuidado personal",7,"Bayer S.A Colombia",16,entregado,"2025-07-09 06:09:45","2025-07-18 06:09:45","FAC-000023"
24,18,"Vitamina D3 2000UI x30","Vitaminas y suplementos",6,"Tecnoquímicas S.A",58,entregado,"2024-07-13 20:25:28","2024-07-27 20:25:28","FAC-000024"
25,37,"Condón Control Retard x3","Condones",8,"Distribuidora Íntima de Colombia S.A.S",79,aceptado,"2025-09-27 19:40:25","",""
26,40,"Condón Protex x12","Condones",8,"Distribuidora Íntima de Colombia S.A.S",18,aceptado,"2024-01-21 04:05:22","",""
27,39,"Condón Vive Placer Real x3","Condones",8,"Distribuidora Íntima de Colombia S.A.S",94,en proceso,"2024-05-09 01:31:12","2024-05-15 01:31:12",""
28,37,"Condón Control Retard x3","Condones",8,"Distribuidora Íntima de Colombia S.A.S",61,entregado,"2025-05-13 02:15:56","2025-05-24 02:15:56","FAC-000028"
29,24,"Magnesio 400mg x60","Vitaminas y suplementos",6,"Tecnoquímicas S.A",43,aceptado,"2025-06-06 15:50:23","",""
30,31,"Desodorante roll-on 50ml","Cuidado personal",7,"Bayer S.A Colombia",13,entregado,"2025-10-10 05:50:40","2025-10-17 05:50:40","FAC-000030"
31,15,"Cefalexina 500mg x20","Antibiótico",5,"Genfar S.A - Grupo Sanofi",38,entregado,"2023-08-27 06:15:36","2023-09-09 06:15:36","FAC-000031"
32,40,"Condón Protex x12","Condones",8,"Distribuidora Íntima de Colombia S.A.S",75,entregado,"2024-02-02 17:34:30","2024-02-17 17:34:30","FAC-000032"
33,16,"Doxiciclina 100mg x10","Antibiótico",5,"Genfar S.A - Grupo Sanofi",76,aceptado,"2025-05-25 21:31:00","",""
34,22,"Zinc 50mg x30","Vitaminas y suplementos",6,"Tecnoquímicas S.A",65,entregado,"2023-10-21 20:17:28","2023-11-03 20:17:28","FAC-000034"
35,47,"Lubricante Prudence Aqua 60ml","Lubricantes",9,"Laboratorios Siegfried Colombia S.A",78,entregado,"2024-03-06 23:09:11","2024-03-12 23:09:11","FAC-000035"
36,1,"Acetaminofén 500mg x10","Analgésico",4,"Laboratorios Lafrancol S.A.S",76,en proceso,"2025-08-27 23:04:27","2025-09-05 23:04:27",""
37,20,"Omega 3 1000mg x30","Vitaminas y suplementos",6,"Tecnoquímicas S.A",23,entregado,"2024-07-27 20:09:25","2024-08-08 20:09:25","FAC-000037"
38,29,"Hilo dental 50m","Cuidado personal",7,"Bayer S.A Colombia",34,entregado,"2025-02-15 11:01:10","2025-02-26 11:01:10","FAC-000038"
39,19,"Complejo B x30","Vitaminas y suplementos",6,"Tecnoquímicas S.A",16,entregado,"2024-04-09 04:52:52","2024-04-16 04:52:52","FAC-000039"
40,1,"Acetaminofén 500mg x10","Analgésico",4,"Laboratorios Lafrancol S.A.S",64,entregado,"2025-07-31 18:09:30","2025-08-14 18:09:30","FAC-000040"
41,7,"Tramadol 50mg x10","Analgésico",4,"Laboratorios Lafrancol S.A.S",43,aceptado,"2024-04-26 07:15:48","",""
42,41,"Lubricante Durex Play 50ml","Lubricantes",9,"Laboratorios Siegfried Colombia S.A",93,entregado,"2023-08-24 23:44:54","2023-09-08 23:44:54","FAC-000042"
43,44,"Lubricante Nuei Delay 100ml","Lubricantes",9,"Laboratorios Siegfried Colombia S.A",42,en proceso,"2024-05-30 17:17:55","2024-06-10 17:17:55",""
44,7,"Tramadol 50mg x10","Analgésico",4,"Laboratorios Lafrancol S.A.S",82,entregado,"2023-11-14 01:22:21","2023-11-20 01:22:21","FAC-000044"
45,37,"Condón Control Retard x3","Condones",8,"Distribuidora Íntima de Colombia S.A.S",19,en proceso,"2024-09-08 17:04:06","2024-09-23 17:04:06",""
46,22,"Zinc 50mg x30","Vitaminas y suplementos",6,"Tecnoquímicas S.A",81,en proceso,"2024-09-14 19:15:37","2024-10-01 19:15:37",""
47,8,"Ketorolaco 10mg x10","Analgésico",4,"Laboratorios Lafrancol S.A.S",72,entregado,"2024-11-15 03:14:01","2024-11-21 03:14:01","FAC-000047"
48,11,"Ciprofloxacino 500mg x10","Antibiótico",5,"Genfar S.A - Grupo Sanofi",30,aceptado,"2025-08-13 19:26:31","",""
49,2,"Ibuprofeno 400mg x10","Analgésico",4,"Laboratorios Lafrancol S.A.S",40,aceptado,"2023-05-06 21:39:18","",""
50,29,"Hilo dental 50m","Cuidado personal",7,"Bayer S.A Colombia",73,en proceso,"2025-01-07 03:51:10","2025-01-15 03:51:10",""
51,21,"Calcio + Vitamina D x60","Vitaminas y suplementos",6,"Tecnoquímicas S.A",36,entregado,"2024-01-14 20:43:29","2024-01-24 20:43:29","FAC-000051"
52,28,"Jabón antibacterial 250ml","Cuidado personal",7,"Bayer S.A Colombia",64,aceptado,"2023-05-07 00:49:49","",""
53,17,"Vitamina C 1000mg x30","Vitaminas y suplementos",6,"Tecnoquímicas S.A",19,aceptado,"2024-04-11 17:37:39","",""
54,41,"Lubricante Durex Play 50ml","Lubricantes",9,"Laboratorios Siegfried Colombia S.A",37,en proceso,"2025-11-25 21:16:19","2025-12-08 21:16:19",""
55,43,"Lubricante Pjur Original 30ml","Lubricantes",9,"Laboratorios Siegfried Colombia S.A",90,entregado,"2023-02-27 06:03:53","2023-03-05 06:03:53","FAC-000055"
56,7,"Tramadol 50mg x10","Analgésico",4,"Laboratorios Lafrancol S.A.S",86,aceptado,"2025-08-11 05:21:56","",""
57,36,"Condón Prudence Fresa x3","Condones",8,"Distribuidora Íntima de Colombia S.A.S",29,entregado,"2025-12-13 19:17:27","2025-12-16 19:17:27","FAC-000057"
58,38,"Condón Lifestyles Ultra x12","Condones",8,"Distribuidora Íntima de Colombia S.A.S",50,entregado,"2024-11-16 05:44:10","2024-11-23 05:44:10","FAC-000058"
59,6,"Meloxicam 15mg x10","Analgésico",4,"Laboratorios Lafrancol S.A.S",54,entregado,"2023-01-27 20:16:24","2023-02-01 20:16:24","FAC-000059"
60,12,"Metronidazol 500mg x14","Antibiótico",5,"Genfar S.A - Grupo Sanofi",55,en proceso,"2025-02-04 22:44:45","2025-02-11 22:44:45",""
61,2,"Ibuprofeno 400mg x10","Analgésico",4,"Laboratorios Lafrancol S.A.S",67,en proceso,"2025-10-24 10:48:20","2025-11-05 10:48:20",""
62,41,"Lubricante Durex Play 50ml","Lubricantes",9,"Laboratorios Siegfried Colombia S.A",27,entregado,"2025-10-23 09:55:50","2025-10-28 09:55:50","FAC-000062"
63,45,"Lubricante Yes OB Natural 80ml","Lubricantes",9,"Laboratorios Siegfried Colombia S.A",49,entregado,"2025-03-19 22:50:50","2025-03-26 22:50:50","FAC-000063"
64,13,"Clindamicina 300mg x16","Antibiótico",5,"Genfar S.A - Grupo Sanofi",80,entregado,"2024-04-28 18:39:57","2024-05-09 18:39:57","FAC-000064"
65,32,"Gel antibacterial 500ml","Cuidado personal",7,"Bayer S.A Colombia",94,entregado,"2024-10-28 05:40:43","2024-11-01 05:40:43","FAC-000065"
66,38,"Condón Lifestyles Ultra x12","Condones",8,"Distribuidora Íntima de Colombia S.A.S",85,entregado,"2024-09-26 23:04:44","2024-10-01 23:04:44","FAC-000066"
67,18,"Vitamina D3 2000UI x30","Vitaminas y suplementos",6,"Tecnoquímicas S.A",69,aceptado,"2023-12-28 06:26:29","",""
68,45,"Lubricante Yes OB Natural 80ml","Lubricantes",9,"Laboratorios Siegfried Colombia S.A",46,entregado,"2025-07-14 06:10:57","2025-07-20 06:10:57","FAC-000068"
69,48,"Lubricante Control Aqua 75ml","Lubricantes",9,"Laboratorios Siegfried Colombia S.A",45,en proceso,"2024-01-24 19:01:18","2024-02-05 19:01:18",""
70,4,"Aspirina 100mg x10","Analgésico",4,"Laboratorios Lafrancol S.A.S",32,entregado,"2025-01-13 03:44:17","2025-01-24 03:44:17","FAC-000070"
71,6,"Meloxicam 15mg x10","Analgésico",4,"Laboratorios Lafrancol S.A.S",45,entregado,"2023-01-02 15:09:58","2023-01-07 15:09:58","FAC-000071"
72,29,"Hilo dental 50m","Cuidado personal",7,"Bayer S.A Colombia",54,aceptado,"2025-08-28 18:58:22","",""
73,32,"Gel antibacterial 500ml","Cuidado personal",7,"Bayer S.A Colombia",92,en proceso,"2024-02-02 17:54:20","2024-02-21 17:54:20",""
74,37,"Condón Control Retard x3","Condones",8,"Distribuidora Íntima de Colombia S.A.S",17,entregado,"2024-05-24 17:21:12","2024-06-08 17:21:12","FAC-000074"
75,19,"Complejo B x30","Vitaminas y suplementos",6,"Tecnoquímicas S.A",65,aceptado,"2025-09-13 23:41:36","",""
76,6,"Meloxicam 15mg x10","Analgésico",4,"Laboratorios Lafrancol S.A.S",14,entregado,"2024-03-09 16:25:50","2024-03-20 16:25:50","FAC-000076"
77,16,"Doxiciclina 100mg x10","Antibiótico",5,"Genfar S.A - Grupo Sanofi",15,entregado,"2023-10-10 08:44:21","2023-10-16 08:44:21","FAC-000077"
78,26,"Shampoo anticaspa 400ml","Cuidado personal",7,"Bayer S.A Colombia",36,entregado,"2025-06-13 03:21:23","2025-06-18 03:21:23","FAC-000078"
79,25,"Protector solar SPF 50 50ml","Cuidado personal",7,"Bayer S.A Colombia",76,en proceso,"2025-02-07 23:09:07","2025-02-15 23:09:07",""
80,13,"Clindamicina 300mg x16","Antibiótico",5,"Genfar S.A - Grupo Sanofi",38,en proceso,"2024-03-07 15:46:22","2024-03-22 15:46:22",""
81,16,"Doxiciclina 100mg x10","Antibiótico",5,"Genfar S.A - Grupo Sanofi",18,entregado,"2024-06-28 16:18:59","2024-07-06 16:18:59","FAC-000081"
82,20,"Omega 3 1000mg x30","Vitaminas y suplementos",6,"Tecnoquímicas S.A",42,entregado,"2025-12-09 15:38:02","2025-12-22 15:38:02","FAC-000082"
83,26,"Shampoo anticaspa 400ml","Cuidado personal",7,"Bayer S.A Colombia",46,entregado,"2024-03-03 01:41:53","2024-03-09 01:41:53","FAC-000083"
84,46,"Lubricante Vive Sensitivo 50ml","Lubricantes",9,"Laboratorios Siegfried Colombia S.A",94,en proceso,"2025-10-31 20:14:15","2025-11-17 20:14:15",""
85,30,"Crema dental blanqueadora 75ml","Cuidado personal",7,"Bayer S.A Colombia",25,entregado,"2024-09-15 22:18:51","2024-09-19 22:18:51","FAC-000085"
86,25,"Protector solar SPF 50 50ml","Cuidado personal",7,"Bayer S.A Colombia",86,entregado,"2025-05-09 23:33:35","2025-05-22 23:33:35","FAC-000086"
87,19,"Complejo B x30","Vitaminas y suplementos",6,"Tecnoquímicas S.A",45,en proceso,"2025-07-18 17:48:27","2025-07-28 17:48:27",""
88,34,"Condón Durex Extra Fino x3","Condones",8,"Distribuidora Íntima de Colombia S.A.S",13,entregado,"2025-10-20 16:43:29","2025-10-31 16:43:29","FAC-000088"
89,12,"Metronidazol 500mg x14","Antibiótico",5,"Genfar S.A - Grupo Sanofi",65,entregado,"2025-10-05 15:10:11","2025-10-10 15:10:11","FAC-000089"
90,21,"Calcio + Vitamina D x60","Vitaminas y suplementos",6,"Tecnoquímicas S.A",37,entregado,"2023-05-17 02:11:01","2023-05-26 02:11:01","FAC-000090"
91,14,"Claritromicina 500mg x14","Antibiótico",5,"Genfar S.A - Grupo Sanofi",72,en proceso,"2025-03-03 09:27:40","2025-03-09 09:27:40",""
92,13,"Clindamicina 300mg x16","Antibiótico",5,"Genfar S.A - Grupo Sanofi",54,entregado,"2025-04-06 10:51:58","2025-04-09 10:51:58","FAC-000092"
93,48,"Lubricante Control Aqua 75ml","Lubricantes",9,"Laboratorios Siegfried Colombia S.A",48,entregado,"2024-06-08 00:39:46","2024-06-12 00:39:46","FAC-000093"
94,34,"Condón Durex Extra Fino x3","Condones",8,"Distribuidora Íntima de Colombia S.A.S",71,entregado,"2024-08-17 07:36:12","2024-08-20 07:36:12","FAC-000094"
95,34,"Condón Durex Extra Fino x3","Condones",8,"Distribuidora Íntima de Colombia S.A.S",93,en proceso,"2023-11-21 10:10:42","2023-11-27 10:10:42",""
96,16,"Doxiciclina 100mg x10","Antibiótico",5,"Genfar S.A - Grupo Sanofi",15,entregado,"2024-02-14 15:47:51","2024-02-22 15:47:51","FAC-000096"
97,45,"Lubricante Yes OB Natural 80ml","Lubricantes",9,"Laboratorios Siegfried Colombia S.A",63,en proceso,"2025-09-29 11:57:22","2025-10-11 11:57:22",""
98,6,"Meloxicam 15mg x10","Analgésico",4,"Laboratorios Lafrancol S.A.S",63,entregado,"2024-10-28 17:53:06","2024-10-31 17:53:06","FAC-000098"
99,26,"Shampoo anticaspa 400ml","Cuidado personal",7,"Bayer S.A Colombia",44,entregado,"2023-07-02 17:09:09","2023-07-17 17:09:09","FAC-000099"
100,13,"Clindamicina 300mg x16","Antibiótico",5,"Genfar S.A - Grupo Sanofi",81,entregado,"2023-06-01 18:10:30","2023-06-12 18:10:30","FAC-000100"
101,34,"Condón Durex Extra Fino x3","Condones",8,"Distribuidora Íntima de Colombia S.A.S",59,entregado,"2023-12-21 04:49:23","2024-01-03 04:49:23","FAC-000101"
102,9,"Amoxicilina 500mg x21","Antibiótico",5,"Genfar S.A - Grupo Sanofi",66,entregado,"2025-08-30 23:18:33","2025-09-02 23:18:33","FAC-000102"
103,12,"Metronidazol 500mg x14","Antibiótico",5,"Genfar S.A - Grupo Sanofi",15,entregado,"2024-06-23 23:42:29","2024-07-03 23:42:29","FAC-000103"
104,14,"Claritromicina 500mg x14","Antibiótico",5,"Genfar S.A - Grupo Sanofi",83,entregado,"2024-06-15 12:38:56","2024-06-28 12:38:56","FAC-000104"
105,38,"Condón Lifestyles Ultra x12","Condones",8,"Distribuidora Íntima de Colombia S.A.S",32,entregado,"2024-09-10 03:13:14","2024-09-23 03:13:14","FAC-000105"
106,18,"Vitamina D3 2000UI x30","Vitaminas y suplementos",6,"Tecnoquímicas S.A",76,aceptado,"2025-10-04 20:53:17","",""
107,19,"Complejo B x30","Vitaminas y suplementos",6,"Tecnoquímicas S.A",77,entregado,"2025-11-10 02:10:08","2025-11-17 02:10:08","FAC-000107"
108,31,"Desodorante roll-on 50ml","Cuidado personal",7,"Bayer S.A Colombia",38,entregado,"2025-10-11 15:24:03","2025-10-23 15:24:03","FAC-000108"
109,22,"Zinc 50mg x30","Vitaminas y suplementos",6,"Tecnoquímicas S.A",43,entregado,"2025-01-05 13:56:36","2025-01-09 13:56:36","FAC-000109"
110,27,"Crema hidratante facial 50ml","Cuidado personal",7,"Bayer S.A Colombia",76,entregado,"2024-02-01 05:27:56","2024-02-06 05:27:56","FAC-000110"
111,44,"Lubricante Nuei Delay 100ml","Lubricantes",9,"Laboratorios Siegfried Colombia S.A",11,aceptado,"2023-04-25 00:59:16","",""
112,14,"Claritromicina 500mg x14","Antibiótico",5,"Genfar S.A - Grupo Sanofi",25,en proceso,"2023-06-19 21:36:49","2023-06-27 21:36:49",""
113,34,"Condón Durex Extra Fino x3","Condones",8,"Distribuidora Íntima de Colombia S.A.S",49,entregado,"2024-03-01 15:48:03","2024-03-11 15:48:03","FAC-000113"
114,42,"Lubricante Íntimo KY 75ml","Lubricantes",9,"Laboratorios Siegfried Colombia S.A",47,entregado,"2024-03-09 07:15:28","2024-03-12 07:15:28","FAC-000114"
115,48,"Lubricante Control Aqua 75ml","Lubricantes",9,"Laboratorios Siegfried Colombia S.A",70,entregado,"2025-01-31 05:16:00","2025-02-05 05:16:00","FAC-000115"
116,44,"Lubricante Nuei Delay 100ml","Lubricantes",9,"Laboratorios Siegfried Colombia S.A",35,entregado,"2023-09-29 11:49:27","2023-10-05 11:49:27","FAC-000116"
117,25,"Protector solar SPF 50 50ml","Cuidado personal",7,"Bayer S.A Colombia",43,entregado,"2024-02-13 08:08:24","2024-02-28 08:08:24","FAC-000117"
118,18,"Vitamina D3 2000UI x30","Vitaminas y suplementos",6,"Tecnoquímicas S.A",33,en proceso,"2023-03-25 22:37:44","2023-04-04 22:37:44",""
119,4,"Aspirina 100mg x10","Analgésico",4,"Laboratorios Lafrancol S.A.S",77,entregado,"2025-11-10 05:35:30","2025-11-15 05:35:30","FAC-000119"
120,38,"Condón Lifestyles Ultra x12","Condones",8,"Distribuidora Íntima de Colombia S.A.S",35,aceptado,"2023-01-27 21:39:51","",""
121,46,"Lubricante Vive Sensitivo 50ml","Lubricantes",9,"Laboratorios Siegfried Colombia S.A",62,entregado,"2023-08-16 15:44:45","2023-08-22 15:44:45","FAC-000121"
122,10,"Azitromicina 500mg x3","Antibiótico",5,"Genfar S.A - Grupo Sanofi",88,en proceso,"2024-02-06 05:38:18","2024-02-21 05:38:18",""
123,7,"Tramadol 50mg x10","Analgésico",4,"Laboratorios Lafrancol S.A.S",37,aceptado,"2023-03-09 09:36:03","",""
124,37,"Condón Control Retard x3","Condones",8,"Distribuidora Íntima de Colombia S.A.S",81,en proceso,"2024-12-24 02:13:12","2025-01-10 02:13:12",""
125,46,"Lubricante Vive Sensitivo 50ml","Lubricantes",9,"Laboratorios Siegfried Colombia S.A",49,entregado,"2025-05-22 20:27:43","2025-05-29 20:27:43","FAC-000125"
126,41,"Lubricante Durex Play 50ml","Lubricantes",9,"Laboratorios Siegfried Colombia S.A",91,entregado,"2023-04-23 07:49:41","2023-04-28 07:49:41","FAC-000126"
127,39,"Condón Vive Placer Real x3","Condones",8,"Distribuidora Íntima de Colombia S.A.S",97,entregado,"2024-10-14 10:24:36","2024-10-19 10:24:36","FAC-000127"
128,20,"Omega 3 1000mg x30","Vitaminas y suplementos",6,"Tecnoquímicas S.A",82,aceptado,"2024-04-21 15:28:26","",""
129,34,"Condón Durex Extra Fino x3","Condones",8,"Distribuidora Íntima de Colombia S.A.S",25,entregado,"2023-12-05 20:58:52","2023-12-09 20:58:52","FAC-000129"
130,36,"Condón Prudence Fresa x3","Condones",8,"Distribuidora Íntima de Colombia S.A.S",34,aceptado,"2025-07-28 06:16:04","",""
131,48,"Lubricante Control Aqua 75ml","Lubricantes",9,"Laboratorios Siegfried Colombia S.A",21,aceptado,"2023-07-04 14:03:28","",""
132,8,"Ketorolaco 10mg x10","Analgésico",4,"Laboratorios Lafrancol S.A.S",14,entregado,"2023-04-23 17:45:23","2023-04-27 17:45:23","FAC-000132"
133,15,"Cefalexina 500mg x20","Antibiótico",5,"Genfar S.A - Grupo Sanofi",56,en proceso,"2025-11-28 12:19:50","2025-12-15 12:19:50",""
134,26,"Shampoo anticaspa 400ml","Cuidado personal",7,"Bayer S.A Colombia",32,en proceso,"2024-01-04 21:36:41","2024-01-16 21:36:41",""
135,18,"Vitamina D3 2000UI x30","Vitaminas y suplementos",6,"Tecnoquímicas S.A",63,entregado,"2025-09-20 04:41:50","2025-09-26 04:41:50","FAC-000135"
136,8,"Ketorolaco 10mg x10","Analgésico",4,"Laboratorios Lafrancol S.A.S",11,en proceso,"2023-07-02 10:32:58","2023-07-07 10:32:58",""
137,25,"Protector solar SPF 50 50ml","Cuidado personal",7,"Bayer S.A Colombia",89,entregado,"2023-07-16 08:14:17","2023-07-19 08:14:17","FAC-000137"
138,46,"Lubricante Vive Sensitivo 50ml","Lubricantes",9,"Laboratorios Siegfried Colombia S.A",45,entregado,"2024-04-04 11:19:15","2024-04-14 11:19:15","FAC-000138"
139,21,"Calcio + Vitamina D x60","Vitaminas y suplementos",6,"Tecnoquímicas S.A",45,en proceso,"2024-08-19 11:33:51","2024-08-25 11:33:51",""
140,6,"Meloxicam 15mg x10","Analgésico",4,"Laboratorios Lafrancol S.A.S",56,entregado,"2024-07-05 00:06:38","2024-07-19 00:06:38","FAC-000140"
141,4,"Aspirina 100mg x10","Analgésico",4,"Laboratorios Lafrancol S.A.S",41,entregado,"2023-01-24 06:59:49","2023-01-29 06:59:49","FAC-000141"
142,23,"Hierro + Ácido Fólico x30","Vitaminas y suplementos",6,"Tecnoquímicas S.A",53,entregado,"2025-12-28 15:22:07","2025-12-31 15:22:07","FAC-000142"
143,40,"Condón Protex x12","Condones",8,"Distribuidora Íntima de Colombia S.A.S",10,entregado,"2024-01-03 14:04:41","2024-01-17 14:04:41","FAC-000143"
144,26,"Shampoo anticaspa 400ml","Cuidado personal",7,"Bayer S.A Colombia",82,entregado,"2024-05-06 01:49:40","2024-05-19 01:49:40","FAC-000144"
145,48,"Lubricante Control Aqua 75ml","Lubricantes",9,"Laboratorios Siegfried Colombia S.A",25,entregado,"2025-10-12 09:23:07","2025-10-25 09:23:07","FAC-000145"
146,7,"Tramadol 50mg x10","Analgésico",4,"Laboratorios Lafrancol S.A.S",51,aceptado,"2025-12-17 23:33:19","",""
147,4,"Aspirina 100mg x10","Analgésico",4,"Laboratorios Lafrancol S.A.S",22,entregado,"2025-02-13 05:02:43","2025-02-28 05:02:43","FAC-000147"
148,25,"Protector solar SPF 50 50ml","Cuidado personal",7,"Bayer S.A Colombia",55,entregado,"2025-10-18 08:31:31","2025-10-23 08:31:31","FAC-000148"
149,17,"Vitamina C 1000mg x30","Vitaminas y suplementos",6,"Tecnoquímicas S.A",61,en proceso,"2024-01-08 21:02:34","2024-01-25 21:02:34",""
150,33,"Condón Durex Natural x3","Condones",8,"Distribuidora Íntima de Colombia S.A.S",52,entregado,"2024-08-08 19:13:54","2024-08-21 19:13:54","FAC-000150"
151,23,"Hierro + Ácido Fólico x30","Vitaminas y suplementos",6,"Tecnoquímicas S.A",73,aceptado,"2023-06-19 13:45:57","",""
152,25,"Protector solar SPF 50 50ml","Cuidado personal",7,"Bayer S.A Colombia",64,entregado,"2023-08-03 16:12:37","2023-08-14 16:12:37","FAC-000152"
153,29,"Hilo dental 50m","Cuidado personal",7,"Bayer S.A Colombia",88,entregado,"2023-06-16 16:59:14","2023-06-26 16:59:14","FAC-000153"
154,41,"Lubricante Durex Play 50ml","Lubricantes",9,"Laboratorios Siegfried Colombia S.A",45,entregado,"2024-07-14 09:53:53","2024-07-27 09:53:53","FAC-000154"
155,13,"Clindamicina 300mg x16","Antibiótico",5,"Genfar S.A - Grupo Sanofi",70,aceptado,"2025-01-23 13:46:58","",""
156,23,"Hierro + Ácido Fólico x30","Vitaminas y suplementos",6,"Tecnoquímicas S.A",27,en proceso,"2025-12-28 15:43:16","2026-01-05 15:43:16",""
157,7,"Tramadol 50mg x10","Analgésico",4,"Laboratorios Lafrancol S.A.S",42,en proceso,"2025-12-29 00:58:06","2026-01-04 00:58:06",""
158,39,"Condón Vive Placer Real x3","Condones",8,"Distribuidora Íntima de Colombia S.A.S",76,entregado,"2025-03-26 06:09:29","2025-04-10 06:09:29","FAC-000158"
159,19,"Complejo B x30","Vitaminas y suplementos",6,"Tecnoquímicas S.A",35,aceptado,"2023-10-23 08:31:12","",""
160,48,"Lubricante Control Aqua 75ml","Lubricantes",9,"Laboratorios Siegfried Colombia S.A",15,entregado,"2025-02-25 18:20:43","2025-03-11 18:20:43","FAC-000160"
161,34,"Condón Durex Extra Fino x3","Condones",8,"Distribuidora Íntima de Colombia S.A.S",42,entregado,"2024-01-26 21:42:02","2024-02-04 21:42:02","FAC-000161"
162,45,"Lubricante Yes OB Natural 80ml","Lubricantes",9,"Laboratorios Siegfried Colombia S.A",52,entregado,"2025-03-13 19:23:03","2025-03-26 19:23:03","FAC-000162"
163,8,"Ketorolaco 10mg x10","Analgésico",4,"Laboratorios Lafrancol S.A.S",70,entregado,"2024-09-05 15:00:53","2024-09-18 15:00:53","FAC-000163"
164,39,"Condón Vive Placer Real x3","Condones",8,"Distribuidora Íntima de Colombia S.A.S",47,en proceso,"2025-06-05 19:46:45","2025-06-13 19:46:45",""
165,10,"Azitromicina 500mg x3","Antibiótico",5,"Genfar S.A - Grupo Sanofi",97,entregado,"2024-02-07 11:23:29","2024-02-17 11:23:29","FAC-000165"
166,19,"Complejo B x30","Vitaminas y suplementos",6,"Tecnoquímicas S.A",40,entregado,"2023-11-02 01:34:04","2023-11-06 01:34:04","FAC-000166"
167,47,"Lubricante Prudence Aqua 60ml","Lubricantes",9,"Laboratorios Siegfried Colombia S.A",77,entregado,"2024-06-09 15:20:37","2024-06-16 15:20:37","FAC-000167"
168,40,"Condón Protex x12","Condones",8,"Distribuidora Íntima de Colombia S.A.S",77,entregado,"2025-11-26 17:40:26","2025-12-01 17:40:26","FAC-000168"
169,18,"Vitamina D3 2000UI x30","Vitaminas y suplementos",6,"Tecnoquímicas S.A",47,entregado,"2023-01-15 03:36:20","2023-01-20 03:36:20","FAC-000169"
170,42,"Lubricante Íntimo KY 75ml","Lubricantes",9,"Laboratorios Siegfried Colombia S.A",42,entregado,"2024-10-07 13:13:00","2024-10-11 13:13:00","FAC-000170"
171,7,"Tramadol 50mg x10","Analgésico",4,"Laboratorios Lafrancol S.A.S",22,en proceso,"2023-10-14 23:53:49","2023-10-19 23:53:49",""
172,26,"Shampoo anticaspa 400ml","Cuidado personal",7,"Bayer S.A Colombia",97,entregado,"2025-03-05 07:53:12","2025-03-20 07:53:12","FAC-000172"
173,48,"Lubricante Control Aqua 75ml","Lubricantes",9,"Laboratorios Siegfried Colombia S.A",91,entregado,"2023-08-05 07:16:42","2023-08-09 07:16:42","FAC-000173"
174,20,"Omega 3 1000mg x30","Vitaminas y suplementos",6,"Tecnoquímicas S.A",18,aceptado,"2025-08-20 12:24:42","",""
175,34,"Condón Durex Extra Fino x3","Condones",8,"Distribuidora Íntima de Colombia S.A.S",11,entregado,"2025-06-09 23:29:52","2025-06-13 23:29:52","FAC-000175"
176,45,"Lubricante Yes OB Natural 80ml","Lubricantes",9,"Laboratorios Siegfried Colombia S.A",22,entregado,"2023-09-20 19:58:22","2023-10-04 19:58:22","FAC-000176"
177,31,"Desodorante roll-on 50ml","Cuidado personal",7,"Bayer S.A Colombia",94,entregado,"2024-07-29 00:59:18","2024-08-04 00:59:18","FAC-000177"
178,3,"Naproxeno 500mg x10","Analgésico",4,"Laboratorios Lafrancol S.A.S",33,entregado,"2025-08-20 16:59:50","2025-09-01 16:59:50","FAC-000178"
179,1,"Acetaminofén 500mg x10","Analgésico",4,"Laboratorios Lafrancol S.A.S",22,aceptado,"2024-05-10 15:26:41","",""
180,10,"Azitromicina 500mg x3","Antibiótico",5,"Genfar S.A - Grupo Sanofi",74,en proceso,"2023-11-07 01:40:02","2023-11-18 01:40:02",""
181,18,"Vitamina D3 2000UI x30","Vitaminas y suplementos",6,"Tecnoquímicas S.A",59,en proceso,"2023-12-04 02:19:14","2023-12-11 02:19:14",""
182,22,"Zinc 50mg x30","Vitaminas y suplementos",6,"Tecnoquímicas S.A",96,en proceso,"2025-09-29 14:51:29","2025-10-18 14:51:29",""
183,18,"Vitamina D3 2000UI x30","Vitaminas y suplementos",6,"Tecnoquímicas S.A",59,entregado,"2025-08-08 16:02:16","2025-08-21 16:02:16","FAC-000183"
184,9,"Amoxicilina 500mg x21","Antibiótico",5,"Genfar S.A - Grupo Sanofi",28,en proceso,"2023-07-20 12:09:23","2023-08-05 12:09:23",""
185,34,"Condón Durex Extra Fino x3","Condones",8,"Distribuidora Íntima de Colombia S.A.S",41,aceptado,"2024-12-14 10:02:01","",""
186,14,"Claritromicina 500mg x14","Antibiótico",5,"Genfar S.A - Grupo Sanofi",47,en proceso,"2024-05-22 16:13:29","2024-06-07 16:13:29",""
187,29,"Hilo dental 50m","Cuidado personal",7,"Bayer S.A Colombia",96,entregado,"2025-09-19 19:44:22","2025-09-22 19:44:22","FAC-000187"
188,36,"Condón Prudence Fresa x3","Condones",8,"Distribuidora Íntima de Colombia S.A.S",66,entregado,"2024-01-08 23:23:20","2024-01-22 23:23:20","FAC-000188"
189,10,"Azitromicina 500mg x3","Antibiótico",5,"Genfar S.A - Grupo Sanofi",56,entregado,"2023-04-01 15:57:19","2023-04-15 15:57:19","FAC-000189"
190,43,"Lubricante Pjur Original 30ml","Lubricantes",9,"Laboratorios Siegfried Colombia S.A",77,entregado,"2025-01-19 22:47:27","2025-01-31 22:47:27","FAC-000190"
191,11,"Ciprofloxacino 500mg x10","Antibiótico",5,"Genfar S.A - Grupo Sanofi",39,entregado,"2025-08-01 08:56:09","2025-08-10 08:56:09","FAC-000191"
192,32,"Gel antibacterial 500ml","Cuidado personal",7,"Bayer S.A Colombia",65,entregado,"2025-03-27 17:15:29","2025-04-08 17:15:29","FAC-000192"
193,36,"Condón Prudence Fresa x3","Condones",8,"Distribuidora Íntima de Colombia S.A.S",50,entregado,"2023-09-30 21:25:48","2023-10-11 21:25:48","FAC-000193"
194,22,"Zinc 50mg x30","Vitaminas y suplementos",6,"Tecnoquímicas S.A",96,aceptado,"2023-07-30 05:55:52","",""
195,33,"Condón Durex Natural x3","Condones",8,"Distribuidora Íntima de Colombia S.A.S",49,entregado,"2023-04-14 22:40:28","2023-04-24 22:40:28","FAC-000195"
196,10,"Azitromicina 500mg x3","Antibiótico",5,"Genfar S.A - Grupo Sanofi",86,aceptado,"2023-08-23 21:42:37","",""
197,22,"Zinc 50mg x30","Vitaminas y suplementos",6,"Tecnoquímicas S.A",53,en proceso,"2023-12-29 07:29:24","2024-01-14 07:29:24",""
198,27,"Crema hidratante facial 50ml","Cuidado personal",7,"Bayer S.A Colombia",31,en proceso,"2023-01-07 14:57:41","2023-01-20 14:57:41",""
199,10,"Azitromicina 500mg x3","Antibiótico",5,"Genfar S.A - Grupo Sanofi",55,entregado,"2024-02-11 20:03:52","2024-02-22 20:03:52","FAC-000199"
200,48,"Lubricante Control Aqua 75ml","Lubricantes",9,"Laboratorios Siegfried Colombia S.A",43,entregado,"2025-11-21 03:15:42","2025-12-02 03:15:42","FAC-000200"
201,3,"Naproxeno 500mg x10","Analgésico",4,"Laboratorios Lafrancol S.A.S",25,en proceso,"2024-04-18 08:03:16","2024-04-27 08:03:16",""
202,44,"Lubricante Nuei Delay 100ml","Lubricantes",9,"Laboratorios Siegfried Colombia S.A",95,entregado,"2023-02-02 11:59:11","2023-02-06 11:59:11","FAC-000202"
203,30,"Crema dental blanqueadora 75ml","Cuidado personal",7,"Bayer S.A Colombia",62,aceptado,"2023-07-02 20:09:54","",""
204,38,"Condón Lifestyles Ultra x12","Condones",8,"Distribuidora Íntima de Colombia S.A.S",28,aceptado,"2024-01-18 20:07:30","",""
205,9,"Amoxicilina 500mg x21","Antibiótico",5,"Genfar S.A - Grupo Sanofi",64,entregado,"2025-03-15 12:53:46","2025-03-27 12:53:46","FAC-000205"
206,11,"Ciprofloxacino 500mg x10","Antibiótico",5,"Genfar S.A - Grupo Sanofi",88,entregado,"2024-10-12 01:40:42","2024-10-26 01:40:42","FAC-000206"
207,28,"Jabón antibacterial 250ml","Cuidado personal",7,"Bayer S.A Colombia",92,entregado,"2023-02-19 05:49:54","2023-03-03 05:49:54","FAC-000207"
208,41,"Lubricante Durex Play 50ml","Lubricantes",9,"Laboratorios Siegfried Colombia S.A",24,aceptado,"2024-11-20 19:33:41","",""
209,38,"Condón Lifestyles Ultra x12","Condones",8,"Distribuidora Íntima de Colombia S.A.S",47,entregado,"2024-01-08 18:22:32","2024-01-16 18:22:32","FAC-000209"
210,32,"Gel antibacterial 500ml","Cuidado personal",7,"Bayer S.A Colombia",12,entregado,"2024-08-18 22:29:59","2024-08-31 22:29:59","FAC-000210"
211,1,"Acetaminofén 500mg x10","Analgésico",4,"Laboratorios Lafrancol S.A.S",18,entregado,"2023-10-28 07:22:49","2023-11-02 07:22:49","FAC-000211"
212,22,"Zinc 50mg x30","Vitaminas y suplementos",6,"Tecnoquímicas S.A",41,entregado,"2025-12-01 04:33:54","2025-12-07 04:33:54","FAC-000212"
213,26,"Shampoo anticaspa 400ml","Cuidado personal",7,"Bayer S.A Colombia",26,entregado,"2023-02-23 00:57:20","2023-03-02 00:57:20","FAC-000213"
214,9,"Amoxicilina 500mg x21","Antibiótico",5,"Genfar S.A - Grupo Sanofi",35,en proceso,"2023-11-07 21:41:18","2023-11-22 21:41:18",""
215,7,"Tramadol 50mg x10","Analgésico",4,"Laboratorios Lafrancol S.A.S",29,entregado,"2025-09-07 04:48:14","2025-09-18 04:48:14","FAC-000215"
216,43,"Lubricante Pjur Original 30ml","Lubricantes",9,"Laboratorios Siegfried Colombia S.A",63,entregado,"2024-12-06 13:05:01","2024-12-11 13:05:01","FAC-000216"
217,14,"Claritromicina 500mg x14","Antibiótico",5,"Genfar S.A - Grupo Sanofi",68,aceptado,"2025-06-17 21:33:02","",""
218,31,"Desodorante roll-on 50ml","Cuidado personal",7,"Bayer S.A Colombia",30,entregado,"2023-10-18 12:54:09","2023-10-27 12:54:09","FAC-000218"
219,26,"Shampoo anticaspa 400ml","Cuidado personal",7,"Bayer S.A Colombia",91,entregado,"2024-10-29 21:19:25","2024-11-13 21:19:25","FAC-000219"
220,47,"Lubricante Prudence Aqua 60ml","Lubricantes",9,"Laboratorios Siegfried Colombia S.A",37,entregado,"2024-02-18 05:02:10","2024-02-27 05:02:10","FAC-000220"
221,5,"Diclofenaco 50mg x10","Analgésico",4,"Laboratorios Lafrancol S.A.S",59,entregado,"2024-05-23 21:31:41","2024-05-27 21:31:41","FAC-000221"
222,29,"Hilo dental 50m","Cuidado personal",7,"Bayer S.A Colombia",86,en proceso,"2023-02-22 16:33:42","2023-03-04 16:33:42",""
223,30,"Crema dental blanqueadora 75ml","Cuidado personal",7,"Bayer S.A Colombia",86,aceptado,"2025-04-03 19:59:01","",""
224,38,"Condón Lifestyles Ultra x12","Condones",8,"Distribuidora Íntima de Colombia S.A.S",33,en proceso,"2025-03-25 18:27:21","2025-04-08 18:27:21",""
225,9,"Amoxicilina 500mg x21","Antibiótico",5,"Genfar S.A - Grupo Sanofi",47,entregado,"2024-07-12 23:42:37","2024-07-27 23:42:37","FAC-000225"
226,48,"Lubricante Control Aqua 75ml","Lubricantes",9,"Laboratorios Siegfried Colombia S.A",75,entregado,"2025-02-07 09:03:45","2025-02-11 09:03:45","FAC-000226"
227,8,"Ketorolaco 10mg x10","Analgésico",4,"Laboratorios Lafrancol S.A.S",64,entregado,"2023-09-11 17:12:05","2023-09-20 17:12:05","FAC-000227"
228,37,"Condón Control Retard x3","Condones",8,"Distribuidora Íntima de Colombia S.A.S",45,aceptado,"2023-11-30 01:29:33","",""
229,36,"Condón Prudence Fresa x3","Condones",8,"Distribuidora Íntima de Colombia S.A.S",72,entregado,"2023-10-05 21:04:57","2023-10-10 21:04:57","FAC-000229"
230,33,"Condón Durex Natural x3","Condones",8,"Distribuidora Íntima de Colombia S.A.S",71,en proceso,"2023-07-15 02:40:54","2023-07-21 02:40:54",""
231,43,"Lubricante Pjur Original 30ml","Lubricantes",9,"Laboratorios Siegfried Colombia S.A",76,entregado,"2024-06-04 04:47:48","2024-06-07 04:47:48","FAC-000231"
232,24,"Magnesio 400mg x60","Vitaminas y suplementos",6,"Tecnoquímicas S.A",49,en proceso,"2025-05-07 22:11:47","2025-05-15 22:11:47",""
233,46,"Lubricante Vive Sensitivo 50ml","Lubricantes",9,"Laboratorios Siegfried Colombia S.A",23,entregado,"2025-01-17 05:47:41","2025-01-22 05:47:41","FAC-000233"
234,32,"Gel antibacterial 500ml","Cuidado personal",7,"Bayer S.A Colombia",100,entregado,"2023-09-05 03:59:10","2023-09-12 03:59:10","FAC-000234"
235,4,"Aspirina 100mg x10","Analgésico",4,"Laboratorios Lafrancol S.A.S",65,entregado,"2024-09-08 08:46:55","2024-09-13 08:46:55","FAC-000235"
236,39,"Condón Vive Placer Real x3","Condones",8,"Distribuidora Íntima de Colombia S.A.S",32,aceptado,"2024-07-02 21:26:04","",""
237,40,"Condón Protex x12","Condones",8,"Distribuidora Íntima de Colombia S.A.S",32,aceptado,"2025-02-03 05:55:26","",""
238,13,"Clindamicina 300mg x16","Antibiótico",5,"Genfar S.A - Grupo Sanofi",73,entregado,"2023-01-09 23:50:48","2023-01-17 23:50:48","FAC-000238"
239,46,"Lubricante Vive Sensitivo 50ml","Lubricantes",9,"Laboratorios Siegfried Colombia S.A",75,entregado,"2025-02-16 06:40:08","2025-02-24 06:40:08","FAC-000239"
240,16,"Doxiciclina 100mg x10","Antibiótico",5,"Genfar S.A - Grupo Sanofi",34,entregado,"2023-07-18 09:56:19","2023-07-28 09:56:19","FAC-000240"
241,28,"Jabón antibacterial 250ml","Cuidado personal",7,"Bayer S.A Colombia",89,en proceso,"2025-06-18 09:58:40","2025-06-24 09:58:40",""
242,22,"Zinc 50mg x30","Vitaminas y suplementos",6,"Tecnoquímicas S.A",95,entregado,"2024-10-17 08:12:04","2024-10-20 08:12:04","FAC-000242"
243,4,"Aspirina 100mg x10","Analgésico",4,"Laboratorios Lafrancol S.A.S",30,entregado,"2024-07-25 07:31:01","2024-08-05 07:31:01","FAC-000243"
244,38,"Condón Lifestyles Ultra x12","Condones",8,"Distribuidora Íntima de Colombia S.A.S",84,entregado,"2024-06-18 03:41:32","2024-06-21 03:41:32","FAC-000244"
245,42,"Lubricante Íntimo KY 75ml","Lubricantes",9,"Laboratorios Siegfried Colombia S.A",27,entregado,"2024-07-21 22:15:25","2024-07-31 22:15:25","FAC-000245"
246,40,"Condón Protex x12","Condones",8,"Distribuidora Íntima de Colombia S.A.S",11,entregado,"2024-12-13 07:40:44","2024-12-26 07:40:44","FAC-000246"
247,38,"Condón Lifestyles Ultra x12","Condones",8,"Distribuidora Íntima de Colombia S.A.S",54,entregado,"2024-09-02 20:03:30","2024-09-15 20:03:30","FAC-000247"
248,11,"Ciprofloxacino 500mg x10","Antibiótico",5,"Genfar S.A - Grupo Sanofi",92,aceptado,"2023-03-17 10:41:10","",""
249,9,"Amoxicilina 500mg x21","Antibiótico",5,"Genfar S.A - Grupo Sanofi",42,entregado,"2025-04-05 16:14:16","2025-04-12 16:14:16","FAC-000249"
250,39,"Condón Vive Placer Real x3","Condones",8,"Distribuidora Íntima de Colombia S.A.S",69,entregado,"2023-09-10 06:59:56","2023-09-19 06:59:56","FAC-000250"
251,23,"Hierro + Ácido Fólico x30","Vitaminas y suplementos",6,"Tecnoquímicas S.A",66,entregado,"2023-08-12 12:06:17","2023-08-27 12:06:17","FAC-000251"
252,31,"Desodorante roll-on 50ml","Cuidado personal",7,"Bayer S.A Colombia",45,entregado,"2024-05-22 07:47:07","2024-05-29 07:47:07","FAC-000252"
253,46,"Lubricante Vive Sensitivo 50ml","Lubricantes",9,"Laboratorios Siegfried Colombia S.A",39,en proceso,"2025-10-31 12:29:25","2025-11-07 12:29:25",""
254,44,"Lubricante Nuei Delay 100ml","Lubricantes",9,"Laboratorios Siegfried Colombia S.A",47,entregado,"2023-06-06 23:48:37","2023-06-14 23:48:37","FAC-000254"
255,22,"Zinc 50mg x30","Vitaminas y suplementos",6,"Tecnoquímicas S.A",71,aceptado,"2023-05-06 03:20:41","",""
256,39,"Condón Vive Placer Real x3","Condones",8,"Distribuidora Íntima de Colombia S.A.S",69,entregado,"2024-05-24 19:14:41","2024-06-08 19:14:41","FAC-000256"
257,11,"Ciprofloxacino 500mg x10","Antibiótico",5,"Genfar S.A - Grupo Sanofi",19,entregado,"2024-11-12 11:54:55","2024-11-25 11:54:55","FAC-000257"
258,19,"Complejo B x30","Vitaminas y suplementos",6,"Tecnoquímicas S.A",95,entregado,"2025-06-27 03:12:44","2025-07-09 03:12:44","FAC-000258"
259,42,"Lubricante Íntimo KY 75ml","Lubricantes",9,"Laboratorios Siegfried Colombia S.A",25,entregado,"2025-08-26 14:42:15","2025-09-02 14:42:15","FAC-000259"
260,8,"Ketorolaco 10mg x10","Analgésico",4,"Laboratorios Lafrancol S.A.S",33,entregado,"2025-09-24 00:52:53","2025-10-07 00:52:53","FAC-000260"
261,40,"Condón Protex x12","Condones",8,"Distribuidora Íntima de Colombia S.A.S",98,entregado,"2025-02-15 08:08:21","2025-02-24 08:08:21","FAC-000261"
262,17,"Vitamina C 1000mg x30","Vitaminas y suplementos",6,"Tecnoquímicas S.A",31,en proceso,"2025-06-15 23:01:31","2025-06-29 23:01:31",""
263,45,"Lubricante Yes OB Natural 80ml","Lubricantes",9,"Laboratorios Siegfried Colombia S.A",69,en proceso,"2025-07-31 20:07:45","2025-08-11 20:07:45",""
264,32,"Gel antibacterial 500ml","Cuidado personal",7,"Bayer S.A Colombia",99,entregado,"2023-12-04 07:53:53","2023-12-14 07:53:53","FAC-000264"
265,11,"Ciprofloxacino 500mg x10","Antibiótico",5,"Genfar S.A - Grupo Sanofi",19,entregado,"2025-06-25 10:37:08","2025-07-05 10:37:08","FAC-000265"
266,32,"Gel antibacterial 500ml","Cuidado personal",7,"Bayer S.A Colombia",90,entregado,"2023-03-09 06:52:09","2023-03-23 06:52:09","FAC-000266"
267,48,"Lubricante Control Aqua 75ml","Lubricantes",9,"Laboratorios Siegfried Colombia S.A",46,entregado,"2023-01-02 06:21:52","2023-01-16 06:21:52","FAC-000267"
268,19,"Complejo B x30","Vitaminas y suplementos",6,"Tecnoquímicas S.A",84,entregado,"2025-08-21 00:22:09","2025-08-25 00:22:09","FAC-000268"
269,33,"Condón Durex Natural x3","Condones",8,"Distribuidora Íntima de Colombia S.A.S",98,entregado,"2024-08-09 14:20:49","2024-08-21 14:20:49","FAC-000269"
270,44,"Lubricante Nuei Delay 100ml","Lubricantes",9,"Laboratorios Siegfried Colombia S.A",60,entregado,"2024-12-27 11:53:11","2025-01-01 11:53:11","FAC-000270"
271,42,"Lubricante Íntimo KY 75ml","Lubricantes",9,"Laboratorios Siegfried Colombia S.A",65,entregado,"2024-09-04 23:05:12","2024-09-16 23:05:12","FAC-000271"
272,23,"Hierro + Ácido Fólico x30","Vitaminas y suplementos",6,"Tecnoquímicas S.A",82,entregado,"2024-01-05 17:01:41","2024-01-08 17:01:41","FAC-000272"
273,14,"Claritromicina 500mg x14","Antibiótico",5,"Genfar S.A - Grupo Sanofi",75,entregado,"2025-10-09 07:04:48","2025-10-24 07:04:48","FAC-000273"
274,41,"Lubricante Durex Play 50ml","Lubricantes",9,"Laboratorios Siegfried Colombia S.A",28,en proceso,"2023-10-24 18:50:31","2023-11-08 18:50:31",""
275,2,"Ibuprofeno 400mg x10","Analgésico",4,"Laboratorios Lafrancol S.A.S",32,en proceso,"2025-08-05 03:47:41","2025-08-11 03:47:41",""
276,12,"Metronidazol 500mg x14","Antibiótico",5,"Genfar S.A - Grupo Sanofi",77,entregado,"2025-10-14 09:38:16","2025-10-29 09:38:16","FAC-000276"
277,8,"Ketorolaco 10mg x10","Analgésico",4,"Laboratorios Lafrancol S.A.S",39,entregado,"2025-06-10 11:15:07","2025-06-24 11:15:07","FAC-000277"
278,8,"Ketorolaco 10mg x10","Analgésico",4,"Laboratorios Lafrancol S.A.S",90,entregado,"2023-04-11 03:59:36","2023-04-20 03:59:36","FAC-000278"
279,42,"Lubricante Íntimo KY 75ml","Lubricantes",9,"Laboratorios Siegfried Colombia S.A",64,entregado,"2025-01-30 00:45:44","2025-02-11 00:45:44","FAC-000279"
280,26,"Shampoo anticaspa 400ml","Cuidado personal",7,"Bayer S.A Colombia",100,entregado,"2023-11-17 10:21:14","2023-11-25 10:21:14","FAC-000280"
281,11,"Ciprofloxacino 500mg x10","Antibiótico",5,"Genfar S.A - Grupo Sanofi",67,entregado,"2023-09-05 10:11:58","2023-09-16 10:11:58","FAC-000281"
282,41,"Lubricante Durex Play 50ml","Lubricantes",9,"Laboratorios Siegfried Colombia S.A",24,en proceso,"2024-04-27 10:38:12","2024-05-16 10:38:12",""
283,6,"Meloxicam 15mg x10","Analgésico",4,"Laboratorios Lafrancol S.A.S",82,en proceso,"2023-03-07 23:23:25","2023-03-17 23:23:25",""
284,20,"Omega 3 1000mg x30","Vitaminas y suplementos",6,"Tecnoquímicas S.A",45,en proceso,"2023-08-17 14:16:45","2023-08-27 14:16:45",""
285,2,"Ibuprofeno 400mg x10","Analgésico",4,"Laboratorios Lafrancol S.A.S",60,aceptado,"2024-05-13 17:24:04","",""
286,25,"Protector solar SPF 50 50ml","Cuidado personal",7,"Bayer S.A Colombia",85,entregado,"2024-09-15 15:20:32","2024-09-20 15:20:32","FAC-000286"
287,14,"Claritromicina 500mg x14","Antibiótico",5,"Genfar S.A - Grupo Sanofi",17,aceptado,"2025-11-15 01:56:19","",""
288,27,"Crema hidratante facial 50ml","Cuidado personal",7,"Bayer S.A Colombia",94,entregado,"2024-02-25 08:15:26","2024-03-01 08:15:26","FAC-000288"
289,19,"Complejo B x30","Vitaminas y suplementos",6,"Tecnoquímicas S.A",37,entregado,"2025-04-30 09:51:59","2025-05-14 09:51:59","FAC-000289"
290,32,"Gel antibacterial 500ml","Cuidado personal",7,"Bayer S.A Colombia",52,entregado,"2024-05-28 11:52:59","2024-06-01 11:52:59","FAC-000290"
291,41,"Lubricante Durex Play 50ml","Lubricantes",9,"Laboratorios Siegfried Colombia S.A",97,entregado,"2023-06-13 07:35:21","2023-06-28 07:35:21","FAC-000291"
292,35,"Condón Condomi Ultra x12","Condones",8,"Distribuidora Íntima de Colombia S.A.S",25,entregado,"2023-01-16 04:52:49","2023-01-21 04:52:49","FAC-000292"
293,8,"Ketorolaco 10mg x10","Analgésico",4,"Laboratorios Lafrancol S.A.S",45,entregado,"2024-01-13 05:10:22","2024-01-19 05:10:22","FAC-000293"
294,42,"Lubricante Íntimo KY 75ml","Lubricantes",9,"Laboratorios Siegfried Colombia S.A",67,en proceso,"2024-04-25 22:23:46","2024-05-08 22:23:46",""
295,22,"Zinc 50mg x30","Vitaminas y suplementos",6,"Tecnoquímicas S.A",87,entregado,"2024-04-09 00:26:21","2024-04-16 00:26:21","FAC-000295"
296,32,"Gel antibacterial 500ml","Cuidado personal",7,"Bayer S.A Colombia",21,entregado,"2023-03-23 02:25:36","2023-03-27 02:25:36","FAC-000296"
297,20,"Omega 3 1000mg x30","Vitaminas y suplementos",6,"Tecnoquímicas S.A",34,en proceso,"2025-03-09 20:20:05","2025-03-17 20:20:05",""
298,5,"Diclofenaco 50mg x10","Analgésico",4,"Laboratorios Lafrancol S.A.S",89,entregado,"2025-10-06 21:08:42","2025-10-13 21:08:42","FAC-000298"
299,34,"Condón Durex Extra Fino x3","Condones",8,"Distribuidora Íntima de Colombia S.A.S",38,entregado,"2023-08-08 01:33:57","2023-08-18 01:33:57","FAC-000299"
300,40,"Condón Protex x12","Condones",8,"Distribuidora Íntima de Colombia S.A.S",41,entregado,"2024-03-04 13:58:15","2024-03-09 13:58:15","FAC-000300"
301,15,"Cefalexina 500mg x20","Antibiótico",5,"Genfar S.A - Grupo Sanofi",18,en proceso,"2024-04-21 11:41:26","2024-04-30 11:41:26",""
302,3,"Naproxeno 500mg x10","Analgésico",4,"Laboratorios Lafrancol S.A.S",12,entregado,"2023-05-16 00:03:40","2023-05-21 00:03:40","FAC-000302"
303,13,"Clindamicina 300mg x16","Antibiótico",5,"Genfar S.A - Grupo Sanofi",54,entregado,"2023-02-14 12:42:09","2023-02-27 12:42:09","FAC-000303"
304,44,"Lubricante Nuei Delay 100ml","Lubricantes",9,"Laboratorios Siegfried Colombia S.A",55,entregado,"2025-03-17 14:31:17","2025-03-21 14:31:17","FAC-000304"
305,10,"Azitromicina 500mg x3","Antibiótico",5,"Genfar S.A - Grupo Sanofi",74,entregado,"2023-06-20 14:38:45","2023-06-27 14:38:45","FAC-000305"
306,14,"Claritromicina 500mg x14","Antibiótico",5,"Genfar S.A - Grupo Sanofi",83,entregado,"2024-11-17 10:53:05","2024-11-26 10:53:05","FAC-000306"
307,35,"Condón Condomi Ultra x12","Condones",8,"Distribuidora Íntima de Colombia S.A.S",89,en proceso,"2025-04-13 00:54:12","2025-04-19 00:54:12",""
308,12,"Metronidazol 500mg x14","Antibiótico",5,"Genfar S.A - Grupo Sanofi",19,en proceso,"2023-12-23 20:19:44","2024-01-11 20:19:44",""
309,12,"Metronidazol 500mg x14","Antibiótico",5,"Genfar S.A - Grupo Sanofi",69,en proceso,"2025-10-14 18:15:08","2025-10-20 18:15:08",""
310,1,"Acetaminofén 500mg x10","Analgésico",4,"Laboratorios Lafrancol S.A.S",41,en proceso,"2023-05-28 01:18:17","2023-06-03 01:18:17",""
311,23,"Hierro + Ácido Fólico x30","Vitaminas y suplementos",6,"Tecnoquímicas S.A",14,aceptado,"2025-10-05 07:11:54","",""
312,26,"Shampoo anticaspa 400ml","Cuidado personal",7,"Bayer S.A Colombia",50,en proceso,"2025-07-18 09:48:55","2025-07-23 09:48:55",""
313,37,"Condón Control Retard x3","Condones",8,"Distribuidora Íntima de Colombia S.A.S",66,en proceso,"2024-07-07 15:07:58","2024-07-22 15:07:58",""
314,30,"Crema dental blanqueadora 75ml","Cuidado personal",7,"Bayer S.A Colombia",83,entregado,"2025-05-26 21:19:57","2025-06-01 21:19:57","FAC-000314"
315,22,"Zinc 50mg x30","Vitaminas y suplementos",6,"Tecnoquímicas S.A",61,aceptado,"2023-10-05 13:46:57","",""
316,15,"Cefalexina 500mg x20","Antibiótico",5,"Genfar S.A - Grupo Sanofi",25,entregado,"2024-06-23 10:41:47","2024-07-08 10:41:47","FAC-000316"
317,2,"Ibuprofeno 400mg x10","Analgésico",4,"Laboratorios Lafrancol S.A.S",78,entregado,"2025-03-25 01:35:29","2025-03-31 01:35:29","FAC-000317"
318,34,"Condón Durex Extra Fino x3","Condones",8,"Distribuidora Íntima de Colombia S.A.S",90,en proceso,"2024-05-24 13:05:59","2024-06-02 13:05:59",""
319,45,"Lubricante Yes OB Natural 80ml","Lubricantes",9,"Laboratorios Siegfried Colombia S.A",94,entregado,"2025-01-21 15:06:11","2025-02-01 15:06:11","FAC-000319"
320,1,"Acetaminofén 500mg x10","Analgésico",4,"Laboratorios Lafrancol S.A.S",21,entregado,"2024-07-08 11:52:46","2024-07-12 11:52:46","FAC-000320"
321,5,"Diclofenaco 50mg x10","Analgésico",4,"Laboratorios Lafrancol S.A.S",91,entregado,"2024-03-11 23:52:31","2024-03-25 23:52:31","FAC-000321"
322,2,"Ibuprofeno 400mg x10","Analgésico",4,"Laboratorios Lafrancol S.A.S",82,entregado,"2025-06-23 14:18:32","2025-06-26 14:18:32","FAC-000322"
323,42,"Lubricante Íntimo KY 75ml","Lubricantes",9,"Laboratorios Siegfried Colombia S.A",78,en proceso,"2025-08-29 19:58:39","2025-09-03 19:58:39",""
324,39,"Condón Vive Placer Real x3","Condones",8,"Distribuidora Íntima de Colombia S.A.S",10,en proceso,"2025-10-19 02:03:02","2025-11-01 02:03:02",""
325,13,"Clindamicina 300mg x16","Antibiótico",5,"Genfar S.A - Grupo Sanofi",67,entregado,"2023-06-29 06:31:44","2023-07-14 06:31:44","FAC-000325"
326,4,"Aspirina 100mg x10","Analgésico",4,"Laboratorios Lafrancol S.A.S",69,en proceso,"2023-02-23 02:24:01","2023-03-10 02:24:01",""
327,2,"Ibuprofeno 400mg x10","Analgésico",4,"Laboratorios Lafrancol S.A.S",77,entregado,"2023-11-12 04:55:57","2023-11-18 04:55:57","FAC-000327"
328,19,"Complejo B x30","Vitaminas y suplementos",6,"Tecnoquímicas S.A",97,en proceso,"2024-10-23 05:23:14","2024-11-07 05:23:14",""
329,39,"Condón Vive Placer Real x3","Condones",8,"Distribuidora Íntima de Colombia S.A.S",98,entregado,"2024-11-28 06:36:36","2024-12-12 06:36:36","FAC-000329"
330,48,"Lubricante Control Aqua 75ml","Lubricantes",9,"Laboratorios Siegfried Colombia S.A",21,aceptado,"2024-06-04 21:52:04","",""
331,47,"Lubricante Prudence Aqua 60ml","Lubricantes",9,"Laboratorios Siegfried Colombia S.A",63,en proceso,"2025-10-20 14:21:18","2025-10-30 14:21:18",""
332,21,"Calcio + Vitamina D x60","Vitaminas y suplementos",6,"Tecnoquímicas S.A",29,en proceso,"2025-04-18 17:23:54","2025-05-05 17:23:54",""
333,44,"Lubricante Nuei Delay 100ml","Lubricantes",9,"Laboratorios Siegfried Colombia S.A",26,entregado,"2025-12-28 11:41:33","2026-01-03 11:41:33","FAC-000333"
334,29,"Hilo dental 50m","Cuidado personal",7,"Bayer S.A Colombia",47,en proceso,"2024-12-16 07:55:05","2025-01-01 07:55:05",""
335,7,"Tramadol 50mg x10","Analgésico",4,"Laboratorios Lafrancol S.A.S",37,entregado,"2023-05-12 17:59:18","2023-05-20 17:59:18","FAC-000335"
336,18,"Vitamina D3 2000UI x30","Vitaminas y suplementos",6,"Tecnoquímicas S.A",99,entregado,"2023-03-01 07:38:18","2023-03-07 07:38:18","FAC-000336"
337,42,"Lubricante Íntimo KY 75ml","Lubricantes",9,"Laboratorios Siegfried Colombia S.A",37,entregado,"2024-12-18 19:25:47","2024-12-23 19:25:47","FAC-000337"
338,22,"Zinc 50mg x30","Vitaminas y suplementos",6,"Tecnoquímicas S.A",100,entregado,"2024-03-25 09:57:18","2024-04-06 09:57:18","FAC-000338"
339,17,"Vitamina C 1000mg x30","Vitaminas y suplementos",6,"Tecnoquímicas S.A",42,entregado,"2023-11-02 03:39:49","2023-11-09 03:39:49","FAC-000339"
340,7,"Tramadol 50mg x10","Analgésico",4,"Laboratorios Lafrancol S.A.S",63,aceptado,"2025-12-27 23:50:05","",""
341,33,"Condón Durex Natural x3","Condones",8,"Distribuidora Íntima de Colombia S.A.S",48,entregado,"2025-11-07 00:34:51","2025-11-15 00:34:51","FAC-000341"
342,22,"Zinc 50mg x30","Vitaminas y suplementos",6,"Tecnoquímicas S.A",55,aceptado,"2023-05-03 15:28:36","",""
343,1,"Acetaminofén 500mg x10","Analgésico",4,"Laboratorios Lafrancol S.A.S",65,en proceso,"2023-02-10 14:24:41","2023-02-27 14:24:41",""
344,6,"Meloxicam 15mg x10","Analgésico",4,"Laboratorios Lafrancol S.A.S",63,entregado,"2024-07-21 20:59:46","2024-07-30 20:59:46","FAC-000344"
345,23,"Hierro + Ácido Fólico x30","Vitaminas y suplementos",6,"Tecnoquímicas S.A",85,entregado,"2024-10-13 07:56:36","2024-10-18 07:56:36","FAC-000345"
346,2,"Ibuprofeno 400mg x10","Analgésico",4,"Laboratorios Lafrancol S.A.S",25,entregado,"2023-02-07 07:20:34","2023-02-19 07:20:34","FAC-000346"
347,21,"Calcio + Vitamina D x60","Vitaminas y suplementos",6,"Tecnoquímicas S.A",84,aceptado,"2025-11-05 23:21:07","",""
348,29,"Hilo dental 50m","Cuidado personal",7,"Bayer S.A Colombia",59,entregado,"2023-01-09 15:48:37","2023-01-19 15:48:37","FAC-000348"
349,4,"Aspirina 100mg x10","Analgésico",4,"Laboratorios Lafrancol S.A.S",96,en proceso,"2023-04-03 00:58:26","2023-04-21 00:58:26",""
350,21,"Calcio + Vitamina D x60","Vitaminas y suplementos",6,"Tecnoquímicas S.A",32,entregado,"2023-10-15 23:19:00","2023-10-22 23:19:00","FAC-000350"
351,6,"Meloxicam 15mg x10","Analgésico",4,"Laboratorios Lafrancol S.A.S",85,entregado,"2024-05-22 20:24:44","2024-06-02 20:24:44","FAC-000351"
352,35,"Condón Condomi Ultra x12","Condones",8,"Distribuidora Íntima de Colombia S.A.S",95,entregado,"2025-09-10 23:20:34","2025-09-20 23:20:34","FAC-000352"
353,38,"Condón Lifestyles Ultra x12","Condones",8,"Distribuidora Íntima de Colombia S.A.S",59,en proceso,"2024-04-08 03:33:08","2024-04-18 03:33:08",""
354,35,"Condón Condomi Ultra x12","Condones",8,"Distribuidora Íntima de Colombia S.A.S",60,entregado,"2025-01-03 16:15:07","2025-01-10 16:15:07","FAC-000354"
355,30,"Crema dental blanqueadora 75ml","Cuidado personal",7,"Bayer S.A Colombia",30,entregado,"2023-04-11 11:16:57","2023-04-20 11:16:57","FAC-000355"
356,30,"Crema dental blanqueadora 75ml","Cuidado personal",7,"Bayer S.A Colombia",26,entregado,"2024-06-22 16:02:31","2024-07-02 16:02:31","FAC-000356"
357,29,"Hilo dental 50m","Cuidado personal",7,"Bayer S.A Colombia",69,en proceso,"2024-05-07 11:34:06","2024-05-21 11:34:06",""
358,19,"Complejo B x30","Vitaminas y suplementos",6,"Tecnoquímicas S.A",51,aceptado,"2025-06-14 06:28:38","",""
359,4,"Aspirina 100mg x10","Analgésico",4,"Laboratorios Lafrancol S.A.S",45,entregado,"2025-05-02 15:23:13","2025-05-15 15:23:13","FAC-000359"
360,37,"Condón Control Retard x3","Condones",8,"Distribuidora Íntima de Colombia S.A.S",68,entregado,"2024-05-24 16:29:09","2024-05-28 16:29:09","FAC-000360"
361,44,"Lubricante Nuei Delay 100ml","Lubricantes",9,"Laboratorios Siegfried Colombia S.A",42,entregado,"2024-11-25 11:25:28","2024-12-10 11:25:28","FAC-000361"
362,20,"Omega 3 1000mg x30","Vitaminas y suplementos",6,"Tecnoquímicas S.A",97,entregado,"2024-04-13 13:34:56","2024-04-19 13:34:56","FAC-000362"
363,21,"Calcio + Vitamina D x60","Vitaminas y suplementos",6,"Tecnoquímicas S.A",86,entregado,"2024-12-04 04:03:37","2024-12-19 04:03:37","FAC-000363"
364,38,"Condón Lifestyles Ultra x12","Condones",8,"Distribuidora Íntima de Colombia S.A.S",80,entregado,"2025-04-23 00:25:28","2025-05-03 00:25:28","FAC-000364"
365,32,"Gel antibacterial 500ml","Cuidado personal",7,"Bayer S.A Colombia",75,entregado,"2024-09-09 13:53:52","2024-09-14 13:53:52","FAC-000365"
366,36,"Condón Prudence Fresa x3","Condones",8,"Distribuidora Íntima de Colombia S.A.S",77,entregado,"2025-09-01 19:03:00","2025-09-15 19:03:00","FAC-000366"
367,21,"Calcio + Vitamina D x60","Vitaminas y suplementos",6,"Tecnoquímicas S.A",65,en proceso,"2025-02-14 10:43:23","2025-03-05 10:43:23",""
368,36,"Condón Prudence Fresa x3","Condones",8,"Distribuidora Íntima de Colombia S.A.S",98,entregado,"2023-09-24 15:37:28","2023-10-05 15:37:28","FAC-000368"
369,46,"Lubricante Vive Sensitivo 50ml","Lubricantes",9,"Laboratorios Siegfried Colombia S.A",17,entregado,"2025-04-24 20:19:04","2025-04-27 20:19:04","FAC-000369"
370,6,"Meloxicam 15mg x10","Analgésico",4,"Laboratorios Lafrancol S.A.S",62,entregado,"2024-10-20 04:49:43","2024-10-26 04:49:43","FAC-000370"
371,31,"Desodorante roll-on 50ml","Cuidado personal",7,"Bayer S.A Colombia",39,entregado,"2025-10-17 11:26:52","2025-10-29 11:26:52","FAC-000371"
372,44,"Lubricante Nuei Delay 100ml","Lubricantes",9,"Laboratorios Siegfried Colombia S.A",92,en proceso,"2024-01-03 06:02:27","2024-01-12 06:02:27",""
373,45,"Lubricante Yes OB Natural 80ml","Lubricantes",9,"Laboratorios Siegfried Colombia S.A",16,entregado,"2025-09-30 21:34:20","2025-10-05 21:34:20","FAC-000373"
374,21,"Calcio + Vitamina D x60","Vitaminas y suplementos",6,"Tecnoquímicas S.A",60,entregado,"2025-12-08 17:16:22","2025-12-12 17:16:22","FAC-000374"
375,37,"Condón Control Retard x3","Condones",8,"Distribuidora Íntima de Colombia S.A.S",48,en proceso,"2025-12-19 21:00:35","2026-01-02 21:00:35",""
376,9,"Amoxicilina 500mg x21","Antibiótico",5,"Genfar S.A - Grupo Sanofi",41,entregado,"2024-12-18 15:45:49","2024-12-28 15:45:49","FAC-000376"
377,28,"Jabón antibacterial 250ml","Cuidado personal",7,"Bayer S.A Colombia",27,entregado,"2024-11-07 11:23:30","2024-11-11 11:23:30","FAC-000377"
378,19,"Complejo B x30","Vitaminas y suplementos",6,"Tecnoquímicas S.A",69,aceptado,"2023-04-16 08:37:32","",""
379,23,"Hierro + Ácido Fólico x30","Vitaminas y suplementos",6,"Tecnoquímicas S.A",59,entregado,"2024-11-20 03:06:15","2024-11-28 03:06:15","FAC-000379"
380,28,"Jabón antibacterial 250ml","Cuidado personal",7,"Bayer S.A Colombia",100,entregado,"2024-04-16 09:48:39","2024-04-25 09:48:39","FAC-000380"
381,41,"Lubricante Durex Play 50ml","Lubricantes",9,"Laboratorios Siegfried Colombia S.A",73,en proceso,"2024-03-16 09:35:18","2024-04-03 09:35:18",""
382,48,"Lubricante Control Aqua 75ml","Lubricantes",9,"Laboratorios Siegfried Colombia S.A",54,en proceso,"2024-02-29 04:21:24","2024-03-07 04:21:24",""
383,8,"Ketorolaco 10mg x10","Analgésico",4,"Laboratorios Lafrancol S.A.S",99,aceptado,"2025-01-11 06:32:51","",""
384,16,"Doxiciclina 100mg x10","Antibiótico",5,"Genfar S.A - Grupo Sanofi",87,entregado,"2024-05-18 13:22:01","2024-05-28 13:22:01","FAC-000384"
385,10,"Azitromicina 500mg x3","Antibiótico",5,"Genfar S.A - Grupo Sanofi",40,en proceso,"2023-12-13 01:11:50","2023-12-19 01:11:50",""
386,6,"Meloxicam 15mg x10","Analgésico",4,"Laboratorios Lafrancol S.A.S",94,entregado,"2023-11-03 11:25:13","2023-11-18 11:25:13","FAC-000386"
387,35,"Condón Condomi Ultra x12","Condones",8,"Distribuidora Íntima de Colombia S.A.S",96,entregado,"2024-09-29 20:46:42","2024-10-12 20:46:42","FAC-000387"
388,31,"Desodorante roll-on 50ml","Cuidado personal",7,"Bayer S.A Colombia",87,entregado,"2024-04-01 04:40:16","2024-04-06 04:40:16","FAC-000388"
389,8,"Ketorolaco 10mg x10","Analgésico",4,"Laboratorios Lafrancol S.A.S",95,en proceso,"2025-05-06 05:14:26","2025-05-12 05:14:26",""
390,40,"Condón Protex x12","Condones",8,"Distribuidora Íntima de Colombia S.A.S",66,en proceso,"2023-07-13 16:37:41","2023-07-23 16:37:41",""
391,36,"Condón Prudence Fresa x3","Condones",8,"Distribuidora Íntima de Colombia S.A.S",90,entregado,"2023-03-11 06:38:28","2023-03-22 06:38:28","FAC-000391"
392,5,"Diclofenaco 50mg x10","Analgésico",4,"Laboratorios Lafrancol S.A.S",39,aceptado,"2024-05-24 08:42:46","",""
393,7,"Tramadol 50mg x10","Analgésico",4,"Laboratorios Lafrancol S.A.S",54,en proceso,"2024-12-03 21:37:06","2024-12-18 21:37:06",""
394,21,"Calcio + Vitamina D x60","Vitaminas y suplementos",6,"Tecnoquímicas S.A",84,en proceso,"2025-08-02 23:30:32","2025-08-20 23:30:32",""
395,19,"Complejo B x30","Vitaminas y suplementos",6,"Tecnoquímicas S.A",60,entregado,"2023-10-14 22:07:57","2023-10-26 22:07:57","FAC-000395"
396,4,"Aspirina 100mg x10","Analgésico",4,"Laboratorios Lafrancol S.A.S",13,entregado,"2023-07-30 09:09:53","2023-08-11 09:09:53","FAC-000396"
397,43,"Lubricante Pjur Original 30ml","Lubricantes",9,"Laboratorios Siegfried Colombia S.A",30,entregado,"2024-01-14 21:30:42","2024-01-19 21:30:42","FAC-000397"
398,35,"Condón Condomi Ultra x12","Condones",8,"Distribuidora Íntima de Colombia S.A.S",39,aceptado,"2025-07-08 20:06:04","",""
399,23,"Hierro + Ácido Fólico x30","Vitaminas y suplementos",6,"Tecnoquímicas S.A",88,entregado,"2023-10-22 14:51:11","2023-11-02 14:51:11","FAC-000399"
400,37,"Condón Control Retard x3","Condones",8,"Distribuidora Íntima de Colombia S.A.S",50,entregado,"2023-10-14 01:28:07","2023-10-20 01:28:07","FAC-000400"
401,44,"Lubricante Nuei Delay 100ml","Lubricantes",9,"Laboratorios Siegfried Colombia S.A",52,aceptado,"2025-10-06 17:55:48","",""
402,33,"Condón Durex Natural x3","Condones",8,"Distribuidora Íntima de Colombia S.A.S",51,entregado,"2023-10-10 10:00:27","2023-10-16 10:00:27","FAC-000402"
403,9,"Amoxicilina 500mg x21","Antibiótico",5,"Genfar S.A - Grupo Sanofi",44,en proceso,"2023-06-08 03:20:37","2023-06-19 03:20:37",""
404,17,"Vitamina C 1000mg x30","Vitaminas y suplementos",6,"Tecnoquímicas S.A",93,en proceso,"2024-12-06 03:26:57","2024-12-16 03:26:57",""
405,28,"Jabón antibacterial 250ml","Cuidado personal",7,"Bayer S.A Colombia",64,entregado,"2024-04-16 03:29:01","2024-04-25 03:29:01","FAC-000405"
406,17,"Vitamina C 1000mg x30","Vitaminas y suplementos",6,"Tecnoquímicas S.A",86,aceptado,"2025-04-05 11:12:38","",""
407,45,"Lubricante Yes OB Natural 80ml","Lubricantes",9,"Laboratorios Siegfried Colombia S.A",55,entregado,"2025-01-31 09:58:36","2025-02-05 09:58:36","FAC-000407"
408,48,"Lubricante Control Aqua 75ml","Lubricantes",9,"Laboratorios Siegfried Colombia S.A",20,en proceso,"2023-05-16 09:40:57","2023-05-24 09:40:57",""
409,6,"Meloxicam 15mg x10","Analgésico",4,"Laboratorios Lafrancol S.A.S",92,entregado,"2024-03-24 19:16:17","2024-04-02 19:16:17","FAC-000409"
410,19,"Complejo B x30","Vitaminas y suplementos",6,"Tecnoquímicas S.A",84,entregado,"2023-11-02 02:20:20","2023-11-07 02:20:20","FAC-000410"
411,11,"Ciprofloxacino 500mg x10","Antibiótico",5,"Genfar S.A - Grupo Sanofi",62,entregado,"2024-08-10 19:24:11","2024-08-21 19:24:11","FAC-000411"
412,28,"Jabón antibacterial 250ml","Cuidado personal",7,"Bayer S.A Colombia",81,aceptado,"2023-09-20 01:17:30","",""
413,40,"Condón Protex x12","Condones",8,"Distribuidora Íntima de Colombia S.A.S",29,entregado,"2025-05-01 20:15:45","2025-05-16 20:15:45","FAC-000413"
414,41,"Lubricante Durex Play 50ml","Lubricantes",9,"Laboratorios Siegfried Colombia S.A",17,entregado,"2023-11-02 19:31:14","2023-11-08 19:31:14","FAC-000414"
415,22,"Zinc 50mg x30","Vitaminas y suplementos",6,"Tecnoquímicas S.A",61,en proceso,"2025-04-10 11:32:13","2025-04-19 11:32:13",""
416,48,"Lubricante Control Aqua 75ml","Lubricantes",9,"Laboratorios Siegfried Colombia S.A",43,entregado,"2023-03-17 22:12:23","2023-03-20 22:12:23","FAC-000416"
417,46,"Lubricante Vive Sensitivo 50ml","Lubricantes",9,"Laboratorios Siegfried Colombia S.A",69,entregado,"2023-09-11 23:04:49","2023-09-21 23:04:49","FAC-000417"
418,8,"Ketorolaco 10mg x10","Analgésico",4,"Laboratorios Lafrancol S.A.S",79,entregado,"2025-09-19 12:02:54","2025-10-04 12:02:54","FAC-000418"
419,48,"Lubricante Control Aqua 75ml","Lubricantes",9,"Laboratorios Siegfried Colombia S.A",27,en proceso,"2025-03-10 03:03:55","2025-03-17 03:03:55",""
420,1,"Acetaminofén 500mg x10","Analgésico",4,"Laboratorios Lafrancol S.A.S",91,entregado,"2023-07-24 15:35:55","2023-08-02 15:35:55","FAC-000420"
421,3,"Naproxeno 500mg x10","Analgésico",4,"Laboratorios Lafrancol S.A.S",86,entregado,"2024-03-01 22:38:51","2024-03-07 22:38:51","FAC-000421"
422,10,"Azitromicina 500mg x3","Antibiótico",5,"Genfar S.A - Grupo Sanofi",47,en proceso,"2025-07-04 13:38:26","2025-07-21 13:38:26",""
423,24,"Magnesio 400mg x60","Vitaminas y suplementos",6,"Tecnoquímicas S.A",22,en proceso,"2025-11-01 09:39:59","2025-11-21 09:39:59",""
424,5,"Diclofenaco 50mg x10","Analgésico",4,"Laboratorios Lafrancol S.A.S",65,aceptado,"2023-08-02 22:20:29","",""
425,34,"Condón Durex Extra Fino x3","Condones",8,"Distribuidora Íntima de Colombia S.A.S",36,entregado,"2025-11-05 15:18:49","2025-11-17 15:18:49","FAC-000425"
426,24,"Magnesio 400mg x60","Vitaminas y suplementos",6,"Tecnoquímicas S.A",65,entregado,"2025-12-11 23:51:55","2025-12-18 23:51:55","FAC-000426"
427,14,"Claritromicina 500mg x14","Antibiótico",5,"Genfar S.A - Grupo Sanofi",28,en proceso,"2025-12-13 19:00:11","2025-12-20 19:00:11",""
428,48,"Lubricante Control Aqua 75ml","Lubricantes",9,"Laboratorios Siegfried Colombia S.A",73,aceptado,"2025-09-11 20:11:51","",""
429,33,"Condón Durex Natural x3","Condones",8,"Distribuidora Íntima de Colombia S.A.S",100,aceptado,"2023-06-14 09:48:27","",""
430,25,"Protector solar SPF 50 50ml","Cuidado personal",7,"Bayer S.A Colombia",99,aceptado,"2023-11-28 20:41:12","",""
431,6,"Meloxicam 15mg x10","Analgésico",4,"Laboratorios Lafrancol S.A.S",13,entregado,"2025-04-13 10:17:33","2025-04-19 10:17:33","FAC-000431"
432,6,"Meloxicam 15mg x10","Analgésico",4,"Laboratorios Lafrancol S.A.S",89,entregado,"2025-03-18 11:12:00","2025-04-01 11:12:00","FAC-000432"
433,3,"Naproxeno 500mg x10","Analgésico",4,"Laboratorios Lafrancol S.A.S",62,entregado,"2025-02-20 02:51:52","2025-02-26 02:51:52","FAC-000433"
434,5,"Diclofenaco 50mg x10","Analgésico",4,"Laboratorios Lafrancol S.A.S",29,en proceso,"2023-03-25 11:14:08","2023-04-09 11:14:08",""
435,19,"Complejo B x30","Vitaminas y suplementos",6,"Tecnoquímicas S.A",83,entregado,"2025-02-08 13:17:37","2025-02-20 13:17:37","FAC-000435"
436,12,"Metronidazol 500mg x14","Antibiótico",5,"Genfar S.A - Grupo Sanofi",80,entregado,"2023-12-20 11:40:15","2024-01-02 11:40:15","FAC-000436"
437,36,"Condón Prudence Fresa x3","Condones",8,"Distribuidora Íntima de Colombia S.A.S",43,en proceso,"2023-10-15 12:55:08","2023-10-31 12:55:08",""
438,37,"Condón Control Retard x3","Condones",8,"Distribuidora Íntima de Colombia S.A.S",16,entregado,"2023-01-31 05:21:12","2023-02-08 05:21:12","FAC-000438"
439,3,"Naproxeno 500mg x10","Analgésico",4,"Laboratorios Lafrancol S.A.S",65,entregado,"2024-11-12 02:30:27","2024-11-25 02:30:27","FAC-000439"
440,12,"Metronidazol 500mg x14","Antibiótico",5,"Genfar S.A - Grupo Sanofi",74,entregado,"2025-04-04 08:13:59","2025-04-08 08:13:59","FAC-000440"
441,43,"Lubricante Pjur Original 30ml","Lubricantes",9,"Laboratorios Siegfried Colombia S.A",63,entregado,"2025-12-09 01:23:59","2025-12-23 01:23:59","FAC-000441"
442,13,"Clindamicina 300mg x16","Antibiótico",5,"Genfar S.A - Grupo Sanofi",46,entregado,"2025-07-31 17:03:50","2025-08-07 17:03:50","FAC-000442"
443,39,"Condón Vive Placer Real x3","Condones",8,"Distribuidora Íntima de Colombia S.A.S",14,en proceso,"2024-04-16 17:44:32","2024-04-22 17:44:32",""
444,47,"Lubricante Prudence Aqua 60ml","Lubricantes",9,"Laboratorios Siegfried Colombia S.A",87,entregado,"2025-05-16 17:11:55","2025-05-31 17:11:55","FAC-000444"
445,17,"Vitamina C 1000mg x30","Vitaminas y suplementos",6,"Tecnoquímicas S.A",60,aceptado,"2024-09-16 09:51:02","",""
446,20,"Omega 3 1000mg x30","Vitaminas y suplementos",6,"Tecnoquímicas S.A",95,entregado,"2023-03-30 22:07:36","2023-04-10 22:07:36","FAC-000446"
447,29,"Hilo dental 50m","Cuidado personal",7,"Bayer S.A Colombia",54,en proceso,"2025-02-20 20:51:24","2025-02-27 20:51:24",""
448,22,"Zinc 50mg x30","Vitaminas y suplementos",6,"Tecnoquímicas S.A",19,en proceso,"2025-06-27 10:48:18","2025-07-16 10:48:18",""
449,4,"Aspirina 100mg x10","Analgésico",4,"Laboratorios Lafrancol S.A.S",66,entregado,"2025-04-06 19:01:26","2025-04-16 19:01:26","FAC-000449"
450,20,"Omega 3 1000mg x30","Vitaminas y suplementos",6,"Tecnoquímicas S.A",27,aceptado,"2025-01-16 19:12:39","",""
451,34,"Condón Durex Extra Fino x3","Condones",8,"Distribuidora Íntima de Colombia S.A.S",33,entregado,"2024-11-27 17:38:56","2024-12-08 17:38:56","FAC-000451"
452,7,"Tramadol 50mg x10","Analgésico",4,"Laboratorios Lafrancol S.A.S",54,entregado,"2024-08-22 13:03:22","2024-09-05 13:03:22","FAC-000452"
453,2,"Ibuprofeno 400mg x10","Analgésico",4,"Laboratorios Lafrancol S.A.S",29,entregado,"2024-03-07 09:59:08","2024-03-17 09:59:08","FAC-000453"
454,35,"Condón Condomi Ultra x12","Condones",8,"Distribuidora Íntima de Colombia S.A.S",89,aceptado,"2025-02-24 00:54:32","",""
455,46,"Lubricante Vive Sensitivo 50ml","Lubricantes",9,"Laboratorios Siegfried Colombia S.A",84,en proceso,"2024-11-10 03:00:07","2024-11-21 03:00:07",""
456,40,"Condón Protex x12","Condones",8,"Distribuidora Íntima de Colombia S.A.S",73,entregado,"2025-03-05 01:09:26","2025-03-13 01:09:26","FAC-000456"
457,33,"Condón Durex Natural x3","Condones",8,"Distribuidora Íntima de Colombia S.A.S",73,entregado,"2023-08-22 17:24:01","2023-09-06 17:24:01","FAC-000457"
458,37,"Condón Control Retard x3","Condones",8,"Distribuidora Íntima de Colombia S.A.S",16,en proceso,"2023-08-26 00:19:23","2023-08-31 00:19:23",""
459,7,"Tramadol 50mg x10","Analgésico",4,"Laboratorios Lafrancol S.A.S",80,entregado,"2023-05-12 02:05:03","2023-05-17 02:05:03","FAC-000459"
460,47,"Lubricante Prudence Aqua 60ml","Lubricantes",9,"Laboratorios Siegfried Colombia S.A",33,entregado,"2024-04-17 11:02:30","2024-05-01 11:02:30","FAC-000460"
461,16,"Doxiciclina 100mg x10","Antibiótico",5,"Genfar S.A - Grupo Sanofi",54,en proceso,"2023-02-22 11:55:59","2023-02-27 11:55:59",""
462,48,"Lubricante Control Aqua 75ml","Lubricantes",9,"Laboratorios Siegfried Colombia S.A",96,en proceso,"2025-05-18 04:49:12","2025-06-01 04:49:12",""
463,8,"Ketorolaco 10mg x10","Analgésico",4,"Laboratorios Lafrancol S.A.S",78,entregado,"2024-04-11 06:38:32","2024-04-15 06:38:32","FAC-000463"
464,44,"Lubricante Nuei Delay 100ml","Lubricantes",9,"Laboratorios Siegfried Colombia S.A",72,entregado,"2023-05-29 10:10:15","2023-06-09 10:10:15","FAC-000464"
465,25,"Protector solar SPF 50 50ml","Cuidado personal",7,"Bayer S.A Colombia",59,aceptado,"2023-09-18 23:48:46","",""
466,11,"Ciprofloxacino 500mg x10","Antibiótico",5,"Genfar S.A - Grupo Sanofi",73,entregado,"2024-07-05 18:08:04","2024-07-18 18:08:04","FAC-000466"
467,29,"Hilo dental 50m","Cuidado personal",7,"Bayer S.A Colombia",75,entregado,"2024-10-09 13:48:49","2024-10-18 13:48:49","FAC-000467"
468,48,"Lubricante Control Aqua 75ml","Lubricantes",9,"Laboratorios Siegfried Colombia S.A",25,entregado,"2024-06-09 23:02:38","2024-06-17 23:02:38","FAC-000468"
469,21,"Calcio + Vitamina D x60","Vitaminas y suplementos",6,"Tecnoquímicas S.A",20,en proceso,"2024-11-07 17:16:18","2024-11-19 17:16:18",""
470,8,"Ketorolaco 10mg x10","Analgésico",4,"Laboratorios Lafrancol S.A.S",62,en proceso,"2023-05-19 21:31:07","2023-05-27 21:31:07",""
471,26,"Shampoo anticaspa 400ml","Cuidado personal",7,"Bayer S.A Colombia",71,entregado,"2024-05-26 03:52:57","2024-06-04 03:52:57","FAC-000471"
472,2,"Ibuprofeno 400mg x10","Analgésico",4,"Laboratorios Lafrancol S.A.S",72,aceptado,"2023-07-17 10:51:38","",""
473,7,"Tramadol 50mg x10","Analgésico",4,"Laboratorios Lafrancol S.A.S",75,entregado,"2025-04-14 10:37:42","2025-04-18 10:37:42","FAC-000473"
474,47,"Lubricante Prudence Aqua 60ml","Lubricantes",9,"Laboratorios Siegfried Colombia S.A",28,entregado,"2023-05-26 17:47:15","2023-06-09 17:47:15","FAC-000474"
475,41,"Lubricante Durex Play 50ml","Lubricantes",9,"Laboratorios Siegfried Colombia S.A",78,entregado,"2025-06-24 18:58:23","2025-07-01 18:58:23","FAC-000475"
476,28,"Jabón antibacterial 250ml","Cuidado personal",7,"Bayer S.A Colombia",15,aceptado,"2023-01-19 05:55:23","",""
477,41,"Lubricante Durex Play 50ml","Lubricantes",9,"Laboratorios Siegfried Colombia S.A",33,entregado,"2024-03-14 20:46:46","2024-03-24 20:46:46","FAC-000477"
478,4,"Aspirina 100mg x10","Analgésico",4,"Laboratorios Lafrancol S.A.S",31,entregado,"2024-08-04 21:03:49","2024-08-19 21:03:49","FAC-000478"
479,11,"Ciprofloxacino 500mg x10","Antibiótico",5,"Genfar S.A - Grupo Sanofi",78,entregado,"2023-05-27 00:23:46","2023-06-06 00:23:46","FAC-000479"
480,27,"Crema hidratante facial 50ml","Cuidado personal",7,"Bayer S.A Colombia",31,aceptado,"2024-12-26 06:28:31","",""
481,35,"Condón Condomi Ultra x12","Condones",8,"Distribuidora Íntima de Colombia S.A.S",80,en proceso,"2025-07-19 09:12:50","2025-08-02 09:12:50",""
482,17,"Vitamina C 1000mg x30","Vitaminas y suplementos",6,"Tecnoquímicas S.A",24,entregado,"2025-08-20 00:17:21","2025-09-04 00:17:21","FAC-000482"
483,4,"Aspirina 100mg x10","Analgésico",4,"Laboratorios Lafrancol S.A.S",50,entregado,"2025-11-28 18:13:34","2025-12-05 18:13:34","FAC-000483"
484,45,"Lubricante Yes OB Natural 80ml","Lubricantes",9,"Laboratorios Siegfried Colombia S.A",84,entregado,"2025-10-29 10:19:45","2025-11-12 10:19:45","FAC-000484"
485,36,"Condón Prudence Fresa x3","Condones",8,"Distribuidora Íntima de Colombia S.A.S",62,en proceso,"2024-08-14 15:53:03","2024-08-24 15:53:03",""
486,30,"Crema dental blanqueadora 75ml","Cuidado personal",7,"Bayer S.A Colombia",62,entregado,"2025-11-20 17:13:35","2025-11-23 17:13:35","FAC-000486"
487,44,"Lubricante Nuei Delay 100ml","Lubricantes",9,"Laboratorios Siegfried Colombia S.A",70,entregado,"2025-08-24 07:34:05","2025-08-31 07:34:05","FAC-000487"
488,24,"Magnesio 400mg x60","Vitaminas y suplementos",6,"Tecnoquímicas S.A",97,entregado,"2023-05-19 07:01:33","2023-05-28 07:01:33","FAC-000488"
489,44,"Lubricante Nuei Delay 100ml","Lubricantes",9,"Laboratorios Siegfried Colombia S.A",11,en proceso,"2024-06-18 13:10:58","2024-07-07 13:10:58",""
490,40,"Condón Protex x12","Condones",8,"Distribuidora Íntima de Colombia S.A.S",69,entregado,"2024-05-16 16:20:03","2024-05-24 16:20:03","FAC-000490"
491,14,"Claritromicina 500mg x14","Antibiótico",5,"Genfar S.A - Grupo Sanofi",93,entregado,"2023-10-15 15:31:51","2023-10-18 15:31:51","FAC-000491"
492,3,"Naproxeno 500mg x10","Analgésico",4,"Laboratorios Lafrancol S.A.S",71,entregado,"2024-04-18 08:57:29","2024-04-24 08:57:29","FAC-000492"
493,6,"Meloxicam 15mg x10","Analgésico",4,"Laboratorios Lafrancol S.A.S",100,entregado,"2023-10-20 02:10:19","2023-11-03 02:10:19","FAC-000493"
494,19,"Complejo B x30","Vitaminas y suplementos",6,"Tecnoquímicas S.A",17,entregado,"2023-10-25 13:46:47","2023-10-28 13:46:47","FAC-000494"
495,28,"Jabón antibacterial 250ml","Cuidado personal",7,"Bayer S.A Colombia",12,entregado,"2024-05-11 18:03:40","2024-05-26 18:03:40","FAC-000495"
496,16,"Doxiciclina 100mg x10","Antibiótico",5,"Genfar S.A - Grupo Sanofi",38,entregado,"2024-12-13 08:46:31","2024-12-28 08:46:31","FAC-000496"
497,14,"Claritromicina 500mg x14","Antibiótico",5,"Genfar S.A - Grupo Sanofi",21,aceptado,"2023-02-16 11:59:23","",""
498,11,"Ciprofloxacino 500mg x10","Antibiótico",5,"Genfar S.A - Grupo Sanofi",89,aceptado,"2024-01-19 19:31:01","",""
499,41,"Lubricante Durex Play 50ml","Lubricantes",9,"Laboratorios Siegfried Colombia S.A",98,en proceso,"2024-12-17 18:26:07","2024-12-29 18:26:07",""
500,25,"Protector solar SPF 50 50ml","Cuidado personal",7,"Bayer S.A Colombia",82,aceptado,"2024-08-28 22:13:21","",""
501,12,"Metronidazol 500mg x14","Antibiótico",5,"Genfar S.A - Grupo Sanofi",41,entregado,"2024-04-05 00:05:30","2024-04-18 00:05:30","FAC-000501"
502,44,"Lubricante Nuei Delay 100ml","Lubricantes",9,"Laboratorios Siegfried Colombia S.A",32,entregado,"2023-06-10 06:09:26","2023-06-19 06:09:26","FAC-000502"
503,24,"Magnesio 400mg x60","Vitaminas y suplementos",6,"Tecnoquímicas S.A",21,aceptado,"2024-12-13 19:05:44","",""
504,48,"Lubricante Control Aqua 75ml","Lubricantes",9,"Laboratorios Siegfried Colombia S.A",15,entregado,"2023-05-17 15:29:59","2023-05-31 15:29:59","FAC-000504"
505,32,"Gel antibacterial 500ml","Cuidado personal",7,"Bayer S.A Colombia",27,entregado,"2023-04-02 13:55:16","2023-04-15 13:55:16","FAC-000505"
506,22,"Zinc 50mg x30","Vitaminas y suplementos",6,"Tecnoquímicas S.A",46,entregado,"2023-02-27 15:24:29","2023-03-06 15:24:29","FAC-000506"
507,6,"Meloxicam 15mg x10","Analgésico",4,"Laboratorios Lafrancol S.A.S",62,entregado,"2025-09-28 00:50:05","2025-10-03 00:50:05","FAC-000507"
508,9,"Amoxicilina 500mg x21","Antibiótico",5,"Genfar S.A - Grupo Sanofi",80,entregado,"2023-05-29 12:05:12","2023-06-06 12:05:12","FAC-000508"
509,5,"Diclofenaco 50mg x10","Analgésico",4,"Laboratorios Lafrancol S.A.S",28,entregado,"2024-03-14 10:10:29","2024-03-21 10:10:29","FAC-000509"
510,32,"Gel antibacterial 500ml","Cuidado personal",7,"Bayer S.A Colombia",60,entregado,"2025-09-05 00:12:32","2025-09-20 00:12:32","FAC-000510"
511,3,"Naproxeno 500mg x10","Analgésico",4,"Laboratorios Lafrancol S.A.S",18,entregado,"2023-07-10 16:09:09","2023-07-13 16:09:09","FAC-000511"
512,21,"Calcio + Vitamina D x60","Vitaminas y suplementos",6,"Tecnoquímicas S.A",51,entregado,"2024-12-16 08:16:39","2024-12-29 08:16:39","FAC-000512"
513,20,"Omega 3 1000mg x30","Vitaminas y suplementos",6,"Tecnoquímicas S.A",86,en proceso,"2025-10-23 09:29:31","2025-11-06 09:29:31",""
514,24,"Magnesio 400mg x60","Vitaminas y suplementos",6,"Tecnoquímicas S.A",69,en proceso,"2024-05-23 08:34:18","2024-05-30 08:34:18",""
515,46,"Lubricante Vive Sensitivo 50ml","Lubricantes",9,"Laboratorios Siegfried Colombia S.A",90,entregado,"2025-07-27 22:53:46","2025-08-03 22:53:46","FAC-000515"
516,7,"Tramadol 50mg x10","Analgésico",4,"Laboratorios Lafrancol S.A.S",42,entregado,"2023-08-25 20:52:03","2023-08-28 20:52:03","FAC-000516"
517,26,"Shampoo anticaspa 400ml","Cuidado personal",7,"Bayer S.A Colombia",52,entregado,"2023-11-21 23:26:29","2023-12-02 23:26:29","FAC-000517"
518,38,"Condón Lifestyles Ultra x12","Condones",8,"Distribuidora Íntima de Colombia S.A.S",57,aceptado,"2025-11-25 19:51:32","",""
519,23,"Hierro + Ácido Fólico x30","Vitaminas y suplementos",6,"Tecnoquímicas S.A",22,entregado,"2025-07-28 01:00:59","2025-08-06 01:00:59","FAC-000519"
520,9,"Amoxicilina 500mg x21","Antibiótico",5,"Genfar S.A - Grupo Sanofi",51,entregado,"2024-02-07 23:54:14","2024-02-14 23:54:14","FAC-000520"
521,5,"Diclofenaco 50mg x10","Analgésico",4,"Laboratorios Lafrancol S.A.S",40,entregado,"2024-02-14 16:05:31","2024-02-27 16:05:31","FAC-000521"
522,42,"Lubricante Íntimo KY 75ml","Lubricantes",9,"Laboratorios Siegfried Colombia S.A",36,entregado,"2023-08-08 17:10:33","2023-08-19 17:10:33","FAC-000522"
523,6,"Meloxicam 15mg x10","Analgésico",4,"Laboratorios Lafrancol S.A.S",56,entregado,"2025-09-25 05:14:24","2025-10-02 05:14:24","FAC-000523"
524,30,"Crema dental blanqueadora 75ml","Cuidado personal",7,"Bayer S.A Colombia",71,entregado,"2024-01-05 11:48:28","2024-01-12 11:48:28","FAC-000524"
525,44,"Lubricante Nuei Delay 100ml","Lubricantes",9,"Laboratorios Siegfried Colombia S.A",80,entregado,"2024-10-27 16:48:23","2024-11-01 16:48:23","FAC-000525"
526,1,"Acetaminofén 500mg x10","Analgésico",4,"Laboratorios Lafrancol S.A.S",15,entregado,"2025-09-17 00:44:58","2025-09-21 00:44:58","FAC-000526"
527,14,"Claritromicina 500mg x14","Antibiótico",5,"Genfar S.A - Grupo Sanofi",62,entregado,"2025-08-25 03:51:48","2025-09-02 03:51:48","FAC-000527"
528,9,"Amoxicilina 500mg x21","Antibiótico",5,"Genfar S.A - Grupo Sanofi",40,entregado,"2024-09-08 20:10:50","2024-09-13 20:10:50","FAC-000528"
529,12,"Metronidazol 500mg x14","Antibiótico",5,"Genfar S.A - Grupo Sanofi",70,aceptado,"2025-03-07 22:03:01","",""
530,14,"Claritromicina 500mg x14","Antibiótico",5,"Genfar S.A - Grupo Sanofi",53,en proceso,"2024-11-04 16:38:23","2024-11-17 16:38:23",""
531,34,"Condón Durex Extra Fino x3","Condones",8,"Distribuidora Íntima de Colombia S.A.S",10,entregado,"2024-01-12 00:00:43","2024-01-26 00:00:43","FAC-000531"
532,33,"Condón Durex Natural x3","Condones",8,"Distribuidora Íntima de Colombia S.A.S",62,entregado,"2023-11-22 05:07:19","2023-12-03 05:07:19","FAC-000532"
533,24,"Magnesio 400mg x60","Vitaminas y suplementos",6,"Tecnoquímicas S.A",18,en proceso,"2025-12-15 16:49:14","2025-12-21 16:49:14",""
534,20,"Omega 3 1000mg x30","Vitaminas y suplementos",6,"Tecnoquímicas S.A",31,en proceso,"2024-07-26 04:41:51","2024-08-15 04:41:51",""
535,45,"Lubricante Yes OB Natural 80ml","Lubricantes",9,"Laboratorios Siegfried Colombia S.A",48,entregado,"2024-01-22 00:30:26","2024-02-03 00:30:26","FAC-000535"
536,20,"Omega 3 1000mg x30","Vitaminas y suplementos",6,"Tecnoquímicas S.A",65,en proceso,"2024-11-04 07:31:49","2024-11-23 07:31:49",""
537,27,"Crema hidratante facial 50ml","Cuidado personal",7,"Bayer S.A Colombia",64,entregado,"2024-11-18 13:08:20","2024-11-23 13:08:20","FAC-000537"
538,21,"Calcio + Vitamina D x60","Vitaminas y suplementos",6,"Tecnoquímicas S.A",76,en proceso,"2024-05-02 19:19:28","2024-05-07 19:19:28",""
539,13,"Clindamicina 300mg x16","Antibiótico",5,"Genfar S.A - Grupo Sanofi",77,en proceso,"2023-03-15 08:49:13","2023-03-26 08:49:13",""
540,34,"Condón Durex Extra Fino x3","Condones",8,"Distribuidora Íntima de Colombia S.A.S",75,en proceso,"2023-11-20 02:06:16","2023-12-09 02:06:16",""
541,29,"Hilo dental 50m","Cuidado personal",7,"Bayer S.A Colombia",43,entregado,"2025-02-01 05:51:42","2025-02-05 05:51:42","FAC-000541"
542,4,"Aspirina 100mg x10","Analgésico",4,"Laboratorios Lafrancol S.A.S",49,aceptado,"2023-12-07 02:07:53","",""
543,21,"Calcio + Vitamina D x60","Vitaminas y suplementos",6,"Tecnoquímicas S.A",29,entregado,"2025-11-22 04:35:39","2025-12-01 04:35:39","FAC-000543"
544,6,"Meloxicam 15mg x10","Analgésico",4,"Laboratorios Lafrancol S.A.S",98,entregado,"2023-04-20 17:44:45","2023-05-04 17:44:45","FAC-000544"
545,11,"Ciprofloxacino 500mg x10","Antibiótico",5,"Genfar S.A - Grupo Sanofi",45,en proceso,"2024-01-07 21:55:09","2024-01-23 21:55:09",""
546,19,"Complejo B x30","Vitaminas y suplementos",6,"Tecnoquímicas S.A",96,en proceso,"2025-03-18 17:57:08","2025-04-07 17:57:08",""
547,30,"Crema dental blanqueadora 75ml","Cuidado personal",7,"Bayer S.A Colombia",11,entregado,"2024-09-26 20:20:39","2024-10-04 20:20:39","FAC-000547"
548,3,"Naproxeno 500mg x10","Analgésico",4,"Laboratorios Lafrancol S.A.S",90,entregado,"2025-05-07 23:52:01","2025-05-10 23:52:01","FAC-000548"
549,11,"Ciprofloxacino 500mg x10","Antibiótico",5,"Genfar S.A - Grupo Sanofi",89,en proceso,"2024-03-19 22:49:07","2024-04-01 22:49:07",""
550,35,"Condón Condomi Ultra x12","Condones",8,"Distribuidora Íntima de Colombia S.A.S",11,en proceso,"2024-07-05 19:11:47","2024-07-13 19:11:47",""
551,29,"Hilo dental 50m","Cuidado personal",7,"Bayer S.A Colombia",99,entregado,"2024-02-16 04:08:02","2024-02-24 04:08:02","FAC-000551"
552,25,"Protector solar SPF 50 50ml","Cuidado personal",7,"Bayer S.A Colombia",46,aceptado,"2025-10-29 15:26:15","",""
553,32,"Gel antibacterial 500ml","Cuidado personal",7,"Bayer S.A Colombia",93,en proceso,"2023-08-15 23:33:47","2023-08-23 23:33:47",""
554,27,"Crema hidratante facial 50ml","Cuidado personal",7,"Bayer S.A Colombia",28,en proceso,"2024-08-17 05:47:41","2024-08-29 05:47:41",""
555,36,"Condón Prudence Fresa x3","Condones",8,"Distribuidora Íntima de Colombia S.A.S",18,entregado,"2025-03-26 23:15:51","2025-03-30 23:15:51","FAC-000555"
556,12,"Metronidazol 500mg x14","Antibiótico",5,"Genfar S.A - Grupo Sanofi",59,entregado,"2025-10-26 08:28:49","2025-11-07 08:28:49","FAC-000556"
557,33,"Condón Durex Natural x3","Condones",8,"Distribuidora Íntima de Colombia S.A.S",54,aceptado,"2024-04-07 00:13:17","",""
558,31,"Desodorante roll-on 50ml","Cuidado personal",7,"Bayer S.A Colombia",75,aceptado,"2023-06-08 01:53:15","",""
559,35,"Condón Condomi Ultra x12","Condones",8,"Distribuidora Íntima de Colombia S.A.S",74,en proceso,"2025-10-03 12:45:50","2025-10-17 12:45:50",""
560,22,"Zinc 50mg x30","Vitaminas y suplementos",6,"Tecnoquímicas S.A",51,entregado,"2025-01-20 16:13:09","2025-01-28 16:13:09","FAC-000560"
561,39,"Condón Vive Placer Real x3","Condones",8,"Distribuidora Íntima de Colombia S.A.S",94,entregado,"2024-03-23 05:00:53","2024-03-31 05:00:53","FAC-000561"
562,3,"Naproxeno 500mg x10","Analgésico",4,"Laboratorios Lafrancol S.A.S",38,aceptado,"2024-03-22 16:08:43","",""
563,6,"Meloxicam 15mg x10","Analgésico",4,"Laboratorios Lafrancol S.A.S",72,entregado,"2025-12-22 15:50:43","2025-12-28 15:50:43","FAC-000563"
564,29,"Hilo dental 50m","Cuidado personal",7,"Bayer S.A Colombia",34,en proceso,"2025-03-28 11:54:39","2025-04-15 11:54:39",""
565,7,"Tramadol 50mg x10","Analgésico",4,"Laboratorios Lafrancol S.A.S",29,entregado,"2024-02-08 21:40:52","2024-02-21 21:40:52","FAC-000565"
566,28,"Jabón antibacterial 250ml","Cuidado personal",7,"Bayer S.A Colombia",98,en proceso,"2024-10-30 16:18:49","2024-11-05 16:18:49",""
567,39,"Condón Vive Placer Real x3","Condones",8,"Distribuidora Íntima de Colombia S.A.S",44,en proceso,"2024-04-25 19:43:22","2024-05-03 19:43:22",""
568,9,"Amoxicilina 500mg x21","Antibiótico",5,"Genfar S.A - Grupo Sanofi",28,entregado,"2023-08-07 10:02:39","2023-08-21 10:02:39","FAC-000568"
569,40,"Condón Protex x12","Condones",8,"Distribuidora Íntima de Colombia S.A.S",47,entregado,"2024-07-24 07:48:38","2024-08-03 07:48:38","FAC-000569"
570,20,"Omega 3 1000mg x30","Vitaminas y suplementos",6,"Tecnoquímicas S.A",22,aceptado,"2025-12-29 19:16:48","",""
571,19,"Complejo B x30","Vitaminas y suplementos",6,"Tecnoquímicas S.A",58,entregado,"2024-03-22 00:38:20","2024-03-28 00:38:20","FAC-000571"
572,10,"Azitromicina 500mg x3","Antibiótico",5,"Genfar S.A - Grupo Sanofi",33,entregado,"2024-04-20 18:26:08","2024-04-25 18:26:08","FAC-000572"
573,22,"Zinc 50mg x30","Vitaminas y suplementos",6,"Tecnoquímicas S.A",45,entregado,"2025-05-31 09:50:31","2025-06-04 09:50:31","FAC-000573"
574,47,"Lubricante Prudence Aqua 60ml","Lubricantes",9,"Laboratorios Siegfried Colombia S.A",97,entregado,"2024-06-23 11:52:30","2024-06-26 11:52:30","FAC-000574"
575,1,"Acetaminofén 500mg x10","Analgésico",4,"Laboratorios Lafrancol S.A.S",93,aceptado,"2023-10-11 21:07:46","",""
576,4,"Aspirina 100mg x10","Analgésico",4,"Laboratorios Lafrancol S.A.S",65,entregado,"2023-05-12 18:09:15","2023-05-16 18:09:15","FAC-000576"
577,46,"Lubricante Vive Sensitivo 50ml","Lubricantes",9,"Laboratorios Siegfried Colombia S.A",47,entregado,"2025-11-22 05:23:30","2025-12-06 05:23:30","FAC-000577"
578,6,"Meloxicam 15mg x10","Analgésico",4,"Laboratorios Lafrancol S.A.S",18,entregado,"2025-06-19 18:17:00","2025-07-01 18:17:00","FAC-000578"
579,37,"Condón Control Retard x3","Condones",8,"Distribuidora Íntima de Colombia S.A.S",26,en proceso,"2025-10-03 18:26:10","2025-10-11 18:26:10",""
580,20,"Omega 3 1000mg x30","Vitaminas y suplementos",6,"Tecnoquímicas S.A",41,entregado,"2024-07-16 19:02:55","2024-07-19 19:02:55","FAC-000580"
581,13,"Clindamicina 300mg x16","Antibiótico",5,"Genfar S.A - Grupo Sanofi",95,entregado,"2025-03-14 08:05:12","2025-03-25 08:05:12","FAC-000581"
582,10,"Azitromicina 500mg x3","Antibiótico",5,"Genfar S.A - Grupo Sanofi",69,entregado,"2025-02-14 18:03:23","2025-02-22 18:03:23","FAC-000582"
583,8,"Ketorolaco 10mg x10","Analgésico",4,"Laboratorios Lafrancol S.A.S",20,entregado,"2023-06-30 18:59:56","2023-07-09 18:59:56","FAC-000583"
584,29,"Hilo dental 50m","Cuidado personal",7,"Bayer S.A Colombia",53,en proceso,"2024-07-26 14:24:16","2024-08-09 14:24:16",""
585,1,"Acetaminofén 500mg x10","Analgésico",4,"Laboratorios Lafrancol S.A.S",12,en proceso,"2024-05-10 03:33:17","2024-05-16 03:33:17",""
586,2,"Ibuprofeno 400mg x10","Analgésico",4,"Laboratorios Lafrancol S.A.S",98,entregado,"2025-04-02 00:35:37","2025-04-10 00:35:37","FAC-000586"
587,9,"Amoxicilina 500mg x21","Antibiótico",5,"Genfar S.A - Grupo Sanofi",44,entregado,"2024-05-08 06:00:51","2024-05-16 06:00:51","FAC-000587"
588,34,"Condón Durex Extra Fino x3","Condones",8,"Distribuidora Íntima de Colombia S.A.S",75,entregado,"2023-09-28 00:41:21","2023-10-12 00:41:21","FAC-000588"
589,34,"Condón Durex Extra Fino x3","Condones",8,"Distribuidora Íntima de Colombia S.A.S",83,entregado,"2023-11-21 09:01:36","2023-11-25 09:01:36","FAC-000589"
590,2,"Ibuprofeno 400mg x10","Analgésico",4,"Laboratorios Lafrancol S.A.S",21,entregado,"2024-02-29 18:51:00","2024-03-07 18:51:00","FAC-000590"
591,38,"Condón Lifestyles Ultra x12","Condones",8,"Distribuidora Íntima de Colombia S.A.S",89,en proceso,"2023-04-25 09:06:52","2023-05-04 09:06:52",""
592,16,"Doxiciclina 100mg x10","Antibiótico",5,"Genfar S.A - Grupo Sanofi",48,entregado,"2024-06-02 16:01:04","2024-06-13 16:01:04","FAC-000592"
593,25,"Protector solar SPF 50 50ml","Cuidado personal",7,"Bayer S.A Colombia",48,en proceso,"2024-02-09 22:37:28","2024-02-26 22:37:28",""
594,15,"Cefalexina 500mg x20","Antibiótico",5,"Genfar S.A - Grupo Sanofi",97,en proceso,"2023-06-27 09:00:51","2023-07-04 09:00:51",""
595,23,"Hierro + Ácido Fólico x30","Vitaminas y suplementos",6,"Tecnoquímicas S.A",42,entregado,"2025-07-06 04:19:24","2025-07-14 04:19:24","FAC-000595"
596,39,"Condón Vive Placer Real x3","Condones",8,"Distribuidora Íntima de Colombia S.A.S",23,entregado,"2024-08-09 02:35:03","2024-08-20 02:35:03","FAC-000596"
597,15,"Cefalexina 500mg x20","Antibiótico",5,"Genfar S.A - Grupo Sanofi",29,en proceso,"2024-04-03 16:09:39","2024-04-19 16:09:39",""
598,21,"Calcio + Vitamina D x60","Vitaminas y suplementos",6,"Tecnoquímicas S.A",50,entregado,"2023-08-28 07:16:12","2023-09-05 07:16:12","FAC-000598"
599,41,"Lubricante Durex Play 50ml","Lubricantes",9,"Laboratorios Siegfried Colombia S.A",96,entregado,"2024-05-03 10:01:05","2024-05-10 10:01:05","FAC-000599"
600,4,"Aspirina 100mg x10","Analgésico",4,"Laboratorios Lafrancol S.A.S",66,entregado,"2023-10-25 18:23:30","2023-10-30 18:23:30","FAC-000600"
601,31,"Desodorante roll-on 50ml","Cuidado personal",7,"Bayer S.A Colombia",51,entregado,"2023-07-01 11:18:26","2023-07-05 11:18:26","FAC-000601"
602,32,"Gel antibacterial 500ml","Cuidado personal",7,"Bayer S.A Colombia",60,entregado,"2024-12-19 05:27:52","2024-12-26 05:27:52","FAC-000602"
603,48,"Lubricante Control Aqua 75ml","Lubricantes",9,"Laboratorios Siegfried Colombia S.A",55,entregado,"2023-07-30 08:25:30","2023-08-12 08:25:30","FAC-000603"
604,21,"Calcio + Vitamina D x60","Vitaminas y suplementos",6,"Tecnoquímicas S.A",84,entregado,"2023-09-26 11:53:15","2023-10-08 11:53:15","FAC-000604"
605,9,"Amoxicilina 500mg x21","Antibiótico",5,"Genfar S.A - Grupo Sanofi",74,entregado,"2023-05-04 00:36:23","2023-05-11 00:36:23","FAC-000605"
606,9,"Amoxicilina 500mg x21","Antibiótico",5,"Genfar S.A - Grupo Sanofi",20,en proceso,"2023-12-13 22:57:07","2023-12-27 22:57:07",""
607,36,"Condón Prudence Fresa x3","Condones",8,"Distribuidora Íntima de Colombia S.A.S",74,en proceso,"2024-09-27 11:42:36","2024-10-12 11:42:36",""
608,39,"Condón Vive Placer Real x3","Condones",8,"Distribuidora Íntima de Colombia S.A.S",75,aceptado,"2023-05-19 06:33:30","",""
609,24,"Magnesio 400mg x60","Vitaminas y suplementos",6,"Tecnoquímicas S.A",86,entregado,"2025-06-12 00:24:37","2025-06-25 00:24:37","FAC-000609"
610,23,"Hierro + Ácido Fólico x30","Vitaminas y suplementos",6,"Tecnoquímicas S.A",88,entregado,"2023-02-09 18:26:28","2023-02-24 18:26:28","FAC-000610"
611,28,"Jabón antibacterial 250ml","Cuidado personal",7,"Bayer S.A Colombia",56,en proceso,"2025-12-04 10:21:52","2025-12-09 10:21:52",""
612,7,"Tramadol 50mg x10","Analgésico",4,"Laboratorios Lafrancol S.A.S",59,entregado,"2023-02-14 18:54:50","2023-02-23 18:54:50","FAC-000612"
613,18,"Vitamina D3 2000UI x30","Vitaminas y suplementos",6,"Tecnoquímicas S.A",70,entregado,"2024-06-17 00:29:39","2024-06-21 00:29:39","FAC-000613"
614,35,"Condón Condomi Ultra x12","Condones",8,"Distribuidora Íntima de Colombia S.A.S",14,entregado,"2023-09-04 17:05:16","2023-09-10 17:05:16","FAC-000614"
615,42,"Lubricante Íntimo KY 75ml","Lubricantes",9,"Laboratorios Siegfried Colombia S.A",35,entregado,"2023-04-22 09:06:04","2023-04-29 09:06:04","FAC-000615"
616,27,"Crema hidratante facial 50ml","Cuidado personal",7,"Bayer S.A Colombia",60,entregado,"2023-05-25 07:49:43","2023-06-03 07:49:43","FAC-000616"
617,1,"Acetaminofén 500mg x10","Analgésico",4,"Laboratorios Lafrancol S.A.S",15,entregado,"2024-10-03 11:23:46","2024-10-08 11:23:46","FAC-000617"
618,9,"Amoxicilina 500mg x21","Antibiótico",5,"Genfar S.A - Grupo Sanofi",77,entregado,"2024-04-04 13:11:01","2024-04-11 13:11:01","FAC-000618"
619,25,"Protector solar SPF 50 50ml","Cuidado personal",7,"Bayer S.A Colombia",10,entregado,"2024-01-17 10:35:11","2024-01-30 10:35:11","FAC-000619"
620,4,"Aspirina 100mg x10","Analgésico",4,"Laboratorios Lafrancol S.A.S",95,entregado,"2023-08-13 04:46:22","2023-08-21 04:46:22","FAC-000620"
621,6,"Meloxicam 15mg x10","Analgésico",4,"Laboratorios Lafrancol S.A.S",76,entregado,"2023-05-19 17:31:32","2023-06-03 17:31:32","FAC-000621"
622,43,"Lubricante Pjur Original 30ml","Lubricantes",9,"Laboratorios Siegfried Colombia S.A",80,entregado,"2023-09-25 12:26:01","2023-10-04 12:26:01","FAC-000622"
623,26,"Shampoo anticaspa 400ml","Cuidado personal",7,"Bayer S.A Colombia",86,en proceso,"2025-01-24 10:28:24","2025-02-13 10:28:24",""
624,15,"Cefalexina 500mg x20","Antibiótico",5,"Genfar S.A - Grupo Sanofi",58,entregado,"2024-03-07 07:21:02","2024-03-16 07:21:02","FAC-000624"
625,20,"Omega 3 1000mg x30","Vitaminas y suplementos",6,"Tecnoquímicas S.A",83,en proceso,"2025-06-17 06:43:49","2025-06-25 06:43:49",""
626,27,"Crema hidratante facial 50ml","Cuidado personal",7,"Bayer S.A Colombia",12,entregado,"2023-09-18 17:10:18","2023-09-25 17:10:18","FAC-000626"
627,29,"Hilo dental 50m","Cuidado personal",7,"Bayer S.A Colombia",63,entregado,"2025-08-06 04:54:26","2025-08-10 04:54:26","FAC-000627"
628,12,"Metronidazol 500mg x14","Antibiótico",5,"Genfar S.A - Grupo Sanofi",62,entregado,"2025-08-24 10:16:56","2025-09-01 10:16:56","FAC-000628"
629,42,"Lubricante Íntimo KY 75ml","Lubricantes",9,"Laboratorios Siegfried Colombia S.A",53,entregado,"2025-09-18 23:43:01","2025-10-02 23:43:01","FAC-000629"
630,24,"Magnesio 400mg x60","Vitaminas y suplementos",6,"Tecnoquímicas S.A",36,entregado,"2025-01-25 01:38:41","2025-01-30 01:38:41","FAC-000630"
631,19,"Complejo B x30","Vitaminas y suplementos",6,"Tecnoquímicas S.A",24,entregado,"2024-06-16 15:27:32","2024-06-20 15:27:32","FAC-000631"
632,41,"Lubricante Durex Play 50ml","Lubricantes",9,"Laboratorios Siegfried Colombia S.A",94,entregado,"2023-10-18 17:31:30","2023-10-26 17:31:30","FAC-000632"
633,35,"Condón Condomi Ultra x12","Condones",8,"Distribuidora Íntima de Colombia S.A.S",23,en proceso,"2023-06-23 17:48:16","2023-07-04 17:48:16",""
634,43,"Lubricante Pjur Original 30ml","Lubricantes",9,"Laboratorios Siegfried Colombia S.A",61,entregado,"2023-05-16 16:47:58","2023-05-19 16:47:58","FAC-000634"
635,18,"Vitamina D3 2000UI x30","Vitaminas y suplementos",6,"Tecnoquímicas S.A",90,entregado,"2024-09-11 13:56:43","2024-09-24 13:56:43","FAC-000635"
636,30,"Crema dental blanqueadora 75ml","Cuidado personal",7,"Bayer S.A Colombia",89,entregado,"2024-05-05 07:06:07","2024-05-14 07:06:07","FAC-000636"
637,8,"Ketorolaco 10mg x10","Analgésico",4,"Laboratorios Lafrancol S.A.S",77,entregado,"2024-05-23 16:41:47","2024-06-07 16:41:47","FAC-000637"
638,35,"Condón Condomi Ultra x12","Condones",8,"Distribuidora Íntima de Colombia S.A.S",82,entregado,"2023-09-05 00:44:25","2023-09-08 00:44:25","FAC-000638"
639,30,"Crema dental blanqueadora 75ml","Cuidado personal",7,"Bayer S.A Colombia",51,entregado,"2024-06-04 20:17:55","2024-06-12 20:17:55","FAC-000639"
640,47,"Lubricante Prudence Aqua 60ml","Lubricantes",9,"Laboratorios Siegfried Colombia S.A",15,entregado,"2023-10-05 19:38:12","2023-10-19 19:38:12","FAC-000640"
641,11,"Ciprofloxacino 500mg x10","Antibiótico",5,"Genfar S.A - Grupo Sanofi",38,entregado,"2023-06-11 11:19:02","2023-06-24 11:19:02","FAC-000641"
642,7,"Tramadol 50mg x10","Analgésico",4,"Laboratorios Lafrancol S.A.S",18,aceptado,"2024-06-05 14:33:55","",""
643,41,"Lubricante Durex Play 50ml","Lubricantes",9,"Laboratorios Siegfried Colombia S.A",74,en proceso,"2025-10-09 21:19:52","2025-10-20 21:19:52",""
644,31,"Desodorante roll-on 50ml","Cuidado personal",7,"Bayer S.A Colombia",42,entregado,"2024-03-15 12:11:38","2024-03-24 12:11:38","FAC-000644"
645,12,"Metronidazol 500mg x14","Antibiótico",5,"Genfar S.A - Grupo Sanofi",81,entregado,"2025-05-29 14:24:41","2025-06-01 14:24:41","FAC-000645"
646,34,"Condón Durex Extra Fino x3","Condones",8,"Distribuidora Íntima de Colombia S.A.S",13,en proceso,"2023-01-03 23:17:35","2023-01-11 23:17:35",""
647,47,"Lubricante Prudence Aqua 60ml","Lubricantes",9,"Laboratorios Siegfried Colombia S.A",53,aceptado,"2024-02-16 22:56:04","",""
648,36,"Condón Prudence Fresa x3","Condones",8,"Distribuidora Íntima de Colombia S.A.S",49,entregado,"2023-11-17 10:18:21","2023-11-29 10:18:21","FAC-000648"
649,7,"Tramadol 50mg x10","Analgésico",4,"Laboratorios Lafrancol S.A.S",80,entregado,"2025-05-11 01:50:46","2025-05-19 01:50:46","FAC-000649"
650,34,"Condón Durex Extra Fino x3","Condones",8,"Distribuidora Íntima de Colombia S.A.S",87,en proceso,"2024-08-19 15:47:25","2024-09-04 15:47:25",""
651,18,"Vitamina D3 2000UI x30","Vitaminas y suplementos",6,"Tecnoquímicas S.A",82,aceptado,"2024-06-28 06:59:31","",""
652,20,"Omega 3 1000mg x30","Vitaminas y suplementos",6,"Tecnoquímicas S.A",86,entregado,"2023-12-25 08:35:56","2024-01-07 08:35:56","FAC-000652"
653,23,"Hierro + Ácido Fólico x30","Vitaminas y suplementos",6,"Tecnoquímicas S.A",18,entregado,"2023-02-23 23:25:57","2023-02-26 23:25:57","FAC-000653"
654,5,"Diclofenaco 50mg x10","Analgésico",4,"Laboratorios Lafrancol S.A.S",48,aceptado,"2024-07-20 17:43:34","",""
655,38,"Condón Lifestyles Ultra x12","Condones",8,"Distribuidora Íntima de Colombia S.A.S",78,entregado,"2024-08-13 08:06:22","2024-08-26 08:06:22","FAC-000655"
656,31,"Desodorante roll-on 50ml","Cuidado personal",7,"Bayer S.A Colombia",16,aceptado,"2024-08-16 02:32:42","",""
657,27,"Crema hidratante facial 50ml","Cuidado personal",7,"Bayer S.A Colombia",27,entregado,"2023-07-26 01:15:48","2023-08-08 01:15:48","FAC-000657"
658,41,"Lubricante Durex Play 50ml","Lubricantes",9,"Laboratorios Siegfried Colombia S.A",64,entregado,"2024-04-04 04:51:12","2024-04-19 04:51:12","FAC-000658"
659,40,"Condón Protex x12","Condones",8,"Distribuidora Íntima de Colombia S.A.S",10,aceptado,"2023-09-29 20:59:15","",""
660,40,"Condón Protex x12","Condones",8,"Distribuidora Íntima de Colombia S.A.S",56,entregado,"2025-12-11 05:34:49","2025-12-21 05:34:49","FAC-000660"
661,23,"Hierro + Ácido Fólico x30","Vitaminas y suplementos",6,"Tecnoquímicas S.A",18,aceptado,"2024-04-21 03:41:29","",""
662,24,"Magnesio 400mg x60","Vitaminas y suplementos",6,"Tecnoquímicas S.A",69,entregado,"2025-04-16 08:50:29","2025-04-23 08:50:29","FAC-000662"
663,7,"Tramadol 50mg x10","Analgésico",4,"Laboratorios Lafrancol S.A.S",54,entregado,"2024-07-02 19:19:45","2024-07-17 19:19:45","FAC-000663"
664,37,"Condón Control Retard x3","Condones",8,"Distribuidora Íntima de Colombia S.A.S",78,entregado,"2025-02-16 11:35:56","2025-03-02 11:35:56","FAC-000664"
665,15,"Cefalexina 500mg x20","Antibiótico",5,"Genfar S.A - Grupo Sanofi",18,entregado,"2025-04-30 23:30:13","2025-05-08 23:30:13","FAC-000665"
666,5,"Diclofenaco 50mg x10","Analgésico",4,"Laboratorios Lafrancol S.A.S",43,entregado,"2023-11-15 07:21:37","2023-11-18 07:21:37","FAC-000666"
667,2,"Ibuprofeno 400mg x10","Analgésico",4,"Laboratorios Lafrancol S.A.S",90,entregado,"2023-09-11 06:12:05","2023-09-21 06:12:05","FAC-000667"
668,4,"Aspirina 100mg x10","Analgésico",4,"Laboratorios Lafrancol S.A.S",42,en proceso,"2023-11-06 17:36:09","2023-11-19 17:36:09",""
669,8,"Ketorolaco 10mg x10","Analgésico",4,"Laboratorios Lafrancol S.A.S",18,entregado,"2024-11-11 15:21:59","2024-11-26 15:21:59","FAC-000669"
670,9,"Amoxicilina 500mg x21","Antibiótico",5,"Genfar S.A - Grupo Sanofi",91,aceptado,"2023-06-17 05:59:19","",""
671,45,"Lubricante Yes OB Natural 80ml","Lubricantes",9,"Laboratorios Siegfried Colombia S.A",20,entregado,"2025-07-30 02:09:11","2025-08-06 02:09:11","FAC-000671"
672,44,"Lubricante Nuei Delay 100ml","Lubricantes",9,"Laboratorios Siegfried Colombia S.A",95,entregado,"2023-05-12 00:36:09","2023-05-24 00:36:09","FAC-000672"
673,21,"Calcio + Vitamina D x60","Vitaminas y suplementos",6,"Tecnoquímicas S.A",59,aceptado,"2025-12-15 21:36:57","",""
674,23,"Hierro + Ácido Fólico x30","Vitaminas y suplementos",6,"Tecnoquímicas S.A",84,en proceso,"2024-05-31 06:21:06","2024-06-06 06:21:06",""
675,9,"Amoxicilina 500mg x21","Antibiótico",5,"Genfar S.A - Grupo Sanofi",90,entregado,"2025-07-17 23:52:08","2025-07-27 23:52:08","FAC-000675"
676,37,"Condón Control Retard x3","Condones",8,"Distribuidora Íntima de Colombia S.A.S",87,en proceso,"2023-01-03 14:59:47","2023-01-16 14:59:47",""
677,37,"Condón Control Retard x3","Condones",8,"Distribuidora Íntima de Colombia S.A.S",73,entregado,"2025-09-29 12:06:07","2025-10-12 12:06:07","FAC-000677"
678,29,"Hilo dental 50m","Cuidado personal",7,"Bayer S.A Colombia",16,entregado,"2025-09-23 01:43:23","2025-10-05 01:43:23","FAC-000678"
679,26,"Shampoo anticaspa 400ml","Cuidado personal",7,"Bayer S.A Colombia",52,en proceso,"2023-11-26 00:30:50","2023-12-16 00:30:50",""
680,12,"Metronidazol 500mg x14","Antibiótico",5,"Genfar S.A - Grupo Sanofi",12,en proceso,"2024-03-19 19:14:31","2024-03-24 19:14:31",""
681,27,"Crema hidratante facial 50ml","Cuidado personal",7,"Bayer S.A Colombia",64,en proceso,"2023-07-20 11:23:01","2023-08-03 11:23:01",""
682,9,"Amoxicilina 500mg x21","Antibiótico",5,"Genfar S.A - Grupo Sanofi",94,entregado,"2024-02-18 12:02:34","2024-02-21 12:02:34","FAC-000682"
683,6,"Meloxicam 15mg x10","Analgésico",4,"Laboratorios Lafrancol S.A.S",72,entregado,"2024-05-22 06:57:32","2024-06-02 06:57:32","FAC-000683"
684,43,"Lubricante Pjur Original 30ml","Lubricantes",9,"Laboratorios Siegfried Colombia S.A",93,en proceso,"2024-06-25 02:42:26","2024-07-12 02:42:26",""
685,35,"Condón Condomi Ultra x12","Condones",8,"Distribuidora Íntima de Colombia S.A.S",66,entregado,"2024-08-15 00:27:01","2024-08-18 00:27:01","FAC-000685"
686,14,"Claritromicina 500mg x14","Antibiótico",5,"Genfar S.A - Grupo Sanofi",15,aceptado,"2025-09-06 10:23:50","",""
687,9,"Amoxicilina 500mg x21","Antibiótico",5,"Genfar S.A - Grupo Sanofi",29,entregado,"2025-03-22 03:31:50","2025-04-06 03:31:50","FAC-000687"
688,18,"Vitamina D3 2000UI x30","Vitaminas y suplementos",6,"Tecnoquímicas S.A",54,entregado,"2023-10-12 13:11:32","2023-10-26 13:11:32","FAC-000688"
689,38,"Condón Lifestyles Ultra x12","Condones",8,"Distribuidora Íntima de Colombia S.A.S",59,entregado,"2024-03-02 08:31:59","2024-03-17 08:31:59","FAC-000689"
690,44,"Lubricante Nuei Delay 100ml","Lubricantes",9,"Laboratorios Siegfried Colombia S.A",85,entregado,"2023-01-07 01:02:17","2023-01-10 01:02:17","FAC-000690"
691,26,"Shampoo anticaspa 400ml","Cuidado personal",7,"Bayer S.A Colombia",87,entregado,"2023-02-21 21:11:16","2023-02-25 21:11:16","FAC-000691"
692,47,"Lubricante Prudence Aqua 60ml","Lubricantes",9,"Laboratorios Siegfried Colombia S.A",80,entregado,"2024-08-21 17:35:56","2024-08-26 17:35:56","FAC-000692"
693,31,"Desodorante roll-on 50ml","Cuidado personal",7,"Bayer S.A Colombia",24,en proceso,"2023-05-24 16:23:53","2023-05-30 16:23:53",""
694,35,"Condón Condomi Ultra x12","Condones",8,"Distribuidora Íntima de Colombia S.A.S",13,entregado,"2023-09-17 09:30:55","2023-09-24 09:30:55","FAC-000694"
695,37,"Condón Control Retard x3","Condones",8,"Distribuidora Íntima de Colombia S.A.S",35,en proceso,"2025-11-26 01:08:52","2025-12-14 01:08:52",""
696,24,"Magnesio 400mg x60","Vitaminas y suplementos",6,"Tecnoquímicas S.A",24,entregado,"2023-01-10 15:40:53","2023-01-22 15:40:53","FAC-000696"
697,5,"Diclofenaco 50mg x10","Analgésico",4,"Laboratorios Lafrancol S.A.S",91,entregado,"2025-11-20 12:07:18","2025-11-28 12:07:18","FAC-000697"
698,46,"Lubricante Vive Sensitivo 50ml","Lubricantes",9,"Laboratorios Siegfried Colombia S.A",61,en proceso,"2025-02-23 13:17:32","2025-03-08 13:17:32",""
699,26,"Shampoo anticaspa 400ml","Cuidado personal",7,"Bayer S.A Colombia",38,entregado,"2025-05-17 09:26:41","2025-05-20 09:26:41","FAC-000699"
700,27,"Crema hidratante facial 50ml","Cuidado personal",7,"Bayer S.A Colombia",17,entregado,"2024-12-09 02:55:17","2024-12-21 02:55:17","FAC-000700"
701,16,"Doxiciclina 100mg x10","Antibiótico",5,"Genfar S.A - Grupo Sanofi",23,en proceso,"2023-10-09 18:43:42","2023-10-17 18:43:42",""
702,19,"Complejo B x30","Vitaminas y suplementos",6,"Tecnoquímicas S.A",40,en proceso,"2023-04-28 21:47:23","2023-05-04 21:47:23",""
703,4,"Aspirina 100mg x10","Analgésico",4,"Laboratorios Lafrancol S.A.S",83,entregado,"2023-01-15 04:32:11","2023-01-22 04:32:11","FAC-000703"
704,26,"Shampoo anticaspa 400ml","Cuidado personal",7,"Bayer S.A Colombia",47,entregado,"2023-02-09 11:01:02","2023-02-13 11:01:02","FAC-000704"
705,27,"Crema hidratante facial 50ml","Cuidado personal",7,"Bayer S.A Colombia",61,entregado,"2023-03-17 03:20:32","2023-03-22 03:20:32","FAC-000705"
706,13,"Clindamicina 300mg x16","Antibiótico",5,"Genfar S.A - Grupo Sanofi",17,entregado,"2023-04-07 09:54:50","2023-04-21 09:54:50","FAC-000706"
707,36,"Condón Prudence Fresa x3","Condones",8,"Distribuidora Íntima de Colombia S.A.S",35,entregado,"2024-11-04 13:24:24","2024-11-19 13:24:24","FAC-000707"
708,18,"Vitamina D3 2000UI x30","Vitaminas y suplementos",6,"Tecnoquímicas S.A",26,entregado,"2025-06-30 14:34:22","2025-07-10 14:34:22","FAC-000708"
709,6,"Meloxicam 15mg x10","Analgésico",4,"Laboratorios Lafrancol S.A.S",18,entregado,"2024-12-11 19:18:19","2024-12-17 19:18:19","FAC-000709"
710,23,"Hierro + Ácido Fólico x30","Vitaminas y suplementos",6,"Tecnoquímicas S.A",50,entregado,"2023-07-04 05:29:31","2023-07-13 05:29:31","FAC-000710"
711,36,"Condón Prudence Fresa x3","Condones",8,"Distribuidora Íntima de Colombia S.A.S",30,entregado,"2024-03-14 03:50:51","2024-03-21 03:50:51","FAC-000711"
712,7,"Tramadol 50mg x10","Analgésico",4,"Laboratorios Lafrancol S.A.S",83,entregado,"2023-11-22 14:10:45","2023-12-02 14:10:45","FAC-000712"
713,16,"Doxiciclina 100mg x10","Antibiótico",5,"Genfar S.A - Grupo Sanofi",53,entregado,"2024-02-13 02:17:15","2024-02-25 02:17:15","FAC-000713"
714,38,"Condón Lifestyles Ultra x12","Condones",8,"Distribuidora Íntima de Colombia S.A.S",60,en proceso,"2023-08-10 11:55:08","2023-08-19 11:55:08",""
715,47,"Lubricante Prudence Aqua 60ml","Lubricantes",9,"Laboratorios Siegfried Colombia S.A",47,entregado,"2023-11-03 23:14:06","2023-11-13 23:14:06","FAC-000715"
716,34,"Condón Durex Extra Fino x3","Condones",8,"Distribuidora Íntima de Colombia S.A.S",31,aceptado,"2024-09-18 10:56:24","",""
717,30,"Crema dental blanqueadora 75ml","Cuidado personal",7,"Bayer S.A Colombia",38,aceptado,"2025-07-11 06:51:25","",""
718,31,"Desodorante roll-on 50ml","Cuidado personal",7,"Bayer S.A Colombia",85,entregado,"2025-06-26 02:24:08","2025-07-09 02:24:08","FAC-000718"
719,36,"Condón Prudence Fresa x3","Condones",8,"Distribuidora Íntima de Colombia S.A.S",82,entregado,"2025-06-26 02:45:10","2025-06-29 02:45:10","FAC-000719"
720,1,"Acetaminofén 500mg x10","Analgésico",4,"Laboratorios Lafrancol S.A.S",68,entregado,"2025-01-12 12:10:04","2025-01-18 12:10:04","FAC-000720"
721,31,"Desodorante roll-on 50ml","Cuidado personal",7,"Bayer S.A Colombia",30,en proceso,"2024-07-25 10:33:22","2024-08-08 10:33:22",""
722,40,"Condón Protex x12","Condones",8,"Distribuidora Íntima de Colombia S.A.S",65,entregado,"2024-02-18 15:11:38","2024-03-01 15:11:38","FAC-000722"
723,12,"Metronidazol 500mg x14","Antibiótico",5,"Genfar S.A - Grupo Sanofi",12,en proceso,"2024-06-02 20:05:37","2024-06-09 20:05:37",""
724,33,"Condón Durex Natural x3","Condones",8,"Distribuidora Íntima de Colombia S.A.S",67,entregado,"2024-11-04 09:53:01","2024-11-12 09:53:01","FAC-000724"
725,16,"Doxiciclina 100mg x10","Antibiótico",5,"Genfar S.A - Grupo Sanofi",92,entregado,"2025-09-10 21:13:08","2025-09-13 21:13:08","FAC-000725"
726,30,"Crema dental blanqueadora 75ml","Cuidado personal",7,"Bayer S.A Colombia",70,entregado,"2025-10-21 23:54:18","2025-10-28 23:54:18","FAC-000726"
727,15,"Cefalexina 500mg x20","Antibiótico",5,"Genfar S.A - Grupo Sanofi",16,entregado,"2023-03-08 10:44:13","2023-03-22 10:44:13","FAC-000727"
728,32,"Gel antibacterial 500ml","Cuidado personal",7,"Bayer S.A Colombia",37,aceptado,"2024-01-31 07:19:55","",""
729,14,"Claritromicina 500mg x14","Antibiótico",5,"Genfar S.A - Grupo Sanofi",88,entregado,"2024-05-09 03:13:17","2024-05-21 03:13:17","FAC-000729"
730,48,"Lubricante Control Aqua 75ml","Lubricantes",9,"Laboratorios Siegfried Colombia S.A",65,entregado,"2023-10-22 22:01:42","2023-10-31 22:01:42","FAC-000730"
731,42,"Lubricante Íntimo KY 75ml","Lubricantes",9,"Laboratorios Siegfried Colombia S.A",94,entregado,"2025-02-05 10:35:40","2025-02-16 10:35:40","FAC-000731"
732,19,"Complejo B x30","Vitaminas y suplementos",6,"Tecnoquímicas S.A",65,en proceso,"2023-01-23 05:02:16","2023-02-09 05:02:16",""
733,26,"Shampoo anticaspa 400ml","Cuidado personal",7,"Bayer S.A Colombia",32,entregado,"2024-11-03 17:38:46","2024-11-15 17:38:46","FAC-000733"
734,2,"Ibuprofeno 400mg x10","Analgésico",4,"Laboratorios Lafrancol S.A.S",93,entregado,"2025-03-03 05:24:45","2025-03-10 05:24:45","FAC-000734"
735,2,"Ibuprofeno 400mg x10","Analgésico",4,"Laboratorios Lafrancol S.A.S",70,entregado,"2024-04-24 12:35:36","2024-05-04 12:35:36","FAC-000735"
736,5,"Diclofenaco 50mg x10","Analgésico",4,"Laboratorios Lafrancol S.A.S",58,en proceso,"2024-02-02 01:11:46","2024-02-18 01:11:46",""
737,22,"Zinc 50mg x30","Vitaminas y suplementos",6,"Tecnoquímicas S.A",19,entregado,"2025-09-13 09:23:50","2025-09-24 09:23:50","FAC-000737"
738,17,"Vitamina C 1000mg x30","Vitaminas y suplementos",6,"Tecnoquímicas S.A",100,entregado,"2023-08-29 11:16:15","2023-09-03 11:16:15","FAC-000738"
739,32,"Gel antibacterial 500ml","Cuidado personal",7,"Bayer S.A Colombia",23,entregado,"2024-05-06 06:19:11","2024-05-19 06:19:11","FAC-000739"
740,1,"Acetaminofén 500mg x10","Analgésico",4,"Laboratorios Lafrancol S.A.S",80,entregado,"2023-07-10 19:17:53","2023-07-25 19:17:53","FAC-000740"
741,15,"Cefalexina 500mg x20","Antibiótico",5,"Genfar S.A - Grupo Sanofi",77,entregado,"2024-08-23 05:54:59","2024-08-29 05:54:59","FAC-000741"
742,6,"Meloxicam 15mg x10","Analgésico",4,"Laboratorios Lafrancol S.A.S",45,entregado,"2024-05-24 06:34:42","2024-06-04 06:34:42","FAC-000742"
743,43,"Lubricante Pjur Original 30ml","Lubricantes",9,"Laboratorios Siegfried Colombia S.A",55,entregado,"2024-03-04 07:07:04","2024-03-10 07:07:04","FAC-000743"
744,31,"Desodorante roll-on 50ml","Cuidado personal",7,"Bayer S.A Colombia",59,en proceso,"2024-12-04 22:37:23","2024-12-14 22:37:23",""
745,14,"Claritromicina 500mg x14","Antibiótico",5,"Genfar S.A - Grupo Sanofi",22,entregado,"2025-08-29 13:07:08","2025-09-03 13:07:08","FAC-000745"
746,5,"Diclofenaco 50mg x10","Analgésico",4,"Laboratorios Lafrancol S.A.S",91,entregado,"2024-05-22 15:53:59","2024-06-06 15:53:59","FAC-000746"
747,14,"Claritromicina 500mg x14","Antibiótico",5,"Genfar S.A - Grupo Sanofi",44,aceptado,"2023-06-13 10:34:26","",""
748,33,"Condón Durex Natural x3","Condones",8,"Distribuidora Íntima de Colombia S.A.S",74,entregado,"2023-06-07 07:47:04","2023-06-11 07:47:04","FAC-000748"
749,8,"Ketorolaco 10mg x10","Analgésico",4,"Laboratorios Lafrancol S.A.S",89,entregado,"2025-10-26 10:35:55","2025-11-08 10:35:55","FAC-000749"
750,23,"Hierro + Ácido Fólico x30","Vitaminas y suplementos",6,"Tecnoquímicas S.A",35,entregado,"2024-04-27 19:10:01","2024-05-06 19:10:01","FAC-000750"
751,17,"Vitamina C 1000mg x30","Vitaminas y suplementos",6,"Tecnoquímicas S.A",40,entregado,"2024-01-08 18:36:03","2024-01-14 18:36:03","FAC-000751"
752,27,"Crema hidratante facial 50ml","Cuidado personal",7,"Bayer S.A Colombia",18,entregado,"2025-04-11 14:16:25","2025-04-26 14:16:25","FAC-000752"
753,4,"Aspirina 100mg x10","Analgésico",4,"Laboratorios Lafrancol S.A.S",63,en proceso,"2025-04-10 01:48:55","2025-04-29 01:48:55",""
754,47,"Lubricante Prudence Aqua 60ml","Lubricantes",9,"Laboratorios Siegfried Colombia S.A",77,entregado,"2025-02-04 08:54:30","2025-02-18 08:54:30","FAC-000754"
755,19,"Complejo B x30","Vitaminas y suplementos",6,"Tecnoquímicas S.A",22,en proceso,"2023-12-09 04:24:10","2023-12-22 04:24:10",""
756,19,"Complejo B x30","Vitaminas y suplementos",6,"Tecnoquímicas S.A",54,en proceso,"2024-10-07 06:04:38","2024-10-26 06:04:38",""
757,6,"Meloxicam 15mg x10","Analgésico",4,"Laboratorios Lafrancol S.A.S",85,en proceso,"2025-02-28 23:37:58","2025-03-06 23:37:58",""
758,14,"Claritromicina 500mg x14","Antibiótico",5,"Genfar S.A - Grupo Sanofi",30,entregado,"2024-05-22 09:25:30","2024-05-27 09:25:30","FAC-000758"
759,37,"Condón Control Retard x3","Condones",8,"Distribuidora Íntima de Colombia S.A.S",16,entregado,"2023-05-16 14:57:35","2023-05-21 14:57:35","FAC-000759"
760,8,"Ketorolaco 10mg x10","Analgésico",4,"Laboratorios Lafrancol S.A.S",23,entregado,"2024-08-12 06:57:24","2024-08-19 06:57:24","FAC-000760"
761,43,"Lubricante Pjur Original 30ml","Lubricantes",9,"Laboratorios Siegfried Colombia S.A",54,entregado,"2023-11-20 08:34:55","2023-11-27 08:34:55","FAC-000761"
762,33,"Condón Durex Natural x3","Condones",8,"Distribuidora Íntima de Colombia S.A.S",61,entregado,"2023-04-25 04:14:05","2023-04-28 04:14:05","FAC-000762"
763,38,"Condón Lifestyles Ultra x12","Condones",8,"Distribuidora Íntima de Colombia S.A.S",24,en proceso,"2023-05-01 04:33:41","2023-05-17 04:33:41",""
764,47,"Lubricante Prudence Aqua 60ml","Lubricantes",9,"Laboratorios Siegfried Colombia S.A",73,entregado,"2025-03-22 13:23:30","2025-04-04 13:23:30","FAC-000764"
765,42,"Lubricante Íntimo KY 75ml","Lubricantes",9,"Laboratorios Siegfried Colombia S.A",24,en proceso,"2024-01-30 15:09:01","2024-02-19 15:09:01",""
766,28,"Jabón antibacterial 250ml","Cuidado personal",7,"Bayer S.A Colombia",63,entregado,"2024-02-11 22:11:52","2024-02-14 22:11:52","FAC-000766"
767,23,"Hierro + Ácido Fólico x30","Vitaminas y suplementos",6,"Tecnoquímicas S.A",28,entregado,"2024-09-30 18:41:25","2024-10-15 18:41:25","FAC-000767"
768,34,"Condón Durex Extra Fino x3","Condones",8,"Distribuidora Íntima de Colombia S.A.S",78,entregado,"2024-06-11 09:53:16","2024-06-23 09:53:16","FAC-000768"
769,2,"Ibuprofeno 400mg x10","Analgésico",4,"Laboratorios Lafrancol S.A.S",67,entregado,"2024-06-04 07:09:12","2024-06-16 07:09:12","FAC-000769"
770,5,"Diclofenaco 50mg x10","Analgésico",4,"Laboratorios Lafrancol S.A.S",84,entregado,"2023-01-13 17:36:56","2023-01-25 17:36:56","FAC-000770"
771,14,"Claritromicina 500mg x14","Antibiótico",5,"Genfar S.A - Grupo Sanofi",16,entregado,"2023-04-12 22:58:35","2023-04-22 22:58:35","FAC-000771"
772,33,"Condón Durex Natural x3","Condones",8,"Distribuidora Íntima de Colombia S.A.S",91,en proceso,"2023-07-29 03:45:38","2023-08-09 03:45:38",""
773,1,"Acetaminofén 500mg x10","Analgésico",4,"Laboratorios Lafrancol S.A.S",78,entregado,"2025-04-25 03:06:39","2025-05-07 03:06:39","FAC-000773"
774,15,"Cefalexina 500mg x20","Antibiótico",5,"Genfar S.A - Grupo Sanofi",87,entregado,"2025-11-10 22:14:54","2025-11-15 22:14:54","FAC-000774"
775,41,"Lubricante Durex Play 50ml","Lubricantes",9,"Laboratorios Siegfried Colombia S.A",95,entregado,"2025-09-14 21:51:17","2025-09-26 21:51:17","FAC-000775"
776,15,"Cefalexina 500mg x20","Antibiótico",5,"Genfar S.A - Grupo Sanofi",87,entregado,"2023-11-01 13:23:07","2023-11-10 13:23:07","FAC-000776"
777,1,"Acetaminofén 500mg x10","Analgésico",4,"Laboratorios Lafrancol S.A.S",81,entregado,"2023-09-04 18:08:05","2023-09-12 18:08:05","FAC-000777"
778,5,"Diclofenaco 50mg x10","Analgésico",4,"Laboratorios Lafrancol S.A.S",24,en proceso,"2023-03-06 04:54:46","2023-03-11 04:54:46",""
779,43,"Lubricante Pjur Original 30ml","Lubricantes",9,"Laboratorios Siegfried Colombia S.A",64,aceptado,"2023-10-08 11:04:54","",""
780,39,"Condón Vive Placer Real x3","Condones",8,"Distribuidora Íntima de Colombia S.A.S",21,aceptado,"2025-02-13 21:59:16","",""
781,43,"Lubricante Pjur Original 30ml","Lubricantes",9,"Laboratorios Siegfried Colombia S.A",86,entregado,"2025-07-09 05:20:51","2025-07-18 05:20:51","FAC-000781"
782,21,"Calcio + Vitamina D x60","Vitaminas y suplementos",6,"Tecnoquímicas S.A",36,entregado,"2023-01-07 00:23:07","2023-01-10 00:23:07","FAC-000782"
783,4,"Aspirina 100mg x10","Analgésico",4,"Laboratorios Lafrancol S.A.S",56,entregado,"2025-06-29 17:10:22","2025-07-06 17:10:22","FAC-000783"
784,22,"Zinc 50mg x30","Vitaminas y suplementos",6,"Tecnoquímicas S.A",43,entregado,"2024-08-15 09:02:10","2024-08-27 09:02:10","FAC-000784"
785,28,"Jabón antibacterial 250ml","Cuidado personal",7,"Bayer S.A Colombia",93,aceptado,"2025-08-04 13:35:11","",""
786,23,"Hierro + Ácido Fólico x30","Vitaminas y suplementos",6,"Tecnoquímicas S.A",59,entregado,"2023-01-11 10:20:11","2023-01-25 10:20:11","FAC-000786"
787,36,"Condón Prudence Fresa x3","Condones",8,"Distribuidora Íntima de Colombia S.A.S",28,entregado,"2024-09-20 06:21:56","2024-09-28 06:21:56","FAC-000787"
788,15,"Cefalexina 500mg x20","Antibiótico",5,"Genfar S.A - Grupo Sanofi",35,aceptado,"2024-07-27 05:48:26","",""
789,6,"Meloxicam 15mg x10","Analgésico",4,"Laboratorios Lafrancol S.A.S",47,en proceso,"2025-07-04 23:04:14","2025-07-24 23:04:14",""
790,14,"Claritromicina 500mg x14","Antibiótico",5,"Genfar S.A - Grupo Sanofi",69,entregado,"2024-10-11 09:28:41","2024-10-18 09:28:41","FAC-000790"
791,13,"Clindamicina 300mg x16","Antibiótico",5,"Genfar S.A - Grupo Sanofi",24,en proceso,"2023-12-02 09:34:10","2023-12-18 09:34:10",""
792,2,"Ibuprofeno 400mg x10","Analgésico",4,"Laboratorios Lafrancol S.A.S",100,en proceso,"2025-10-31 01:36:51","2025-11-12 01:36:51",""
793,47,"Lubricante Prudence Aqua 60ml","Lubricantes",9,"Laboratorios Siegfried Colombia S.A",93,entregado,"2025-06-18 05:51:12","2025-06-24 05:51:12","FAC-000793"
794,42,"Lubricante Íntimo KY 75ml","Lubricantes",9,"Laboratorios Siegfried Colombia S.A",28,en proceso,"2025-11-24 08:28:06","2025-12-14 08:28:06",""
795,21,"Calcio + Vitamina D x60","Vitaminas y suplementos",6,"Tecnoquímicas S.A",25,entregado,"2023-09-21 11:35:36","2023-09-30 11:35:36","FAC-000795"
796,9,"Amoxicilina 500mg x21","Antibiótico",5,"Genfar S.A - Grupo Sanofi",47,entregado,"2024-02-01 14:06:41","2024-02-11 14:06:41","FAC-000796"
797,21,"Calcio + Vitamina D x60","Vitaminas y suplementos",6,"Tecnoquímicas S.A",69,aceptado,"2025-01-19 05:17:03","",""
798,47,"Lubricante Prudence Aqua 60ml","Lubricantes",9,"Laboratorios Siegfried Colombia S.A",53,entregado,"2023-12-02 04:56:48","2023-12-07 04:56:48","FAC-000798"
799,36,"Condón Prudence Fresa x3","Condones",8,"Distribuidora Íntima de Colombia S.A.S",17,entregado,"2023-10-17 11:53:06","2023-10-29 11:53:06","FAC-000799"
800,9,"Amoxicilina 500mg x21","Antibiótico",5,"Genfar S.A - Grupo Sanofi",73,entregado,"2025-01-31 16:59:45","2025-02-08 16:59:45","FAC-000800"
801,31,"Desodorante roll-on 50ml","Cuidado personal",7,"Bayer S.A Colombia",24,aceptado,"2025-03-23 03:49:16","",""
802,18,"Vitamina D3 2000UI x30","Vitaminas y suplementos",6,"Tecnoquímicas S.A",45,entregado,"2025-12-21 22:30:29","2026-01-02 22:30:29","FAC-000802"
803,48,"Lubricante Control Aqua 75ml","Lubricantes",9,"Laboratorios Siegfried Colombia S.A",18,aceptado,"2024-08-13 00:00:59","",""
804,25,"Protector solar SPF 50 50ml","Cuidado personal",7,"Bayer S.A Colombia",67,aceptado,"2024-03-26 13:21:27","",""
805,1,"Acetaminofén 500mg x10","Analgésico",4,"Laboratorios Lafrancol S.A.S",81,en proceso,"2023-01-15 02:29:44","2023-01-31 02:29:44",""
806,47,"Lubricante Prudence Aqua 60ml","Lubricantes",9,"Laboratorios Siegfried Colombia S.A",72,en proceso,"2024-09-05 20:47:42","2024-09-15 20:47:42",""
807,11,"Ciprofloxacino 500mg x10","Antibiótico",5,"Genfar S.A - Grupo Sanofi",51,en proceso,"2024-10-14 17:55:09","2024-11-03 17:55:09",""
808,8,"Ketorolaco 10mg x10","Analgésico",4,"Laboratorios Lafrancol S.A.S",21,en proceso,"2024-07-23 14:53:55","2024-08-04 14:53:55",""
809,20,"Omega 3 1000mg x30","Vitaminas y suplementos",6,"Tecnoquímicas S.A",65,aceptado,"2023-01-08 09:57:18","",""
810,45,"Lubricante Yes OB Natural 80ml","Lubricantes",9,"Laboratorios Siegfried Colombia S.A",93,en proceso,"2023-05-20 12:05:40","2023-05-31 12:05:40",""
811,18,"Vitamina D3 2000UI x30","Vitaminas y suplementos",6,"Tecnoquímicas S.A",52,en proceso,"2025-02-25 16:20:03","2025-03-05 16:20:03",""
812,44,"Lubricante Nuei Delay 100ml","Lubricantes",9,"Laboratorios Siegfried Colombia S.A",20,entregado,"2025-07-24 05:45:17","2025-08-04 05:45:17","FAC-000812"
813,33,"Condón Durex Natural x3","Condones",8,"Distribuidora Íntima de Colombia S.A.S",99,entregado,"2023-07-14 13:56:09","2023-07-28 13:56:09","FAC-000813"
814,5,"Diclofenaco 50mg x10","Analgésico",4,"Laboratorios Lafrancol S.A.S",80,en proceso,"2025-05-22 01:03:52","2025-06-03 01:03:52",""
815,23,"Hierro + Ácido Fólico x30","Vitaminas y suplementos",6,"Tecnoquímicas S.A",19,entregado,"2024-03-31 11:09:34","2024-04-07 11:09:34","FAC-000815"
816,35,"Condón Condomi Ultra x12","Condones",8,"Distribuidora Íntima de Colombia S.A.S",26,entregado,"2025-12-08 23:47:10","2025-12-17 23:47:10","FAC-000816"
817,37,"Condón Control Retard x3","Condones",8,"Distribuidora Íntima de Colombia S.A.S",49,aceptado,"2024-11-17 01:32:12","",""
818,28,"Jabón antibacterial 250ml","Cuidado personal",7,"Bayer S.A Colombia",52,en proceso,"2023-11-06 12:50:26","2023-11-13 12:50:26",""
819,40,"Condón Protex x12","Condones",8,"Distribuidora Íntima de Colombia S.A.S",28,en proceso,"2024-11-03 22:19:52","2024-11-08 22:19:52",""
820,36,"Condón Prudence Fresa x3","Condones",8,"Distribuidora Íntima de Colombia S.A.S",69,en proceso,"2025-01-24 11:27:24","2025-01-30 11:27:24",""
821,25,"Protector solar SPF 50 50ml","Cuidado personal",7,"Bayer S.A Colombia",49,entregado,"2023-01-15 17:12:01","2023-01-24 17:12:01","FAC-000821"
822,23,"Hierro + Ácido Fólico x30","Vitaminas y suplementos",6,"Tecnoquímicas S.A",28,en proceso,"2025-12-14 19:30:27","2025-12-22 19:30:27",""
823,4,"Aspirina 100mg x10","Analgésico",4,"Laboratorios Lafrancol S.A.S",49,entregado,"2023-04-09 00:42:25","2023-04-18 00:42:25","FAC-000823"
824,43,"Lubricante Pjur Original 30ml","Lubricantes",9,"Laboratorios Siegfried Colombia S.A",94,entregado,"2023-02-14 17:16:04","2023-03-01 17:16:04","FAC-000824"
825,25,"Protector solar SPF 50 50ml","Cuidado personal",7,"Bayer S.A Colombia",25,entregado,"2025-10-14 03:37:45","2025-10-22 03:37:45","FAC-000825"
826,28,"Jabón antibacterial 250ml","Cuidado personal",7,"Bayer S.A Colombia",44,entregado,"2025-08-28 20:50:47","2025-09-05 20:50:47","FAC-000826"
827,43,"Lubricante Pjur Original 30ml","Lubricantes",9,"Laboratorios Siegfried Colombia S.A",10,entregado,"2024-06-21 03:37:08","2024-06-30 03:37:08","FAC-000827"
828,42,"Lubricante Íntimo KY 75ml","Lubricantes",9,"Laboratorios Siegfried Colombia S.A",20,en proceso,"2023-06-18 19:12:09","2023-07-08 19:12:09",""
829,12,"Metronidazol 500mg x14","Antibiótico",5,"Genfar S.A - Grupo Sanofi",76,aceptado,"2023-02-19 15:28:28","",""
830,39,"Condón Vive Placer Real x3","Condones",8,"Distribuidora Íntima de Colombia S.A.S",66,en proceso,"2023-02-27 14:58:59","2023-03-10 14:58:59",""
831,7,"Tramadol 50mg x10","Analgésico",4,"Laboratorios Lafrancol S.A.S",94,en proceso,"2024-08-02 22:01:53","2024-08-19 22:01:53",""
832,22,"Zinc 50mg x30","Vitaminas y suplementos",6,"Tecnoquímicas S.A",91,en proceso,"2025-11-30 08:30:23","2025-12-19 08:30:23",""
833,1,"Acetaminofén 500mg x10","Analgésico",4,"Laboratorios Lafrancol S.A.S",13,entregado,"2025-01-10 05:26:47","2025-01-22 05:26:47","FAC-000833"
834,34,"Condón Durex Extra Fino x3","Condones",8,"Distribuidora Íntima de Colombia S.A.S",38,entregado,"2023-02-23 05:42:44","2023-03-10 05:42:44","FAC-000834"
835,18,"Vitamina D3 2000UI x30","Vitaminas y suplementos",6,"Tecnoquímicas S.A",10,entregado,"2023-10-03 00:17:02","2023-10-08 00:17:02","FAC-000835"
836,43,"Lubricante Pjur Original 30ml","Lubricantes",9,"Laboratorios Siegfried Colombia S.A",28,entregado,"2025-02-09 12:04:48","2025-02-18 12:04:48","FAC-000836"
837,20,"Omega 3 1000mg x30","Vitaminas y suplementos",6,"Tecnoquímicas S.A",70,entregado,"2024-02-28 20:12:13","2024-03-07 20:12:13","FAC-000837"
838,8,"Ketorolaco 10mg x10","Analgésico",4,"Laboratorios Lafrancol S.A.S",33,aceptado,"2023-03-20 08:09:10","",""
839,31,"Desodorante roll-on 50ml","Cuidado personal",7,"Bayer S.A Colombia",73,en proceso,"2023-07-05 08:33:02","2023-07-11 08:33:02",""
840,13,"Clindamicina 300mg x16","Antibiótico",5,"Genfar S.A - Grupo Sanofi",90,entregado,"2025-08-26 20:58:43","2025-08-29 20:58:43","FAC-000840"
841,34,"Condón Durex Extra Fino x3","Condones",8,"Distribuidora Íntima de Colombia S.A.S",15,entregado,"2025-08-22 06:24:22","2025-08-28 06:24:22","FAC-000841"
842,10,"Azitromicina 500mg x3","Antibiótico",5,"Genfar S.A - Grupo Sanofi",53,en proceso,"2024-10-27 11:58:42","2024-11-09 11:58:42",""
843,44,"Lubricante Nuei Delay 100ml","Lubricantes",9,"Laboratorios Siegfried Colombia S.A",79,aceptado,"2024-02-21 05:37:43","",""
844,44,"Lubricante Nuei Delay 100ml","Lubricantes",9,"Laboratorios Siegfried Colombia S.A",86,en proceso,"2024-02-03 08:02:40","2024-02-18 08:02:40",""
845,33,"Condón Durex Natural x3","Condones",8,"Distribuidora Íntima de Colombia S.A.S",10,entregado,"2023-06-23 03:21:58","2023-07-06 03:21:58","FAC-000845"
846,9,"Amoxicilina 500mg x21","Antibiótico",5,"Genfar S.A - Grupo Sanofi",58,en proceso,"2024-10-10 03:37:02","2024-10-15 03:37:02",""
847,23,"Hierro + Ácido Fólico x30","Vitaminas y suplementos",6,"Tecnoquímicas S.A",79,entregado,"2023-08-04 17:33:04","2023-08-07 17:33:04","FAC-000847"
848,44,"Lubricante Nuei Delay 100ml","Lubricantes",9,"Laboratorios Siegfried Colombia S.A",97,entregado,"2025-08-20 06:24:57","2025-08-28 06:24:57","FAC-000848"
849,40,"Condón Protex x12","Condones",8,"Distribuidora Íntima de Colombia S.A.S",85,entregado,"2025-01-30 18:53:48","2025-02-07 18:53:48","FAC-000849"
850,23,"Hierro + Ácido Fólico x30","Vitaminas y suplementos",6,"Tecnoquímicas S.A",82,entregado,"2023-05-22 10:08:37","2023-06-01 10:08:37","FAC-000850"
851,43,"Lubricante Pjur Original 30ml","Lubricantes",9,"Laboratorios Siegfried Colombia S.A",73,en proceso,"2024-03-21 11:55:32","2024-04-05 11:55:32",""
852,34,"Condón Durex Extra Fino x3","Condones",8,"Distribuidora Íntima de Colombia S.A.S",53,entregado,"2023-02-08 14:13:32","2023-02-12 14:13:32","FAC-000852"
853,3,"Naproxeno 500mg x10","Analgésico",4,"Laboratorios Lafrancol S.A.S",86,entregado,"2025-08-27 20:48:03","2025-09-11 20:48:03","FAC-000853"
854,32,"Gel antibacterial 500ml","Cuidado personal",7,"Bayer S.A Colombia",18,entregado,"2023-04-04 05:43:50","2023-04-15 05:43:50","FAC-000854"
855,45,"Lubricante Yes OB Natural 80ml","Lubricantes",9,"Laboratorios Siegfried Colombia S.A",97,entregado,"2024-08-08 20:48:05","2024-08-18 20:48:05","FAC-000855"
856,40,"Condón Protex x12","Condones",8,"Distribuidora Íntima de Colombia S.A.S",81,entregado,"2023-10-04 11:03:47","2023-10-07 11:03:47","FAC-000856"
857,25,"Protector solar SPF 50 50ml","Cuidado personal",7,"Bayer S.A Colombia",38,entregado,"2024-05-01 18:55:45","2024-05-16 18:55:45","FAC-000857"
858,20,"Omega 3 1000mg x30","Vitaminas y suplementos",6,"Tecnoquímicas S.A",87,entregado,"2024-01-28 23:52:59","2024-02-08 23:52:59","FAC-000858"
859,14,"Claritromicina 500mg x14","Antibiótico",5,"Genfar S.A - Grupo Sanofi",100,entregado,"2024-08-08 17:04:10","2024-08-20 17:04:10","FAC-000859"
860,43,"Lubricante Pjur Original 30ml","Lubricantes",9,"Laboratorios Siegfried Colombia S.A",75,entregado,"2025-02-10 06:56:48","2025-02-17 06:56:48","FAC-000860"
861,9,"Amoxicilina 500mg x21","Antibiótico",5,"Genfar S.A - Grupo Sanofi",79,entregado,"2023-06-28 00:23:42","2023-07-04 00:23:42","FAC-000861"
862,14,"Claritromicina 500mg x14","Antibiótico",5,"Genfar S.A - Grupo Sanofi",58,entregado,"2023-06-04 08:11:10","2023-06-14 08:11:10","FAC-000862"
863,46,"Lubricante Vive Sensitivo 50ml","Lubricantes",9,"Laboratorios Siegfried Colombia S.A",87,entregado,"2025-11-04 11:26:16","2025-11-09 11:26:16","FAC-000863"
864,10,"Azitromicina 500mg x3","Antibiótico",5,"Genfar S.A - Grupo Sanofi",36,en proceso,"2023-09-12 20:04:25","2023-09-25 20:04:25",""
865,24,"Magnesio 400mg x60","Vitaminas y suplementos",6,"Tecnoquímicas S.A",91,en proceso,"2025-07-30 16:10:36","2025-08-04 16:10:36",""
866,35,"Condón Condomi Ultra x12","Condones",8,"Distribuidora Íntima de Colombia S.A.S",46,entregado,"2023-03-25 23:47:38","2023-04-05 23:47:38","FAC-000866"
867,45,"Lubricante Yes OB Natural 80ml","Lubricantes",9,"Laboratorios Siegfried Colombia S.A",90,en proceso,"2023-01-04 14:06:14","2023-01-23 14:06:14",""
868,7,"Tramadol 50mg x10","Analgésico",4,"Laboratorios Lafrancol S.A.S",48,en proceso,"2023-09-28 09:37:43","2023-10-09 09:37:43",""
869,40,"Condón Protex x12","Condones",8,"Distribuidora Íntima de Colombia S.A.S",21,entregado,"2023-01-25 01:34:26","2023-02-01 01:34:26","FAC-000869"
870,32,"Gel antibacterial 500ml","Cuidado personal",7,"Bayer S.A Colombia",75,entregado,"2025-10-09 12:42:07","2025-10-16 12:42:07","FAC-000870"
871,14,"Claritromicina 500mg x14","Antibiótico",5,"Genfar S.A - Grupo Sanofi",17,en proceso,"2023-12-07 22:52:15","2023-12-12 22:52:15",""
872,28,"Jabón antibacterial 250ml","Cuidado personal",7,"Bayer S.A Colombia",17,entregado,"2025-06-02 17:37:01","2025-06-06 17:37:01","FAC-000872"
873,28,"Jabón antibacterial 250ml","Cuidado personal",7,"Bayer S.A Colombia",85,entregado,"2025-04-18 13:59:38","2025-04-28 13:59:38","FAC-000873"
874,9,"Amoxicilina 500mg x21","Antibiótico",5,"Genfar S.A - Grupo Sanofi",44,entregado,"2024-03-18 00:32:34","2024-03-25 00:32:34","FAC-000874"
875,46,"Lubricante Vive Sensitivo 50ml","Lubricantes",9,"Laboratorios Siegfried Colombia S.A",21,entregado,"2023-03-14 03:36:48","2023-03-23 03:36:48","FAC-000875"
876,37,"Condón Control Retard x3","Condones",8,"Distribuidora Íntima de Colombia S.A.S",25,aceptado,"2024-08-31 17:03:42","",""
877,39,"Condón Vive Placer Real x3","Condones",8,"Distribuidora Íntima de Colombia S.A.S",64,entregado,"2023-06-29 08:48:55","2023-07-14 08:48:55","FAC-000877"
878,4,"Aspirina 100mg x10","Analgésico",4,"Laboratorios Lafrancol S.A.S",82,aceptado,"2024-01-30 12:50:01","",""
879,31,"Desodorante roll-on 50ml","Cuidado personal",7,"Bayer S.A Colombia",76,en proceso,"2023-06-04 07:14:01","2023-06-11 07:14:01",""
880,10,"Azitromicina 500mg x3","Antibiótico",5,"Genfar S.A - Grupo Sanofi",11,entregado,"2024-10-08 11:01:21","2024-10-20 11:01:21","FAC-000880"
881,38,"Condón Lifestyles Ultra x12","Condones",8,"Distribuidora Íntima de Colombia S.A.S",47,entregado,"2024-08-24 21:08:42","2024-09-05 21:08:42","FAC-000881"
882,46,"Lubricante Vive Sensitivo 50ml","Lubricantes",9,"Laboratorios Siegfried Colombia S.A",21,entregado,"2025-04-28 20:38:17","2025-05-02 20:38:17","FAC-000882"
883,10,"Azitromicina 500mg x3","Antibiótico",5,"Genfar S.A - Grupo Sanofi",42,en proceso,"2023-03-08 18:45:30","2023-03-21 18:45:30",""
884,11,"Ciprofloxacino 500mg x10","Antibiótico",5,"Genfar S.A - Grupo Sanofi",64,entregado,"2025-07-07 06:05:00","2025-07-20 06:05:00","FAC-000884"
885,1,"Acetaminofén 500mg x10","Analgésico",4,"Laboratorios Lafrancol S.A.S",45,entregado,"2023-02-26 18:54:39","2023-03-05 18:54:39","FAC-000885"
886,4,"Aspirina 100mg x10","Analgésico",4,"Laboratorios Lafrancol S.A.S",26,en proceso,"2025-09-19 04:38:02","2025-10-04 04:38:02",""
887,4,"Aspirina 100mg x10","Analgésico",4,"Laboratorios Lafrancol S.A.S",65,entregado,"2023-07-30 22:15:06","2023-08-10 22:15:06","FAC-000887"
888,20,"Omega 3 1000mg x30","Vitaminas y suplementos",6,"Tecnoquímicas S.A",25,entregado,"2024-03-21 09:20:18","2024-03-30 09:20:18","FAC-000888"
889,16,"Doxiciclina 100mg x10","Antibiótico",5,"Genfar S.A - Grupo Sanofi",88,entregado,"2025-06-17 13:23:18","2025-06-26 13:23:18","FAC-000889"
890,41,"Lubricante Durex Play 50ml","Lubricantes",9,"Laboratorios Siegfried Colombia S.A",86,entregado,"2025-10-07 20:00:19","2025-10-21 20:00:19","FAC-000890"
891,48,"Lubricante Control Aqua 75ml","Lubricantes",9,"Laboratorios Siegfried Colombia S.A",86,entregado,"2024-12-11 07:19:03","2024-12-16 07:19:03","FAC-000891"
892,44,"Lubricante Nuei Delay 100ml","Lubricantes",9,"Laboratorios Siegfried Colombia S.A",53,en proceso,"2025-01-12 01:42:51","2025-01-24 01:42:51",""
893,35,"Condón Condomi Ultra x12","Condones",8,"Distribuidora Íntima de Colombia S.A.S",72,aceptado,"2024-07-27 13:45:45","",""
894,8,"Ketorolaco 10mg x10","Analgésico",4,"Laboratorios Lafrancol S.A.S",49,entregado,"2024-11-18 17:05:08","2024-12-02 17:05:08","FAC-000894"
895,22,"Zinc 50mg x30","Vitaminas y suplementos",6,"Tecnoquímicas S.A",34,entregado,"2025-01-31 10:29:53","2025-02-07 10:29:53","FAC-000895"
896,22,"Zinc 50mg x30","Vitaminas y suplementos",6,"Tecnoquímicas S.A",96,entregado,"2025-05-10 21:03:01","2025-05-24 21:03:01","FAC-000896"
897,28,"Jabón antibacterial 250ml","Cuidado personal",7,"Bayer S.A Colombia",12,entregado,"2025-05-14 05:12:51","2025-05-29 05:12:51","FAC-000897"
898,11,"Ciprofloxacino 500mg x10","Antibiótico",5,"Genfar S.A - Grupo Sanofi",93,entregado,"2024-04-28 07:25:14","2024-05-02 07:25:14","FAC-000898"
899,37,"Condón Control Retard x3","Condones",8,"Distribuidora Íntima de Colombia S.A.S",98,entregado,"2024-01-07 08:39:15","2024-01-13 08:39:15","FAC-000899"
900,15,"Cefalexina 500mg x20","Antibiótico",5,"Genfar S.A - Grupo Sanofi",72,aceptado,"2025-07-18 18:04:37","",""
901,10,"Azitromicina 500mg x3","Antibiótico",5,"Genfar S.A - Grupo Sanofi",47,entregado,"2024-08-14 06:13:17","2024-08-23 06:13:17","FAC-000901"
902,27,"Crema hidratante facial 50ml","Cuidado personal",7,"Bayer S.A Colombia",36,entregado,"2023-02-17 02:27:56","2023-03-03 02:27:56","FAC-000902"
903,17,"Vitamina C 1000mg x30","Vitaminas y suplementos",6,"Tecnoquímicas S.A",43,entregado,"2025-05-07 04:12:00","2025-05-15 04:12:00","FAC-000903"
904,3,"Naproxeno 500mg x10","Analgésico",4,"Laboratorios Lafrancol S.A.S",36,en proceso,"2024-04-11 06:11:13","2024-04-16 06:11:13",""
905,31,"Desodorante roll-on 50ml","Cuidado personal",7,"Bayer S.A Colombia",79,en proceso,"2024-05-21 06:42:41","2024-06-07 06:42:41",""
906,15,"Cefalexina 500mg x20","Antibiótico",5,"Genfar S.A - Grupo Sanofi",28,entregado,"2023-07-08 23:43:52","2023-07-21 23:43:52","FAC-000906"
907,32,"Gel antibacterial 500ml","Cuidado personal",7,"Bayer S.A Colombia",94,entregado,"2025-12-26 15:08:13","2025-12-31 15:08:13","FAC-000907"
908,28,"Jabón antibacterial 250ml","Cuidado personal",7,"Bayer S.A Colombia",85,entregado,"2025-06-28 23:32:34","2025-07-02 23:32:34","FAC-000908"
909,43,"Lubricante Pjur Original 30ml","Lubricantes",9,"Laboratorios Siegfried Colombia S.A",27,en proceso,"2024-06-03 17:07:53","2024-06-23 17:07:53",""
910,29,"Hilo dental 50m","Cuidado personal",7,"Bayer S.A Colombia",37,entregado,"2024-05-05 12:15:08","2024-05-08 12:15:08","FAC-000910"
911,1,"Acetaminofén 500mg x10","Analgésico",4,"Laboratorios Lafrancol S.A.S",16,entregado,"2024-12-29 12:56:54","2025-01-04 12:56:54","FAC-000911"
912,5,"Diclofenaco 50mg x10","Analgésico",4,"Laboratorios Lafrancol S.A.S",52,entregado,"2024-07-11 22:58:04","2024-07-15 22:58:04","FAC-000912"
913,1,"Acetaminofén 500mg x10","Analgésico",4,"Laboratorios Lafrancol S.A.S",97,en proceso,"2025-10-20 00:01:11","2025-11-02 00:01:11",""
914,33,"Condón Durex Natural x3","Condones",8,"Distribuidora Íntima de Colombia S.A.S",90,aceptado,"2024-09-22 04:59:45","",""
915,7,"Tramadol 50mg x10","Analgésico",4,"Laboratorios Lafrancol S.A.S",47,aceptado,"2024-08-25 05:21:40","",""
916,36,"Condón Prudence Fresa x3","Condones",8,"Distribuidora Íntima de Colombia S.A.S",13,en proceso,"2024-10-11 20:55:48","2024-10-21 20:55:48",""
917,29,"Hilo dental 50m","Cuidado personal",7,"Bayer S.A Colombia",86,en proceso,"2025-10-31 07:36:32","2025-11-12 07:36:32",""
918,29,"Hilo dental 50m","Cuidado personal",7,"Bayer S.A Colombia",93,en proceso,"2023-03-15 01:19:12","2023-03-27 01:19:12",""
919,39,"Condón Vive Placer Real x3","Condones",8,"Distribuidora Íntima de Colombia S.A.S",91,entregado,"2024-02-01 08:07:57","2024-02-06 08:07:57","FAC-000919"
920,5,"Diclofenaco 50mg x10","Analgésico",4,"Laboratorios Lafrancol S.A.S",75,aceptado,"2024-01-07 23:03:47","",""
921,33,"Condón Durex Natural x3","Condones",8,"Distribuidora Íntima de Colombia S.A.S",18,entregado,"2024-12-28 15:45:18","2025-01-06 15:45:18","FAC-000921"
922,23,"Hierro + Ácido Fólico x30","Vitaminas y suplementos",6,"Tecnoquímicas S.A",53,en proceso,"2025-07-28 00:15:17","2025-08-11 00:15:17",""
923,47,"Lubricante Prudence Aqua 60ml","Lubricantes",9,"Laboratorios Siegfried Colombia S.A",26,en proceso,"2025-12-12 00:23:29","2025-12-31 00:23:29",""
924,14,"Claritromicina 500mg x14","Antibiótico",5,"Genfar S.A - Grupo Sanofi",36,entregado,"2024-07-03 07:49:20","2024-07-11 07:49:20","FAC-000924"
925,1,"Acetaminofén 500mg x10","Analgésico",4,"Laboratorios Lafrancol S.A.S",84,entregado,"2025-04-19 22:21:36","2025-04-30 22:21:36","FAC-000925"
926,10,"Azitromicina 500mg x3","Antibiótico",5,"Genfar S.A - Grupo Sanofi",65,aceptado,"2025-09-29 03:14:22","",""
927,7,"Tramadol 50mg x10","Analgésico",4,"Laboratorios Lafrancol S.A.S",81,aceptado,"2024-10-13 12:34:39","",""
928,29,"Hilo dental 50m","Cuidado personal",7,"Bayer S.A Colombia",98,entregado,"2025-08-09 20:36:28","2025-08-23 20:36:28","FAC-000928"
929,30,"Crema dental blanqueadora 75ml","Cuidado personal",7,"Bayer S.A Colombia",95,entregado,"2025-09-06 06:45:01","2025-09-14 06:45:01","FAC-000929"
930,41,"Lubricante Durex Play 50ml","Lubricantes",9,"Laboratorios Siegfried Colombia S.A",29,entregado,"2025-08-28 13:08:23","2025-09-09 13:08:23","FAC-000930"
931,40,"Condón Protex x12","Condones",8,"Distribuidora Íntima de Colombia S.A.S",28,entregado,"2025-12-14 00:23:36","2025-12-24 00:23:36","FAC-000931"
932,27,"Crema hidratante facial 50ml","Cuidado personal",7,"Bayer S.A Colombia",13,entregado,"2023-05-10 09:14:52","2023-05-19 09:14:52","FAC-000932"
933,42,"Lubricante Íntimo KY 75ml","Lubricantes",9,"Laboratorios Siegfried Colombia S.A",90,entregado,"2025-04-17 09:34:51","2025-04-29 09:34:51","FAC-000933"
934,3,"Naproxeno 500mg x10","Analgésico",4,"Laboratorios Lafrancol S.A.S",42,en proceso,"2023-12-11 22:00:04","2023-12-23 22:00:04",""
935,20,"Omega 3 1000mg x30","Vitaminas y suplementos",6,"Tecnoquímicas S.A",81,en proceso,"2025-02-11 05:19:36","2025-02-27 05:19:36",""
936,8,"Ketorolaco 10mg x10","Analgésico",4,"Laboratorios Lafrancol S.A.S",33,entregado,"2023-09-28 19:12:22","2023-10-13 19:12:22","FAC-000936"
937,16,"Doxiciclina 100mg x10","Antibiótico",5,"Genfar S.A - Grupo Sanofi",13,entregado,"2024-06-24 03:38:49","2024-06-29 03:38:49","FAC-000937"
938,39,"Condón Vive Placer Real x3","Condones",8,"Distribuidora Íntima de Colombia S.A.S",37,entregado,"2023-03-11 21:55:03","2023-03-26 21:55:03","FAC-000938"
939,46,"Lubricante Vive Sensitivo 50ml","Lubricantes",9,"Laboratorios Siegfried Colombia S.A",23,entregado,"2023-10-27 01:15:25","2023-11-11 01:15:25","FAC-000939"
940,48,"Lubricante Control Aqua 75ml","Lubricantes",9,"Laboratorios Siegfried Colombia S.A",37,entregado,"2024-02-17 09:51:50","2024-02-27 09:51:50","FAC-000940"
941,15,"Cefalexina 500mg x20","Antibiótico",5,"Genfar S.A - Grupo Sanofi",54,entregado,"2025-06-05 01:19:25","2025-06-17 01:19:25","FAC-000941"
942,18,"Vitamina D3 2000UI x30","Vitaminas y suplementos",6,"Tecnoquímicas S.A",46,entregado,"2024-10-31 14:39:07","2024-11-15 14:39:07","FAC-000942"
943,2,"Ibuprofeno 400mg x10","Analgésico",4,"Laboratorios Lafrancol S.A.S",40,entregado,"2025-09-14 10:58:23","2025-09-23 10:58:23","FAC-000943"
944,39,"Condón Vive Placer Real x3","Condones",8,"Distribuidora Íntima de Colombia S.A.S",73,entregado,"2023-07-19 15:46:52","2023-07-27 15:46:52","FAC-000944"
945,38,"Condón Lifestyles Ultra x12","Condones",8,"Distribuidora Íntima de Colombia S.A.S",62,en proceso,"2024-06-11 08:44:20","2024-07-01 08:44:20",""
946,47,"Lubricante Prudence Aqua 60ml","Lubricantes",9,"Laboratorios Siegfried Colombia S.A",17,en proceso,"2024-07-05 16:49:25","2024-07-25 16:49:25",""
947,16,"Doxiciclina 100mg x10","Antibiótico",5,"Genfar S.A - Grupo Sanofi",72,entregado,"2024-03-01 05:43:57","2024-03-11 05:43:57","FAC-000947"
948,42,"Lubricante Íntimo KY 75ml","Lubricantes",9,"Laboratorios Siegfried Colombia S.A",88,entregado,"2024-11-02 10:39:11","2024-11-15 10:39:11","FAC-000948"
949,18,"Vitamina D3 2000UI x30","Vitaminas y suplementos",6,"Tecnoquímicas S.A",90,aceptado,"2024-04-03 13:49:12","",""
950,15,"Cefalexina 500mg x20","Antibiótico",5,"Genfar S.A - Grupo Sanofi",60,entregado,"2023-10-01 12:47:54","2023-10-12 12:47:54","FAC-000950"
951,13,"Clindamicina 300mg x16","Antibiótico",5,"Genfar S.A - Grupo Sanofi",30,aceptado,"2024-08-28 03:18:53","",""
952,40,"Condón Protex x12","Condones",8,"Distribuidora Íntima de Colombia S.A.S",20,aceptado,"2025-08-10 08:34:23","",""
953,27,"Crema hidratante facial 50ml","Cuidado personal",7,"Bayer S.A Colombia",47,en proceso,"2025-04-20 23:03:09","2025-05-05 23:03:09",""
954,6,"Meloxicam 15mg x10","Analgésico",4,"Laboratorios Lafrancol S.A.S",27,aceptado,"2025-03-05 23:16:15","",""
955,2,"Ibuprofeno 400mg x10","Analgésico",4,"Laboratorios Lafrancol S.A.S",68,entregado,"2024-11-11 21:15:14","2024-11-22 21:15:14","FAC-000955"
956,18,"Vitamina D3 2000UI x30","Vitaminas y suplementos",6,"Tecnoquímicas S.A",29,entregado,"2023-09-15 02:43:38","2023-09-23 02:43:38","FAC-000956"
957,2,"Ibuprofeno 400mg x10","Analgésico",4,"Laboratorios Lafrancol S.A.S",32,entregado,"2024-04-16 09:24:30","2024-04-19 09:24:30","FAC-000957"
958,9,"Amoxicilina 500mg x21","Antibiótico",5,"Genfar S.A - Grupo Sanofi",97,en proceso,"2023-07-16 00:33:26","2023-08-05 00:33:26",""
959,21,"Calcio + Vitamina D x60","Vitaminas y suplementos",6,"Tecnoquímicas S.A",51,entregado,"2025-06-15 07:05:25","2025-06-22 07:05:25","FAC-000959"
960,22,"Zinc 50mg x30","Vitaminas y suplementos",6,"Tecnoquímicas S.A",79,entregado,"2024-08-16 20:36:48","2024-08-23 20:36:48","FAC-000960"
961,19,"Complejo B x30","Vitaminas y suplementos",6,"Tecnoquímicas S.A",95,entregado,"2023-02-06 19:20:54","2023-02-13 19:20:54","FAC-000961"
962,31,"Desodorante roll-on 50ml","Cuidado personal",7,"Bayer S.A Colombia",72,entregado,"2025-11-04 05:31:48","2025-11-15 05:31:48","FAC-000962"
963,8,"Ketorolaco 10mg x10","Analgésico",4,"Laboratorios Lafrancol S.A.S",76,en proceso,"2023-08-02 03:47:21","2023-08-09 03:47:21",""
964,22,"Zinc 50mg x30","Vitaminas y suplementos",6,"Tecnoquímicas S.A",82,en proceso,"2023-11-11 08:17:29","2023-11-25 08:17:29",""
965,18,"Vitamina D3 2000UI x30","Vitaminas y suplementos",6,"Tecnoquímicas S.A",75,en proceso,"2025-03-05 18:12:43","2025-03-19 18:12:43",""
966,24,"Magnesio 400mg x60","Vitaminas y suplementos",6,"Tecnoquímicas S.A",43,entregado,"2024-08-01 09:32:32","2024-08-10 09:32:32","FAC-000966"
967,12,"Metronidazol 500mg x14","Antibiótico",5,"Genfar S.A - Grupo Sanofi",72,entregado,"2025-10-14 11:27:23","2025-10-27 11:27:23","FAC-000967"
968,12,"Metronidazol 500mg x14","Antibiótico",5,"Genfar S.A - Grupo Sanofi",31,en proceso,"2023-01-29 05:17:41","2023-02-10 05:17:41",""
969,6,"Meloxicam 15mg x10","Analgésico",4,"Laboratorios Lafrancol S.A.S",96,entregado,"2024-06-29 16:45:39","2024-07-12 16:45:39","FAC-000969"
970,15,"Cefalexina 500mg x20","Antibiótico",5,"Genfar S.A - Grupo Sanofi",97,entregado,"2025-01-03 20:06:05","2025-01-15 20:06:05","FAC-000970"
971,35,"Condón Condomi Ultra x12","Condones",8,"Distribuidora Íntima de Colombia S.A.S",30,aceptado,"2023-09-01 18:21:07","",""
972,18,"Vitamina D3 2000UI x30","Vitaminas y suplementos",6,"Tecnoquímicas S.A",83,entregado,"2025-10-18 04:54:27","2025-11-01 04:54:27","FAC-000972"
973,9,"Amoxicilina 500mg x21","Antibiótico",5,"Genfar S.A - Grupo Sanofi",11,entregado,"2025-04-17 07:05:23","2025-04-28 07:05:23","FAC-000973"
974,40,"Condón Protex x12","Condones",8,"Distribuidora Íntima de Colombia S.A.S",58,entregado,"2024-01-30 23:32:07","2024-02-02 23:32:07","FAC-000974"
975,45,"Lubricante Yes OB Natural 80ml","Lubricantes",9,"Laboratorios Siegfried Colombia S.A",14,entregado,"2024-03-26 21:20:51","2024-04-05 21:20:51","FAC-000975"
976,40,"Condón Protex x12","Condones",8,"Distribuidora Íntima de Colombia S.A.S",29,entregado,"2023-08-18 10:34:08","2023-08-30 10:34:08","FAC-000976"
977,20,"Omega 3 1000mg x30","Vitaminas y suplementos",6,"Tecnoquímicas S.A",52,entregado,"2023-02-01 07:45:36","2023-02-10 07:45:36","FAC-000977"
978,18,"Vitamina D3 2000UI x30","Vitaminas y suplementos",6,"Tecnoquímicas S.A",88,entregado,"2024-07-14 04:35:12","2024-07-18 04:35:12","FAC-000978"
979,15,"Cefalexina 500mg x20","Antibiótico",5,"Genfar S.A - Grupo Sanofi",35,entregado,"2025-07-20 08:56:49","2025-07-23 08:56:49","FAC-000979"
980,1,"Acetaminofén 500mg x10","Analgésico",4,"Laboratorios Lafrancol S.A.S",89,en proceso,"2025-11-26 17:16:01","2025-12-03 17:16:01",""
981,5,"Diclofenaco 50mg x10","Analgésico",4,"Laboratorios Lafrancol S.A.S",82,entregado,"2025-06-17 05:38:17","2025-06-22 05:38:17","FAC-000981"
982,19,"Complejo B x30","Vitaminas y suplementos",6,"Tecnoquímicas S.A",68,entregado,"2023-08-27 00:51:55","2023-09-02 00:51:55","FAC-000982"
983,46,"Lubricante Vive Sensitivo 50ml","Lubricantes",9,"Laboratorios Siegfried Colombia S.A",63,aceptado,"2025-04-21 12:51:35","",""
984,28,"Jabón antibacterial 250ml","Cuidado personal",7,"Bayer S.A Colombia",36,entregado,"2024-12-02 11:58:36","2024-12-09 11:58:36","FAC-000984"
985,32,"Gel antibacterial 500ml","Cuidado personal",7,"Bayer S.A Colombia",93,entregado,"2023-04-22 20:02:52","2023-04-29 20:02:52","FAC-000985"
986,38,"Condón Lifestyles Ultra x12","Condones",8,"Distribuidora Íntima de Colombia S.A.S",49,aceptado,"2025-06-14 19:51:10","",""
987,44,"Lubricante Nuei Delay 100ml","Lubricantes",9,"Laboratorios Siegfried Colombia S.A",46,en proceso,"2025-12-24 12:25:43","2026-01-07 12:25:43",""
988,20,"Omega 3 1000mg x30","Vitaminas y suplementos",6,"Tecnoquímicas S.A",55,aceptado,"2025-03-09 03:12:06","",""
989,7,"Tramadol 50mg x10","Analgésico",4,"Laboratorios Lafrancol S.A.S",99,entregado,"2023-11-10 02:34:12","2023-11-14 02:34:12","FAC-000989"
990,2,"Ibuprofeno 400mg x10","Analgésico",4,"Laboratorios Lafrancol S.A.S",84,en proceso,"2024-05-14 13:36:59","2024-05-28 13:36:59",""
991,3,"Naproxeno 500mg x10","Analgésico",4,"Laboratorios Lafrancol S.A.S",11,en proceso,"2024-07-06 04:20:21","2024-07-12 04:20:21",""
992,1,"Acetaminofén 500mg x10","Analgésico",4,"Laboratorios Lafrancol S.A.S",22,en proceso,"2025-02-24 00:32:07","2025-03-14 00:32:07",""
993,5,"Diclofenaco 50mg x10","Analgésico",4,"Laboratorios Lafrancol S.A.S",27,en proceso,"2024-11-16 18:56:03","2024-11-25 18:56:03",""
994,4,"Aspirina 100mg x10","Analgésico",4,"Laboratorios Lafrancol S.A.S",61,entregado,"2025-08-03 02:03:36","2025-08-13 02:03:36","FAC-000994"
995,37,"Condón Control Retard x3","Condones",8,"Distribuidora Íntima de Colombia S.A.S",17,entregado,"2024-02-12 14:26:17","2024-02-20 14:26:17","FAC-000995"
996,25,"Protector solar SPF 50 50ml","Cuidado personal",7,"Bayer S.A Colombia",48,en proceso,"2025-01-20 16:10:57","2025-01-30 16:10:57",""
997,8,"Ketorolaco 10mg x10","Analgésico",4,"Laboratorios Lafrancol S.A.S",80,en proceso,"2025-09-24 21:59:57","2025-10-06 21:59:57",""
998,2,"Ibuprofeno 400mg x10","Analgésico",4,"Laboratorios Lafrancol S.A.S",59,entregado,"2023-01-01 13:09:03","2023-01-06 13:09:03","FAC-000998"
999,6,"Meloxicam 15mg x10","Analgésico",4,"Laboratorios Lafrancol S.A.S",65,entregado,"2024-07-24 20:18:50","2024-08-03 20:18:50","FAC-000999"
1000,17,"Vitamina C 1000mg x30","Vitaminas y suplementos",6,"Tecnoquímicas S.A",69,aceptado,"2024-07-05 11:37:32","",""
1001,26,"Shampoo anticaspa 400ml","Cuidado personal",7,"Bayer S.A Colombia",35,en proceso,"2025-10-07 20:29:28","2025-10-14 20:29:28",""
1002,23,"Hierro + Ácido Fólico x30","Vitaminas y suplementos",6,"Tecnoquímicas S.A",92,entregado,"2023-03-08 07:17:24","2023-03-23 07:17:24","FAC-001002"
1003,12,"Metronidazol 500mg x14","Antibiótico",5,"Genfar S.A - Grupo Sanofi",93,entregado,"2023-03-03 03:06:27","2023-03-18 03:06:27","FAC-001003"
1004,10,"Azitromicina 500mg x3","Antibiótico",5,"Genfar S.A - Grupo Sanofi",83,entregado,"2025-07-08 22:16:56","2025-07-13 22:16:56","FAC-001004"
1005,41,"Lubricante Durex Play 50ml","Lubricantes",9,"Laboratorios Siegfried Colombia S.A",29,entregado,"2023-03-06 03:51:07","2023-03-14 03:51:07","FAC-001005"
1006,28,"Jabón antibacterial 250ml","Cuidado personal",7,"Bayer S.A Colombia",98,entregado,"2025-02-09 17:19:50","2025-02-19 17:19:50","FAC-001006"
1007,28,"Jabón antibacterial 250ml","Cuidado personal",7,"Bayer S.A Colombia",86,en proceso,"2023-03-15 20:47:45","2023-03-30 20:47:45",""
1008,38,"Condón Lifestyles Ultra x12","Condones",8,"Distribuidora Íntima de Colombia S.A.S",38,entregado,"2023-05-03 21:28:34","2023-05-11 21:28:34","FAC-001008"
1009,18,"Vitamina D3 2000UI x30","Vitaminas y suplementos",6,"Tecnoquímicas S.A",59,entregado,"2025-01-20 11:47:44","2025-01-30 11:47:44","FAC-001009"
1010,16,"Doxiciclina 100mg x10","Antibiótico",5,"Genfar S.A - Grupo Sanofi",87,aceptado,"2023-11-26 18:48:59","",""
1011,28,"Jabón antibacterial 250ml","Cuidado personal",7,"Bayer S.A Colombia",92,en proceso,"2023-02-08 17:16:29","2023-02-23 17:16:29",""
1012,34,"Condón Durex Extra Fino x3","Condones",8,"Distribuidora Íntima de Colombia S.A.S",90,entregado,"2023-09-09 06:47:34","2023-09-14 06:47:34","FAC-001012"
1013,43,"Lubricante Pjur Original 30ml","Lubricantes",9,"Laboratorios Siegfried Colombia S.A",79,entregado,"2025-03-14 05:28:55","2025-03-18 05:28:55","FAC-001013"
1014,10,"Azitromicina 500mg x3","Antibiótico",5,"Genfar S.A - Grupo Sanofi",85,entregado,"2023-05-01 21:06:14","2023-05-08 21:06:14","FAC-001014"
1015,4,"Aspirina 100mg x10","Analgésico",4,"Laboratorios Lafrancol S.A.S",57,entregado,"2023-05-29 14:00:54","2023-06-05 14:00:54","FAC-001015"
1016,1,"Acetaminofén 500mg x10","Analgésico",4,"Laboratorios Lafrancol S.A.S",11,entregado,"2025-09-05 15:38:49","2025-09-19 15:38:49","FAC-001016"
1017,35,"Condón Condomi Ultra x12","Condones",8,"Distribuidora Íntima de Colombia S.A.S",44,en proceso,"2024-08-31 10:30:07","2024-09-16 10:30:07",""
1018,31,"Desodorante roll-on 50ml","Cuidado personal",7,"Bayer S.A Colombia",99,entregado,"2023-08-18 06:11:40","2023-08-23 06:11:40","FAC-001018"
1019,43,"Lubricante Pjur Original 30ml","Lubricantes",9,"Laboratorios Siegfried Colombia S.A",72,en proceso,"2024-12-24 09:54:39","2025-01-06 09:54:39",""
1020,1,"Acetaminofén 500mg x10","Analgésico",4,"Laboratorios Lafrancol S.A.S",45,entregado,"2023-12-16 06:40:48","2023-12-24 06:40:48","FAC-001020"
1021,40,"Condón Protex x12","Condones",8,"Distribuidora Íntima de Colombia S.A.S",52,entregado,"2024-09-11 10:05:22","2024-09-21 10:05:22","FAC-001021"
1022,12,"Metronidazol 500mg x14","Antibiótico",5,"Genfar S.A - Grupo Sanofi",59,entregado,"2025-03-21 18:26:16","2025-04-04 18:26:16","FAC-001022"
1023,16,"Doxiciclina 100mg x10","Antibiótico",5,"Genfar S.A - Grupo Sanofi",53,en proceso,"2025-10-10 22:41:22","2025-10-21 22:41:22",""
1024,1,"Acetaminofén 500mg x10","Analgésico",4,"Laboratorios Lafrancol S.A.S",58,en proceso,"2024-06-21 05:47:22","2024-06-29 05:47:22",""
1025,24,"Magnesio 400mg x60","Vitaminas y suplementos",6,"Tecnoquímicas S.A",52,en proceso,"2025-10-23 08:41:59","2025-11-06 08:41:59",""
1026,39,"Condón Vive Placer Real x3","Condones",8,"Distribuidora Íntima de Colombia S.A.S",78,entregado,"2023-09-26 13:37:42","2023-10-09 13:37:42","FAC-001026"
1027,22,"Zinc 50mg x30","Vitaminas y suplementos",6,"Tecnoquímicas S.A",70,entregado,"2024-09-23 11:20:19","2024-10-01 11:20:19","FAC-001027"
1028,2,"Ibuprofeno 400mg x10","Analgésico",4,"Laboratorios Lafrancol S.A.S",33,entregado,"2023-02-28 05:06:16","2023-03-06 05:06:16","FAC-001028"
1029,45,"Lubricante Yes OB Natural 80ml","Lubricantes",9,"Laboratorios Siegfried Colombia S.A",82,entregado,"2024-04-14 23:04:50","2024-04-17 23:04:50","FAC-001029"
1030,39,"Condón Vive Placer Real x3","Condones",8,"Distribuidora Íntima de Colombia S.A.S",92,entregado,"2023-05-10 15:28:16","2023-05-25 15:28:16","FAC-001030"
1031,2,"Ibuprofeno 400mg x10","Analgésico",4,"Laboratorios Lafrancol S.A.S",91,entregado,"2024-02-01 21:45:54","2024-02-04 21:45:54","FAC-001031"
1032,3,"Naproxeno 500mg x10","Analgésico",4,"Laboratorios Lafrancol S.A.S",64,en proceso,"2025-03-29 11:53:37","2025-04-04 11:53:37",""
1033,31,"Desodorante roll-on 50ml","Cuidado personal",7,"Bayer S.A Colombia",11,entregado,"2024-09-05 02:06:35","2024-09-13 02:06:35","FAC-001033"
1034,40,"Condón Protex x12","Condones",8,"Distribuidora Íntima de Colombia S.A.S",81,aceptado,"2024-12-16 20:11:10","",""
1035,36,"Condón Prudence Fresa x3","Condones",8,"Distribuidora Íntima de Colombia S.A.S",10,entregado,"2023-09-29 19:11:57","2023-10-06 19:11:57","FAC-001035"
1036,37,"Condón Control Retard x3","Condones",8,"Distribuidora Íntima de Colombia S.A.S",98,entregado,"2024-09-13 01:03:34","2024-09-18 01:03:34","FAC-001036"
1037,48,"Lubricante Control Aqua 75ml","Lubricantes",9,"Laboratorios Siegfried Colombia S.A",82,entregado,"2025-08-01 13:07:55","2025-08-12 13:07:55","FAC-001037"
1038,43,"Lubricante Pjur Original 30ml","Lubricantes",9,"Laboratorios Siegfried Colombia S.A",75,entregado,"2023-07-03 14:09:52","2023-07-18 14:09:52","FAC-001038"
1039,43,"Lubricante Pjur Original 30ml","Lubricantes",9,"Laboratorios Siegfried Colombia S.A",69,aceptado,"2023-11-08 08:11:41","",""
1040,28,"Jabón antibacterial 250ml","Cuidado personal",7,"Bayer S.A Colombia",79,entregado,"2023-04-22 01:00:43","2023-05-03 01:00:43","FAC-001040"
1041,32,"Gel antibacterial 500ml","Cuidado personal",7,"Bayer S.A Colombia",92,en proceso,"2023-03-11 23:05:05","2023-03-17 23:05:05",""
1042,12,"Metronidazol 500mg x14","Antibiótico",5,"Genfar S.A - Grupo Sanofi",52,entregado,"2025-11-09 05:32:45","2025-11-14 05:32:45","FAC-001042"
1043,29,"Hilo dental 50m","Cuidado personal",7,"Bayer S.A Colombia",89,entregado,"2025-08-22 04:16:38","2025-09-02 04:16:38","FAC-001043"
1044,8,"Ketorolaco 10mg x10","Analgésico",4,"Laboratorios Lafrancol S.A.S",93,aceptado,"2024-03-13 11:05:02","",""
1045,14,"Claritromicina 500mg x14","Antibiótico",5,"Genfar S.A - Grupo Sanofi",19,aceptado,"2023-07-02 14:22:29","",""
1046,6,"Meloxicam 15mg x10","Analgésico",4,"Laboratorios Lafrancol S.A.S",43,en proceso,"2024-11-20 09:50:42","2024-12-08 09:50:42",""
1047,16,"Doxiciclina 100mg x10","Antibiótico",5,"Genfar S.A - Grupo Sanofi",67,entregado,"2023-01-02 08:56:26","2023-01-17 08:56:26","FAC-001047"
1048,22,"Zinc 50mg x30","Vitaminas y suplementos",6,"Tecnoquímicas S.A",77,entregado,"2023-01-18 10:37:44","2023-01-23 10:37:44","FAC-001048"
1049,18,"Vitamina D3 2000UI x30","Vitaminas y suplementos",6,"Tecnoquímicas S.A",49,aceptado,"2023-06-10 09:30:26","",""
1050,3,"Naproxeno 500mg x10","Analgésico",4,"Laboratorios Lafrancol S.A.S",89,en proceso,"2025-12-17 18:33:11","2026-01-04 18:33:11",""
1051,39,"Condón Vive Placer Real x3","Condones",8,"Distribuidora Íntima de Colombia S.A.S",36,entregado,"2025-01-09 21:53:53","2025-01-13 21:53:53","FAC-001051"
1052,16,"Doxiciclina 100mg x10","Antibiótico",5,"Genfar S.A - Grupo Sanofi",70,entregado,"2024-07-18 04:27:56","2024-08-02 04:27:56","FAC-001052"
1053,46,"Lubricante Vive Sensitivo 50ml","Lubricantes",9,"Laboratorios Siegfried Colombia S.A",84,entregado,"2025-11-29 05:29:45","2025-12-10 05:29:45","FAC-001053"
1054,46,"Lubricante Vive Sensitivo 50ml","Lubricantes",9,"Laboratorios Siegfried Colombia S.A",48,entregado,"2024-12-26 04:36:49","2025-01-05 04:36:49","FAC-001054"
1055,31,"Desodorante roll-on 50ml","Cuidado personal",7,"Bayer S.A Colombia",43,entregado,"2024-12-17 09:14:53","2024-12-26 09:14:53","FAC-001055"
1056,48,"Lubricante Control Aqua 75ml","Lubricantes",9,"Laboratorios Siegfried Colombia S.A",59,entregado,"2025-09-20 05:22:36","2025-09-28 05:22:36","FAC-001056"
1057,11,"Ciprofloxacino 500mg x10","Antibiótico",5,"Genfar S.A - Grupo Sanofi",100,entregado,"2023-05-24 22:58:48","2023-06-08 22:58:48","FAC-001057"
1058,17,"Vitamina C 1000mg x30","Vitaminas y suplementos",6,"Tecnoquímicas S.A",16,entregado,"2025-05-26 09:12:45","2025-06-09 09:12:45","FAC-001058"
1059,6,"Meloxicam 15mg x10","Analgésico",4,"Laboratorios Lafrancol S.A.S",51,entregado,"2023-06-29 03:46:09","2023-07-09 03:46:09","FAC-001059"
1060,33,"Condón Durex Natural x3","Condones",8,"Distribuidora Íntima de Colombia S.A.S",29,entregado,"2023-08-07 17:02:59","2023-08-11 17:02:59","FAC-001060"
1061,20,"Omega 3 1000mg x30","Vitaminas y suplementos",6,"Tecnoquímicas S.A",80,entregado,"2023-03-02 09:54:43","2023-03-06 09:54:43","FAC-001061"
1062,16,"Doxiciclina 100mg x10","Antibiótico",5,"Genfar S.A - Grupo Sanofi",64,aceptado,"2025-01-20 07:56:19","",""
1063,9,"Amoxicilina 500mg x21","Antibiótico",5,"Genfar S.A - Grupo Sanofi",12,entregado,"2023-06-03 06:29:05","2023-06-12 06:29:05","FAC-001063"
1064,17,"Vitamina C 1000mg x30","Vitaminas y suplementos",6,"Tecnoquímicas S.A",66,entregado,"2024-07-28 01:44:22","2024-08-05 01:44:22","FAC-001064"
1065,2,"Ibuprofeno 400mg x10","Analgésico",4,"Laboratorios Lafrancol S.A.S",67,entregado,"2024-05-30 06:54:48","2024-06-14 06:54:48","FAC-001065"
1066,36,"Condón Prudence Fresa x3","Condones",8,"Distribuidora Íntima de Colombia S.A.S",53,entregado,"2023-07-31 12:21:48","2023-08-12 12:21:48","FAC-001066"
1067,46,"Lubricante Vive Sensitivo 50ml","Lubricantes",9,"Laboratorios Siegfried Colombia S.A",28,aceptado,"2025-10-30 18:41:08","",""
1068,41,"Lubricante Durex Play 50ml","Lubricantes",9,"Laboratorios Siegfried Colombia S.A",61,entregado,"2024-03-09 11:48:01","2024-03-13 11:48:01","FAC-001068"
1069,46,"Lubricante Vive Sensitivo 50ml","Lubricantes",9,"Laboratorios Siegfried Colombia S.A",80,entregado,"2024-09-04 22:45:17","2024-09-17 22:45:17","FAC-001069"
1070,2,"Ibuprofeno 400mg x10","Analgésico",4,"Laboratorios Lafrancol S.A.S",98,en proceso,"2024-06-20 21:59:07","2024-06-28 21:59:07",""
1071,42,"Lubricante Íntimo KY 75ml","Lubricantes",9,"Laboratorios Siegfried Colombia S.A",93,entregado,"2025-06-02 12:18:49","2025-06-07 12:18:49","FAC-001071"
1072,36,"Condón Prudence Fresa x3","Condones",8,"Distribuidora Íntima de Colombia S.A.S",55,en proceso,"2023-03-03 08:25:37","2023-03-18 08:25:37",""
1073,42,"Lubricante Íntimo KY 75ml","Lubricantes",9,"Laboratorios Siegfried Colombia S.A",67,entregado,"2025-02-17 20:00:19","2025-03-03 20:00:19","FAC-001073"
1074,16,"Doxiciclina 100mg x10","Antibiótico",5,"Genfar S.A - Grupo Sanofi",89,aceptado,"2024-04-11 18:04:54","",""
1075,2,"Ibuprofeno 400mg x10","Analgésico",4,"Laboratorios Lafrancol S.A.S",60,entregado,"2023-06-27 07:49:38","2023-07-03 07:49:38","FAC-001075"
1076,29,"Hilo dental 50m","Cuidado personal",7,"Bayer S.A Colombia",74,aceptado,"2024-03-29 11:08:17","",""
1077,18,"Vitamina D3 2000UI x30","Vitaminas y suplementos",6,"Tecnoquímicas S.A",50,entregado,"2023-09-07 20:53:04","2023-09-19 20:53:04","FAC-001077"
1078,8,"Ketorolaco 10mg x10","Analgésico",4,"Laboratorios Lafrancol S.A.S",11,entregado,"2024-01-06 19:09:16","2024-01-10 19:09:16","FAC-001078"
1079,39,"Condón Vive Placer Real x3","Condones",8,"Distribuidora Íntima de Colombia S.A.S",68,aceptado,"2024-07-04 20:51:11","",""
1080,39,"Condón Vive Placer Real x3","Condones",8,"Distribuidora Íntima de Colombia S.A.S",41,entregado,"2024-11-11 00:55:39","2024-11-25 00:55:39","FAC-001080"
1081,18,"Vitamina D3 2000UI x30","Vitaminas y suplementos",6,"Tecnoquímicas S.A",89,aceptado,"2024-07-10 11:35:26","",""
1082,14,"Claritromicina 500mg x14","Antibiótico",5,"Genfar S.A - Grupo Sanofi",26,entregado,"2024-01-16 18:09:21","2024-01-24 18:09:21","FAC-001082"
1083,18,"Vitamina D3 2000UI x30","Vitaminas y suplementos",6,"Tecnoquímicas S.A",34,entregado,"2025-01-28 11:34:20","2025-02-04 11:34:20","FAC-001083"
1084,8,"Ketorolaco 10mg x10","Analgésico",4,"Laboratorios Lafrancol S.A.S",77,en proceso,"2024-03-17 14:44:51","2024-03-23 14:44:51",""
1085,12,"Metronidazol 500mg x14","Antibiótico",5,"Genfar S.A - Grupo Sanofi",59,entregado,"2024-09-14 22:45:25","2024-09-25 22:45:25","FAC-001085"
1086,45,"Lubricante Yes OB Natural 80ml","Lubricantes",9,"Laboratorios Siegfried Colombia S.A",31,entregado,"2023-07-16 07:33:19","2023-07-23 07:33:19","FAC-001086"
1087,39,"Condón Vive Placer Real x3","Condones",8,"Distribuidora Íntima de Colombia S.A.S",84,en proceso,"2025-01-13 08:32:24","2025-01-26 08:32:24",""
1088,27,"Crema hidratante facial 50ml","Cuidado personal",7,"Bayer S.A Colombia",44,entregado,"2024-03-17 11:57:24","2024-03-23 11:57:24","FAC-001088"
1089,29,"Hilo dental 50m","Cuidado personal",7,"Bayer S.A Colombia",86,entregado,"2023-05-28 01:44:19","2023-06-10 01:44:19","FAC-001089"
1090,44,"Lubricante Nuei Delay 100ml","Lubricantes",9,"Laboratorios Siegfried Colombia S.A",38,entregado,"2023-04-15 14:52:17","2023-04-19 14:52:17","FAC-001090"
1091,28,"Jabón antibacterial 250ml","Cuidado personal",7,"Bayer S.A Colombia",88,en proceso,"2025-06-06 05:56:05","2025-06-26 05:56:05",""
1092,5,"Diclofenaco 50mg x10","Analgésico",4,"Laboratorios Lafrancol S.A.S",76,en proceso,"2023-02-09 22:35:27","2023-02-17 22:35:27",""
1093,17,"Vitamina C 1000mg x30","Vitaminas y suplementos",6,"Tecnoquímicas S.A",64,entregado,"2024-01-11 14:59:24","2024-01-17 14:59:24","FAC-001093"
1094,9,"Amoxicilina 500mg x21","Antibiótico",5,"Genfar S.A - Grupo Sanofi",84,en proceso,"2024-02-03 22:01:15","2024-02-11 22:01:15",""
1095,36,"Condón Prudence Fresa x3","Condones",8,"Distribuidora Íntima de Colombia S.A.S",77,entregado,"2024-11-02 11:31:42","2024-11-06 11:31:42","FAC-001095"
1096,46,"Lubricante Vive Sensitivo 50ml","Lubricantes",9,"Laboratorios Siegfried Colombia S.A",86,entregado,"2025-05-13 03:39:57","2025-05-18 03:39:57","FAC-001096"
1097,30,"Crema dental blanqueadora 75ml","Cuidado personal",7,"Bayer S.A Colombia",12,en proceso,"2023-07-05 03:49:35","2023-07-12 03:49:35",""
1098,40,"Condón Protex x12","Condones",8,"Distribuidora Íntima de Colombia S.A.S",82,entregado,"2024-12-04 02:07:57","2024-12-14 02:07:57","FAC-001098"
1099,17,"Vitamina C 1000mg x30","Vitaminas y suplementos",6,"Tecnoquímicas S.A",37,entregado,"2025-03-13 07:40:47","2025-03-21 07:40:47","FAC-001099"
1100,8,"Ketorolaco 10mg x10","Analgésico",4,"Laboratorios Lafrancol S.A.S",10,en proceso,"2023-11-23 22:44:50","2023-11-30 22:44:50",""
1101,48,"Lubricante Control Aqua 75ml","Lubricantes",9,"Laboratorios Siegfried Colombia S.A",14,aceptado,"2024-09-04 06:49:46","",""
1102,45,"Lubricante Yes OB Natural 80ml","Lubricantes",9,"Laboratorios Siegfried Colombia S.A",24,aceptado,"2023-04-29 01:19:42","",""
1103,6,"Meloxicam 15mg x10","Analgésico",4,"Laboratorios Lafrancol S.A.S",33,entregado,"2024-11-25 09:53:29","2024-11-28 09:53:29","FAC-001103"
1104,37,"Condón Control Retard x3","Condones",8,"Distribuidora Íntima de Colombia S.A.S",94,entregado,"2023-08-19 12:21:26","2023-08-23 12:21:26","FAC-001104"
1105,46,"Lubricante Vive Sensitivo 50ml","Lubricantes",9,"Laboratorios Siegfried Colombia S.A",26,entregado,"2025-03-14 11:34:06","2025-03-28 11:34:06","FAC-001105"
1106,16,"Doxiciclina 100mg x10","Antibiótico",5,"Genfar S.A - Grupo Sanofi",38,en proceso,"2023-12-20 00:32:04","2024-01-02 00:32:04",""
1107,42,"Lubricante Íntimo KY 75ml","Lubricantes",9,"Laboratorios Siegfried Colombia S.A",79,aceptado,"2023-11-11 18:39:57","",""
1108,30,"Crema dental blanqueadora 75ml","Cuidado personal",7,"Bayer S.A Colombia",25,aceptado,"2023-11-24 00:11:59","",""
1109,45,"Lubricante Yes OB Natural 80ml","Lubricantes",9,"Laboratorios Siegfried Colombia S.A",82,en proceso,"2025-01-27 23:06:54","2025-02-10 23:06:54",""
1110,4,"Aspirina 100mg x10","Analgésico",4,"Laboratorios Lafrancol S.A.S",10,en proceso,"2024-12-11 10:55:13","2024-12-25 10:55:13",""
1111,19,"Complejo B x30","Vitaminas y suplementos",6,"Tecnoquímicas S.A",30,aceptado,"2023-05-26 09:00:03","",""
1112,35,"Condón Condomi Ultra x12","Condones",8,"Distribuidora Íntima de Colombia S.A.S",22,entregado,"2023-05-06 19:59:31","2023-05-15 19:59:31","FAC-001112"
1113,10,"Azitromicina 500mg x3","Antibiótico",5,"Genfar S.A - Grupo Sanofi",49,aceptado,"2025-06-07 09:16:30","",""
1114,22,"Zinc 50mg x30","Vitaminas y suplementos",6,"Tecnoquímicas S.A",45,en proceso,"2025-12-20 18:24:29","2026-01-04 18:24:29",""
1115,19,"Complejo B x30","Vitaminas y suplementos",6,"Tecnoquímicas S.A",34,en proceso,"2023-05-12 04:24:11","2023-05-24 04:24:11",""
1116,13,"Clindamicina 300mg x16","Antibiótico",5,"Genfar S.A - Grupo Sanofi",26,en proceso,"2025-05-07 20:34:58","2025-05-22 20:34:58",""
1117,37,"Condón Control Retard x3","Condones",8,"Distribuidora Íntima de Colombia S.A.S",59,aceptado,"2025-01-24 09:20:21","",""
1118,14,"Claritromicina 500mg x14","Antibiótico",5,"Genfar S.A - Grupo Sanofi",24,entregado,"2024-04-13 21:33:35","2024-04-22 21:33:35","FAC-001118"
1119,10,"Azitromicina 500mg x3","Antibiótico",5,"Genfar S.A - Grupo Sanofi",24,en proceso,"2025-01-17 07:39:15","2025-01-31 07:39:15",""
1120,8,"Ketorolaco 10mg x10","Analgésico",4,"Laboratorios Lafrancol S.A.S",68,entregado,"2024-01-12 06:54:26","2024-01-22 06:54:26","FAC-001120"
1121,3,"Naproxeno 500mg x10","Analgésico",4,"Laboratorios Lafrancol S.A.S",23,en proceso,"2025-01-22 00:28:38","2025-01-28 00:28:38",""
1122,20,"Omega 3 1000mg x30","Vitaminas y suplementos",6,"Tecnoquímicas S.A",63,en proceso,"2024-04-24 06:48:05","2024-05-08 06:48:05",""
1123,37,"Condón Control Retard x3","Condones",8,"Distribuidora Íntima de Colombia S.A.S",32,aceptado,"2023-08-13 22:52:34","",""
1124,1,"Acetaminofén 500mg x10","Analgésico",4,"Laboratorios Lafrancol S.A.S",71,entregado,"2025-01-30 10:55:22","2025-02-02 10:55:22","FAC-001124"
1125,3,"Naproxeno 500mg x10","Analgésico",4,"Laboratorios Lafrancol S.A.S",56,en proceso,"2024-11-17 21:16:08","2024-12-04 21:16:08",""
1126,10,"Azitromicina 500mg x3","Antibiótico",5,"Genfar S.A - Grupo Sanofi",82,entregado,"2024-08-02 06:59:55","2024-08-06 06:59:55","FAC-001126"
1127,43,"Lubricante Pjur Original 30ml","Lubricantes",9,"Laboratorios Siegfried Colombia S.A",81,en proceso,"2025-11-17 18:53:36","2025-12-03 18:53:36",""
1128,19,"Complejo B x30","Vitaminas y suplementos",6,"Tecnoquímicas S.A",84,entregado,"2023-08-30 21:46:44","2023-09-06 21:46:44","FAC-001128"
1129,10,"Azitromicina 500mg x3","Antibiótico",5,"Genfar S.A - Grupo Sanofi",52,aceptado,"2023-11-05 16:53:09","",""
1130,5,"Diclofenaco 50mg x10","Analgésico",4,"Laboratorios Lafrancol S.A.S",56,entregado,"2024-05-20 09:55:08","2024-06-01 09:55:08","FAC-001130"
1131,23,"Hierro + Ácido Fólico x30","Vitaminas y suplementos",6,"Tecnoquímicas S.A",40,entregado,"2025-10-12 03:31:10","2025-10-23 03:31:10","FAC-001131"
1132,8,"Ketorolaco 10mg x10","Analgésico",4,"Laboratorios Lafrancol S.A.S",23,en proceso,"2024-04-24 07:24:20","2024-05-13 07:24:20",""
1133,31,"Desodorante roll-on 50ml","Cuidado personal",7,"Bayer S.A Colombia",24,entregado,"2023-11-28 01:17:22","2023-12-06 01:17:22","FAC-001133"
1134,19,"Complejo B x30","Vitaminas y suplementos",6,"Tecnoquímicas S.A",66,entregado,"2023-11-21 07:56:06","2023-11-29 07:56:06","FAC-001134"
1135,17,"Vitamina C 1000mg x30","Vitaminas y suplementos",6,"Tecnoquímicas S.A",51,entregado,"2024-07-16 10:59:15","2024-07-24 10:59:15","FAC-001135"
1136,10,"Azitromicina 500mg x3","Antibiótico",5,"Genfar S.A - Grupo Sanofi",15,aceptado,"2023-01-23 10:08:03","",""
1137,6,"Meloxicam 15mg x10","Analgésico",4,"Laboratorios Lafrancol S.A.S",100,entregado,"2023-07-09 16:34:21","2023-07-14 16:34:21","FAC-001137"
1138,12,"Metronidazol 500mg x14","Antibiótico",5,"Genfar S.A - Grupo Sanofi",44,entregado,"2024-07-20 01:39:46","2024-07-24 01:39:46","FAC-001138"
1139,14,"Claritromicina 500mg x14","Antibiótico",5,"Genfar S.A - Grupo Sanofi",59,aceptado,"2023-08-27 04:55:19","",""
1140,40,"Condón Protex x12","Condones",8,"Distribuidora Íntima de Colombia S.A.S",54,entregado,"2025-05-18 07:51:24","2025-05-26 07:51:24","FAC-001140"
1141,7,"Tramadol 50mg x10","Analgésico",4,"Laboratorios Lafrancol S.A.S",33,entregado,"2025-04-08 18:37:24","2025-04-23 18:37:24","FAC-001141"
1142,18,"Vitamina D3 2000UI x30","Vitaminas y suplementos",6,"Tecnoquímicas S.A",77,entregado,"2024-12-08 02:58:42","2024-12-18 02:58:42","FAC-001142"
1143,18,"Vitamina D3 2000UI x30","Vitaminas y suplementos",6,"Tecnoquímicas S.A",88,entregado,"2025-10-03 02:48:37","2025-10-07 02:48:37","FAC-001143"
1144,10,"Azitromicina 500mg x3","Antibiótico",5,"Genfar S.A - Grupo Sanofi",30,en proceso,"2025-10-16 09:07:21","2025-10-31 09:07:21",""
1145,5,"Diclofenaco 50mg x10","Analgésico",4,"Laboratorios Lafrancol S.A.S",69,entregado,"2024-12-30 17:13:04","2025-01-14 17:13:04","FAC-001145"
1146,27,"Crema hidratante facial 50ml","Cuidado personal",7,"Bayer S.A Colombia",88,entregado,"2024-10-19 06:41:36","2024-10-24 06:41:36","FAC-001146"
1147,29,"Hilo dental 50m","Cuidado personal",7,"Bayer S.A Colombia",99,aceptado,"2025-12-04 18:14:41","",""
1148,39,"Condón Vive Placer Real x3","Condones",8,"Distribuidora Íntima de Colombia S.A.S",64,entregado,"2023-10-20 18:19:06","2023-10-31 18:19:06","FAC-001148"
1149,7,"Tramadol 50mg x10","Analgésico",4,"Laboratorios Lafrancol S.A.S",64,en proceso,"2025-02-06 20:21:10","2025-02-22 20:21:10",""
1150,25,"Protector solar SPF 50 50ml","Cuidado personal",7,"Bayer S.A Colombia",85,en proceso,"2025-06-06 12:49:05","2025-06-19 12:49:05",""
1151,47,"Lubricante Prudence Aqua 60ml","Lubricantes",9,"Laboratorios Siegfried Colombia S.A",65,en proceso,"2023-11-27 03:18:29","2023-12-12 03:18:29",""
1152,26,"Shampoo anticaspa 400ml","Cuidado personal",7,"Bayer S.A Colombia",48,entregado,"2025-10-30 23:45:55","2025-11-11 23:45:55","FAC-001152"
1153,37,"Condón Control Retard x3","Condones",8,"Distribuidora Íntima de Colombia S.A.S",72,en proceso,"2023-12-11 03:58:48","2023-12-16 03:58:48",""
1154,14,"Claritromicina 500mg x14","Antibiótico",5,"Genfar S.A - Grupo Sanofi",31,entregado,"2025-11-24 23:02:05","2025-11-29 23:02:05","FAC-001154"
1155,8,"Ketorolaco 10mg x10","Analgésico",4,"Laboratorios Lafrancol S.A.S",48,entregado,"2025-02-12 09:50:51","2025-02-27 09:50:51","FAC-001155"
1156,7,"Tramadol 50mg x10","Analgésico",4,"Laboratorios Lafrancol S.A.S",49,aceptado,"2023-07-24 19:48:41","",""
1157,37,"Condón Control Retard x3","Condones",8,"Distribuidora Íntima de Colombia S.A.S",94,entregado,"2025-03-09 10:07:42","2025-03-17 10:07:42","FAC-001157"
1158,42,"Lubricante Íntimo KY 75ml","Lubricantes",9,"Laboratorios Siegfried Colombia S.A",36,en proceso,"2025-12-28 16:44:30","2026-01-16 16:44:30",""
1159,23,"Hierro + Ácido Fólico x30","Vitaminas y suplementos",6,"Tecnoquímicas S.A",32,en proceso,"2023-07-21 16:44:34","2023-08-07 16:44:34",""
1160,2,"Ibuprofeno 400mg x10","Analgésico",4,"Laboratorios Lafrancol S.A.S",37,aceptado,"2025-02-22 09:41:15","",""
1161,41,"Lubricante Durex Play 50ml","Lubricantes",9,"Laboratorios Siegfried Colombia S.A",91,en proceso,"2024-12-19 08:32:45","2024-12-25 08:32:45",""
1162,4,"Aspirina 100mg x10","Analgésico",4,"Laboratorios Lafrancol S.A.S",43,en proceso,"2025-08-19 20:35:41","2025-09-02 20:35:41",""
1163,43,"Lubricante Pjur Original 30ml","Lubricantes",9,"Laboratorios Siegfried Colombia S.A",73,entregado,"2023-05-28 10:09:18","2023-06-08 10:09:18","FAC-001163"
1164,35,"Condón Condomi Ultra x12","Condones",8,"Distribuidora Íntima de Colombia S.A.S",50,en proceso,"2024-04-01 10:38:29","2024-04-16 10:38:29",""
1165,48,"Lubricante Control Aqua 75ml","Lubricantes",9,"Laboratorios Siegfried Colombia S.A",69,en proceso,"2024-08-04 14:12:43","2024-08-11 14:12:43",""
1166,28,"Jabón antibacterial 250ml","Cuidado personal",7,"Bayer S.A Colombia",73,entregado,"2023-12-08 09:34:02","2023-12-12 09:34:02","FAC-001166"
1167,6,"Meloxicam 15mg x10","Analgésico",4,"Laboratorios Lafrancol S.A.S",45,entregado,"2025-06-02 15:13:22","2025-06-06 15:13:22","FAC-001167"
1168,26,"Shampoo anticaspa 400ml","Cuidado personal",7,"Bayer S.A Colombia",19,entregado,"2023-05-16 07:02:00","2023-05-31 07:02:00","FAC-001168"
1169,34,"Condón Durex Extra Fino x3","Condones",8,"Distribuidora Íntima de Colombia S.A.S",99,en proceso,"2025-03-07 01:35:52","2025-03-16 01:35:52",""
1170,12,"Metronidazol 500mg x14","Antibiótico",5,"Genfar S.A - Grupo Sanofi",66,entregado,"2023-02-11 00:26:33","2023-02-16 00:26:33","FAC-001170"
1171,25,"Protector solar SPF 50 50ml","Cuidado personal",7,"Bayer S.A Colombia",18,entregado,"2025-01-08 07:52:21","2025-01-12 07:52:21","FAC-001171"
1172,27,"Crema hidratante facial 50ml","Cuidado personal",7,"Bayer S.A Colombia",83,aceptado,"2024-06-25 22:33:15","",""
1173,29,"Hilo dental 50m","Cuidado personal",7,"Bayer S.A Colombia",18,entregado,"2024-05-22 15:20:28","2024-06-01 15:20:28","FAC-001173"
1174,9,"Amoxicilina 500mg x21","Antibiótico",5,"Genfar S.A - Grupo Sanofi",76,en proceso,"2024-04-24 15:13:22","2024-05-01 15:13:22",""
1175,36,"Condón Prudence Fresa x3","Condones",8,"Distribuidora Íntima de Colombia S.A.S",41,entregado,"2024-08-01 08:41:17","2024-08-06 08:41:17","FAC-001175"
1176,17,"Vitamina C 1000mg x30","Vitaminas y suplementos",6,"Tecnoquímicas S.A",42,en proceso,"2025-02-21 04:00:51","2025-03-12 04:00:51",""
1177,15,"Cefalexina 500mg x20","Antibiótico",5,"Genfar S.A - Grupo Sanofi",35,aceptado,"2025-08-21 21:59:34","",""
1178,2,"Ibuprofeno 400mg x10","Analgésico",4,"Laboratorios Lafrancol S.A.S",16,entregado,"2024-07-05 05:34:50","2024-07-11 05:34:50","FAC-001178"
1179,38,"Condón Lifestyles Ultra x12","Condones",8,"Distribuidora Íntima de Colombia S.A.S",18,entregado,"2023-09-28 07:26:53","2023-10-02 07:26:53","FAC-001179"
1180,5,"Diclofenaco 50mg x10","Analgésico",4,"Laboratorios Lafrancol S.A.S",98,en proceso,"2025-03-11 17:30:28","2025-03-21 17:30:28",""
1181,17,"Vitamina C 1000mg x30","Vitaminas y suplementos",6,"Tecnoquímicas S.A",37,entregado,"2025-02-10 05:43:26","2025-02-24 05:43:26","FAC-001181"
1182,29,"Hilo dental 50m","Cuidado personal",7,"Bayer S.A Colombia",76,entregado,"2024-11-13 05:07:46","2024-11-23 05:07:46","FAC-001182"
1183,13,"Clindamicina 300mg x16","Antibiótico",5,"Genfar S.A - Grupo Sanofi",77,en proceso,"2025-05-16 12:56:37","2025-05-23 12:56:37",""
1184,17,"Vitamina C 1000mg x30","Vitaminas y suplementos",6,"Tecnoquímicas S.A",12,entregado,"2025-05-21 06:50:33","2025-05-29 06:50:33","FAC-001184"
1185,15,"Cefalexina 500mg x20","Antibiótico",5,"Genfar S.A - Grupo Sanofi",82,entregado,"2023-12-07 12:48:57","2023-12-19 12:48:57","FAC-001185"
1186,3,"Naproxeno 500mg x10","Analgésico",4,"Laboratorios Lafrancol S.A.S",52,en proceso,"2025-05-10 16:38:16","2025-05-25 16:38:16",""
1187,43,"Lubricante Pjur Original 30ml","Lubricantes",9,"Laboratorios Siegfried Colombia S.A",86,en proceso,"2023-01-30 06:41:37","2023-02-12 06:41:37",""
1188,45,"Lubricante Yes OB Natural 80ml","Lubricantes",9,"Laboratorios Siegfried Colombia S.A",26,en proceso,"2025-03-07 23:13:07","2025-03-13 23:13:07",""
1189,2,"Ibuprofeno 400mg x10","Analgésico",4,"Laboratorios Lafrancol S.A.S",58,entregado,"2023-04-14 05:08:56","2023-04-20 05:08:56","FAC-001189"
1190,13,"Clindamicina 300mg x16","Antibiótico",5,"Genfar S.A - Grupo Sanofi",15,entregado,"2023-11-22 19:18:28","2023-11-26 19:18:28","FAC-001190"
1191,38,"Condón Lifestyles Ultra x12","Condones",8,"Distribuidora Íntima de Colombia S.A.S",12,aceptado,"2023-12-17 09:13:15","",""
1192,40,"Condón Protex x12","Condones",8,"Distribuidora Íntima de Colombia S.A.S",40,entregado,"2023-04-03 09:35:54","2023-04-16 09:35:54","FAC-001192"
1193,3,"Naproxeno 500mg x10","Analgésico",4,"Laboratorios Lafrancol S.A.S",83,entregado,"2025-12-05 02:51:14","2025-12-20 02:51:14","FAC-001193"
1194,3,"Naproxeno 500mg x10","Analgésico",4,"Laboratorios Lafrancol S.A.S",36,aceptado,"2023-02-10 14:14:06","",""
1195,45,"Lubricante Yes OB Natural 80ml","Lubricantes",9,"Laboratorios Siegfried Colombia S.A",21,entregado,"2025-08-25 13:02:51","2025-09-01 13:02:51","FAC-001195"
1196,23,"Hierro + Ácido Fólico x30","Vitaminas y suplementos",6,"Tecnoquímicas S.A",49,entregado,"2025-02-09 17:58:25","2025-02-19 17:58:25","FAC-001196"
1197,29,"Hilo dental 50m","Cuidado personal",7,"Bayer S.A Colombia",44,aceptado,"2023-08-29 18:09:29","",""
1198,38,"Condón Lifestyles Ultra x12","Condones",8,"Distribuidora Íntima de Colombia S.A.S",72,entregado,"2025-11-05 22:32:07","2025-11-08 22:32:07","FAC-001198"
1199,14,"Claritromicina 500mg x14","Antibiótico",5,"Genfar S.A - Grupo Sanofi",12,entregado,"2023-03-20 19:24:26","2023-03-25 19:24:26","FAC-001199"
1200,32,"Gel antibacterial 500ml","Cuidado personal",7,"Bayer S.A Colombia",88,entregado,"2024-10-22 18:47:26","2024-10-29 18:47:26","FAC-001200"
1201,3,"Naproxeno 500mg x10","Analgésico",4,"Laboratorios Lafrancol S.A.S",65,entregado,"2025-01-17 10:57:04","2025-01-27 10:57:04","FAC-001201"
1202,46,"Lubricante Vive Sensitivo 50ml","Lubricantes",9,"Laboratorios Siegfried Colombia S.A",86,entregado,"2025-03-25 07:07:35","2025-04-03 07:07:35","FAC-001202"
1203,40,"Condón Protex x12","Condones",8,"Distribuidora Íntima de Colombia S.A.S",55,en proceso,"2024-01-04 23:00:10","2024-01-14 23:00:10",""
1204,37,"Condón Control Retard x3","Condones",8,"Distribuidora Íntima de Colombia S.A.S",18,entregado,"2025-12-24 06:37:14","2026-01-01 06:37:14","FAC-001204"
1205,27,"Crema hidratante facial 50ml","Cuidado personal",7,"Bayer S.A Colombia",15,entregado,"2024-09-18 04:12:35","2024-09-24 04:12:35","FAC-001205"
1206,3,"Naproxeno 500mg x10","Analgésico",4,"Laboratorios Lafrancol S.A.S",40,en proceso,"2024-08-19 14:10:29","2024-09-02 14:10:29",""
1207,36,"Condón Prudence Fresa x3","Condones",8,"Distribuidora Íntima de Colombia S.A.S",29,entregado,"2024-11-16 21:33:45","2024-11-20 21:33:45","FAC-001207"
1208,4,"Aspirina 100mg x10","Analgésico",4,"Laboratorios Lafrancol S.A.S",82,en proceso,"2023-11-01 18:39:58","2023-11-14 18:39:58",""
1209,46,"Lubricante Vive Sensitivo 50ml","Lubricantes",9,"Laboratorios Siegfried Colombia S.A",52,entregado,"2024-07-01 06:55:51","2024-07-13 06:55:51","FAC-001209"
1210,5,"Diclofenaco 50mg x10","Analgésico",4,"Laboratorios Lafrancol S.A.S",17,entregado,"2024-05-03 09:52:41","2024-05-13 09:52:41","FAC-001210"
1211,48,"Lubricante Control Aqua 75ml","Lubricantes",9,"Laboratorios Siegfried Colombia S.A",77,aceptado,"2023-10-08 09:29:15","",""
1212,46,"Lubricante Vive Sensitivo 50ml","Lubricantes",9,"Laboratorios Siegfried Colombia S.A",96,aceptado,"2025-10-07 17:59:13","",""
1213,33,"Condón Durex Natural x3","Condones",8,"Distribuidora Íntima de Colombia S.A.S",91,entregado,"2024-07-27 05:06:40","2024-08-01 05:06:40","FAC-001213"
1214,7,"Tramadol 50mg x10","Analgésico",4,"Laboratorios Lafrancol S.A.S",100,entregado,"2025-01-30 09:17:21","2025-02-05 09:17:21","FAC-001214"
1215,20,"Omega 3 1000mg x30","Vitaminas y suplementos",6,"Tecnoquímicas S.A",97,entregado,"2025-10-03 07:55:25","2025-10-08 07:55:25","FAC-001215"
1216,38,"Condón Lifestyles Ultra x12","Condones",8,"Distribuidora Íntima de Colombia S.A.S",69,entregado,"2025-05-05 14:08:50","2025-05-18 14:08:50","FAC-001216"
1217,12,"Metronidazol 500mg x14","Antibiótico",5,"Genfar S.A - Grupo Sanofi",16,entregado,"2025-08-05 15:41:36","2025-08-09 15:41:36","FAC-001217"
1218,12,"Metronidazol 500mg x14","Antibiótico",5,"Genfar S.A - Grupo Sanofi",74,en proceso,"2024-03-30 10:54:41","2024-04-19 10:54:41",""
1219,34,"Condón Durex Extra Fino x3","Condones",8,"Distribuidora Íntima de Colombia S.A.S",57,en proceso,"2024-03-11 01:31:53","2024-03-24 01:31:53",""
1220,16,"Doxiciclina 100mg x10","Antibiótico",5,"Genfar S.A - Grupo Sanofi",41,entregado,"2024-06-01 12:47:19","2024-06-12 12:47:19","FAC-001220"
1221,24,"Magnesio 400mg x60","Vitaminas y suplementos",6,"Tecnoquímicas S.A",33,entregado,"2024-09-26 00:55:07","2024-10-07 00:55:07","FAC-001221"
1222,29,"Hilo dental 50m","Cuidado personal",7,"Bayer S.A Colombia",14,en proceso,"2025-08-11 11:50:40","2025-08-19 11:50:40",""
1223,1,"Acetaminofén 500mg x10","Analgésico",4,"Laboratorios Lafrancol S.A.S",16,en proceso,"2024-07-22 14:10:15","2024-07-30 14:10:15",""
1224,4,"Aspirina 100mg x10","Analgésico",4,"Laboratorios Lafrancol S.A.S",61,entregado,"2024-08-21 14:14:14","2024-08-31 14:14:14","FAC-001224"
1225,48,"Lubricante Control Aqua 75ml","Lubricantes",9,"Laboratorios Siegfried Colombia S.A",72,entregado,"2024-10-03 22:47:42","2024-10-17 22:47:42","FAC-001225"
1226,39,"Condón Vive Placer Real x3","Condones",8,"Distribuidora Íntima de Colombia S.A.S",87,en proceso,"2024-02-14 09:25:31","2024-03-02 09:25:31",""
1227,45,"Lubricante Yes OB Natural 80ml","Lubricantes",9,"Laboratorios Siegfried Colombia S.A",46,en proceso,"2025-03-14 10:44:34","2025-03-28 10:44:34",""
1228,36,"Condón Prudence Fresa x3","Condones",8,"Distribuidora Íntima de Colombia S.A.S",42,entregado,"2025-09-07 00:07:08","2025-09-15 00:07:08","FAC-001228"
1229,29,"Hilo dental 50m","Cuidado personal",7,"Bayer S.A Colombia",60,entregado,"2025-12-14 16:44:49","2025-12-17 16:44:49","FAC-001229"
1230,32,"Gel antibacterial 500ml","Cuidado personal",7,"Bayer S.A Colombia",86,aceptado,"2024-04-04 23:11:24","",""
1231,39,"Condón Vive Placer Real x3","Condones",8,"Distribuidora Íntima de Colombia S.A.S",92,en proceso,"2025-09-01 08:13:41","2025-09-12 08:13:41",""
1232,34,"Condón Durex Extra Fino x3","Condones",8,"Distribuidora Íntima de Colombia S.A.S",95,entregado,"2024-06-03 08:33:51","2024-06-17 08:33:51","FAC-001232"
1233,27,"Crema hidratante facial 50ml","Cuidado personal",7,"Bayer S.A Colombia",61,aceptado,"2024-02-05 06:10:30","",""
1234,22,"Zinc 50mg x30","Vitaminas y suplementos",6,"Tecnoquímicas S.A",76,entregado,"2024-04-10 09:48:13","2024-04-15 09:48:13","FAC-001234"
1235,23,"Hierro + Ácido Fólico x30","Vitaminas y suplementos",6,"Tecnoquímicas S.A",21,aceptado,"2023-03-27 12:47:37","",""
1236,7,"Tramadol 50mg x10","Analgésico",4,"Laboratorios Lafrancol S.A.S",15,entregado,"2024-02-10 15:51:38","2024-02-16 15:51:38","FAC-001236"
1237,40,"Condón Protex x12","Condones",8,"Distribuidora Íntima de Colombia S.A.S",53,entregado,"2024-01-30 00:55:55","2024-02-08 00:55:55","FAC-001237"
1238,35,"Condón Condomi Ultra x12","Condones",8,"Distribuidora Íntima de Colombia S.A.S",84,entregado,"2025-04-01 21:01:48","2025-04-06 21:01:48","FAC-001238"
1239,16,"Doxiciclina 100mg x10","Antibiótico",5,"Genfar S.A - Grupo Sanofi",14,aceptado,"2025-11-15 08:56:03","",""
1240,19,"Complejo B x30","Vitaminas y suplementos",6,"Tecnoquímicas S.A",90,entregado,"2024-09-04 16:18:45","2024-09-10 16:18:45","FAC-001240"
1241,17,"Vitamina C 1000mg x30","Vitaminas y suplementos",6,"Tecnoquímicas S.A",14,en proceso,"2023-04-21 01:38:54","2023-05-07 01:38:54",""
1242,20,"Omega 3 1000mg x30","Vitaminas y suplementos",6,"Tecnoquímicas S.A",51,entregado,"2023-10-27 10:05:36","2023-11-10 10:05:36","FAC-001242"
1243,46,"Lubricante Vive Sensitivo 50ml","Lubricantes",9,"Laboratorios Siegfried Colombia S.A",22,entregado,"2024-07-23 19:24:40","2024-08-05 19:24:40","FAC-001243"
1244,23,"Hierro + Ácido Fólico x30","Vitaminas y suplementos",6,"Tecnoquímicas S.A",64,entregado,"2024-11-11 17:51:29","2024-11-21 17:51:29","FAC-001244"
1245,2,"Ibuprofeno 400mg x10","Analgésico",4,"Laboratorios Lafrancol S.A.S",10,entregado,"2025-02-26 08:33:16","2025-03-10 08:33:16","FAC-001245"
1246,48,"Lubricante Control Aqua 75ml","Lubricantes",9,"Laboratorios Siegfried Colombia S.A",24,aceptado,"2023-09-03 14:17:04","",""
1247,10,"Azitromicina 500mg x3","Antibiótico",5,"Genfar S.A - Grupo Sanofi",86,entregado,"2023-06-11 07:15:34","2023-06-15 07:15:34","FAC-001247"
1248,15,"Cefalexina 500mg x20","Antibiótico",5,"Genfar S.A - Grupo Sanofi",39,entregado,"2023-07-11 02:11:51","2023-07-20 02:11:51","FAC-001248"
1249,25,"Protector solar SPF 50 50ml","Cuidado personal",7,"Bayer S.A Colombia",60,entregado,"2024-12-08 04:32:07","2024-12-16 04:32:07","FAC-001249"
1250,12,"Metronidazol 500mg x14","Antibiótico",5,"Genfar S.A - Grupo Sanofi",71,entregado,"2025-05-21 19:37:28","2025-06-01 19:37:28","FAC-001250"
1251,19,"Complejo B x30","Vitaminas y suplementos",6,"Tecnoquímicas S.A",28,en proceso,"2024-03-19 10:17:51","2024-03-25 10:17:51",""
1252,39,"Condón Vive Placer Real x3","Condones",8,"Distribuidora Íntima de Colombia S.A.S",16,entregado,"2024-10-21 18:32:35","2024-11-03 18:32:35","FAC-001252"
1253,14,"Claritromicina 500mg x14","Antibiótico",5,"Genfar S.A - Grupo Sanofi",92,entregado,"2023-08-07 00:52:13","2023-08-21 00:52:13","FAC-001253"
1254,35,"Condón Condomi Ultra x12","Condones",8,"Distribuidora Íntima de Colombia S.A.S",28,aceptado,"2023-02-09 00:08:43","",""
1255,37,"Condón Control Retard x3","Condones",8,"Distribuidora Íntima de Colombia S.A.S",16,aceptado,"2024-06-10 01:26:10","",""
1256,38,"Condón Lifestyles Ultra x12","Condones",8,"Distribuidora Íntima de Colombia S.A.S",85,entregado,"2023-01-04 01:30:21","2023-01-19 01:30:21","FAC-001256"
1257,11,"Ciprofloxacino 500mg x10","Antibiótico",5,"Genfar S.A - Grupo Sanofi",44,en proceso,"2025-05-12 06:05:36","2025-05-31 06:05:36",""
1258,48,"Lubricante Control Aqua 75ml","Lubricantes",9,"Laboratorios Siegfried Colombia S.A",82,entregado,"2025-01-13 13:10:09","2025-01-17 13:10:09","FAC-001258"
1259,31,"Desodorante roll-on 50ml","Cuidado personal",7,"Bayer S.A Colombia",87,en proceso,"2025-05-14 04:24:25","2025-05-19 04:24:25",""
1260,18,"Vitamina D3 2000UI x30","Vitaminas y suplementos",6,"Tecnoquímicas S.A",77,entregado,"2023-10-05 22:42:01","2023-10-09 22:42:01","FAC-001260"
1261,10,"Azitromicina 500mg x3","Antibiótico",5,"Genfar S.A - Grupo Sanofi",11,en proceso,"2024-04-18 21:45:13","2024-04-27 21:45:13",""
1262,29,"Hilo dental 50m","Cuidado personal",7,"Bayer S.A Colombia",66,en proceso,"2023-02-10 08:54:29","2023-02-27 08:54:29",""
1263,32,"Gel antibacterial 500ml","Cuidado personal",7,"Bayer S.A Colombia",41,entregado,"2023-11-11 13:09:20","2023-11-14 13:09:20","FAC-001263"
1264,28,"Jabón antibacterial 250ml","Cuidado personal",7,"Bayer S.A Colombia",65,entregado,"2023-08-08 20:10:26","2023-08-22 20:10:26","FAC-001264"
1265,43,"Lubricante Pjur Original 30ml","Lubricantes",9,"Laboratorios Siegfried Colombia S.A",99,en proceso,"2023-07-30 21:18:20","2023-08-14 21:18:20",""
1266,9,"Amoxicilina 500mg x21","Antibiótico",5,"Genfar S.A - Grupo Sanofi",33,entregado,"2023-07-02 10:56:52","2023-07-09 10:56:52","FAC-001266"
1267,15,"Cefalexina 500mg x20","Antibiótico",5,"Genfar S.A - Grupo Sanofi",48,entregado,"2023-08-26 01:59:03","2023-09-10 01:59:03","FAC-001267"
1268,35,"Condón Condomi Ultra x12","Condones",8,"Distribuidora Íntima de Colombia S.A.S",80,entregado,"2025-08-09 22:11:28","2025-08-23 22:11:28","FAC-001268"
1269,25,"Protector solar SPF 50 50ml","Cuidado personal",7,"Bayer S.A Colombia",62,en proceso,"2024-06-16 18:15:58","2024-06-21 18:15:58",""
1270,40,"Condón Protex x12","Condones",8,"Distribuidora Íntima de Colombia S.A.S",16,en proceso,"2023-10-23 14:40:16","2023-10-28 14:40:16",""
1271,33,"Condón Durex Natural x3","Condones",8,"Distribuidora Íntima de Colombia S.A.S",93,entregado,"2023-10-04 00:52:29","2023-10-19 00:52:29","FAC-001271"
1272,16,"Doxiciclina 100mg x10","Antibiótico",5,"Genfar S.A - Grupo Sanofi",30,entregado,"2024-01-15 11:44:12","2024-01-19 11:44:12","FAC-001272"
1273,33,"Condón Durex Natural x3","Condones",8,"Distribuidora Íntima de Colombia S.A.S",39,entregado,"2024-01-02 23:38:21","2024-01-12 23:38:21","FAC-001273"
1274,22,"Zinc 50mg x30","Vitaminas y suplementos",6,"Tecnoquímicas S.A",100,aceptado,"2023-02-05 20:01:56","",""
1275,15,"Cefalexina 500mg x20","Antibiótico",5,"Genfar S.A - Grupo Sanofi",60,entregado,"2023-08-28 16:44:24","2023-09-06 16:44:24","FAC-001275"
1276,6,"Meloxicam 15mg x10","Analgésico",4,"Laboratorios Lafrancol S.A.S",42,entregado,"2024-03-10 11:15:25","2024-03-15 11:15:25","FAC-001276"
1277,44,"Lubricante Nuei Delay 100ml","Lubricantes",9,"Laboratorios Siegfried Colombia S.A",58,en proceso,"2024-02-05 17:42:16","2024-02-25 17:42:16",""
1278,33,"Condón Durex Natural x3","Condones",8,"Distribuidora Íntima de Colombia S.A.S",75,entregado,"2023-02-11 02:30:16","2023-02-15 02:30:16","FAC-001278"
1279,24,"Magnesio 400mg x60","Vitaminas y suplementos",6,"Tecnoquímicas S.A",13,entregado,"2025-02-14 19:41:08","2025-03-01 19:41:08","FAC-001279"
1280,31,"Desodorante roll-on 50ml","Cuidado personal",7,"Bayer S.A Colombia",92,aceptado,"2025-07-01 20:16:34","",""
1281,32,"Gel antibacterial 500ml","Cuidado personal",7,"Bayer S.A Colombia",95,entregado,"2024-04-18 06:50:34","2024-04-22 06:50:34","FAC-001281"
1282,12,"Metronidazol 500mg x14","Antibiótico",5,"Genfar S.A - Grupo Sanofi",93,aceptado,"2024-02-17 00:26:03","",""
1283,14,"Claritromicina 500mg x14","Antibiótico",5,"Genfar S.A - Grupo Sanofi",40,entregado,"2025-11-17 17:37:19","2025-11-23 17:37:19","FAC-001283"
1284,25,"Protector solar SPF 50 50ml","Cuidado personal",7,"Bayer S.A Colombia",10,entregado,"2023-11-28 23:16:32","2023-12-03 23:16:32","FAC-001284"
1285,16,"Doxiciclina 100mg x10","Antibiótico",5,"Genfar S.A - Grupo Sanofi",83,entregado,"2023-10-02 20:33:34","2023-10-05 20:33:34","FAC-001285"
1286,1,"Acetaminofén 500mg x10","Analgésico",4,"Laboratorios Lafrancol S.A.S",49,en proceso,"2025-07-07 19:38:05","2025-07-19 19:38:05",""
1287,29,"Hilo dental 50m","Cuidado personal",7,"Bayer S.A Colombia",48,en proceso,"2024-11-28 06:56:33","2024-12-10 06:56:33",""
1288,15,"Cefalexina 500mg x20","Antibiótico",5,"Genfar S.A - Grupo Sanofi",84,entregado,"2023-09-14 14:06:43","2023-09-17 14:06:43","FAC-001288"
1289,12,"Metronidazol 500mg x14","Antibiótico",5,"Genfar S.A - Grupo Sanofi",55,aceptado,"2025-09-19 03:14:26","",""
1290,14,"Claritromicina 500mg x14","Antibiótico",5,"Genfar S.A - Grupo Sanofi",45,en proceso,"2025-07-25 22:44:34","2025-07-30 22:44:34",""
1291,46,"Lubricante Vive Sensitivo 50ml","Lubricantes",9,"Laboratorios Siegfried Colombia S.A",81,aceptado,"2024-05-01 09:54:05","",""
1292,2,"Ibuprofeno 400mg x10","Analgésico",4,"Laboratorios Lafrancol S.A.S",83,entregado,"2023-10-20 03:05:17","2023-11-03 03:05:17","FAC-001292"
1293,38,"Condón Lifestyles Ultra x12","Condones",8,"Distribuidora Íntima de Colombia S.A.S",40,aceptado,"2023-02-12 23:07:57","",""
1294,7,"Tramadol 50mg x10","Analgésico",4,"Laboratorios Lafrancol S.A.S",100,en proceso,"2024-09-27 11:51:16","2024-10-05 11:51:16",""
1295,26,"Shampoo anticaspa 400ml","Cuidado personal",7,"Bayer S.A Colombia",86,en proceso,"2023-11-12 05:18:06","2023-11-21 05:18:06",""
1296,17,"Vitamina C 1000mg x30","Vitaminas y suplementos",6,"Tecnoquímicas S.A",61,aceptado,"2023-02-14 01:12:42","",""
1297,12,"Metronidazol 500mg x14","Antibiótico",5,"Genfar S.A - Grupo Sanofi",77,entregado,"2023-05-01 12:11:00","2023-05-10 12:11:00","FAC-001297"
1298,9,"Amoxicilina 500mg x21","Antibiótico",5,"Genfar S.A - Grupo Sanofi",39,aceptado,"2024-05-03 14:32:06","",""
1299,17,"Vitamina C 1000mg x30","Vitaminas y suplementos",6,"Tecnoquímicas S.A",43,en proceso,"2025-04-16 01:38:45","2025-05-06 01:38:45",""
1300,13,"Clindamicina 300mg x16","Antibiótico",5,"Genfar S.A - Grupo Sanofi",57,entregado,"2025-07-17 02:49:37","2025-07-29 02:49:37","FAC-001300"
1301,35,"Condón Condomi Ultra x12","Condones",8,"Distribuidora Íntima de Colombia S.A.S",91,entregado,"2023-10-11 16:44:40","2023-10-24 16:44:40","FAC-001301"
1302,10,"Azitromicina 500mg x3","Antibiótico",5,"Genfar S.A - Grupo Sanofi",39,en proceso,"2025-04-20 07:18:46","2025-05-04 07:18:46",""
1303,39,"Condón Vive Placer Real x3","Condones",8,"Distribuidora Íntima de Colombia S.A.S",44,entregado,"2023-10-13 10:06:33","2023-10-24 10:06:33","FAC-001303"
1304,43,"Lubricante Pjur Original 30ml","Lubricantes",9,"Laboratorios Siegfried Colombia S.A",15,aceptado,"2024-03-06 09:10:11","",""
1305,27,"Crema hidratante facial 50ml","Cuidado personal",7,"Bayer S.A Colombia",74,entregado,"2024-11-07 00:54:52","2024-11-15 00:54:52","FAC-001305"
1306,44,"Lubricante Nuei Delay 100ml","Lubricantes",9,"Laboratorios Siegfried Colombia S.A",77,aceptado,"2025-04-07 21:24:05","",""
1307,37,"Condón Control Retard x3","Condones",8,"Distribuidora Íntima de Colombia S.A.S",30,en proceso,"2024-01-09 09:51:13","2024-01-17 09:51:13",""
1308,45,"Lubricante Yes OB Natural 80ml","Lubricantes",9,"Laboratorios Siegfried Colombia S.A",81,en proceso,"2023-08-11 18:31:55","2023-08-27 18:31:55",""
1309,7,"Tramadol 50mg x10","Analgésico",4,"Laboratorios Lafrancol S.A.S",43,entregado,"2024-05-28 07:46:37","2024-06-06 07:46:37","FAC-001309"
1310,37,"Condón Control Retard x3","Condones",8,"Distribuidora Íntima de Colombia S.A.S",51,en proceso,"2025-06-03 06:21:24","2025-06-22 06:21:24",""
1311,21,"Calcio + Vitamina D x60","Vitaminas y suplementos",6,"Tecnoquímicas S.A",56,entregado,"2023-05-03 23:31:13","2023-05-16 23:31:13","FAC-001311"
1312,30,"Crema dental blanqueadora 75ml","Cuidado personal",7,"Bayer S.A Colombia",79,entregado,"2023-02-08 03:52:14","2023-02-19 03:52:14","FAC-001312"
1313,8,"Ketorolaco 10mg x10","Analgésico",4,"Laboratorios Lafrancol S.A.S",97,en proceso,"2025-11-30 15:45:20","2025-12-09 15:45:20",""
1314,25,"Protector solar SPF 50 50ml","Cuidado personal",7,"Bayer S.A Colombia",86,entregado,"2024-08-10 18:24:04","2024-08-21 18:24:04","FAC-001314"
1315,31,"Desodorante roll-on 50ml","Cuidado personal",7,"Bayer S.A Colombia",43,entregado,"2025-10-03 21:45:08","2025-10-18 21:45:08","FAC-001315"
1316,44,"Lubricante Nuei Delay 100ml","Lubricantes",9,"Laboratorios Siegfried Colombia S.A",50,aceptado,"2024-08-02 13:11:07","",""
1317,43,"Lubricante Pjur Original 30ml","Lubricantes",9,"Laboratorios Siegfried Colombia S.A",100,entregado,"2025-11-16 20:15:22","2025-11-23 20:15:22","FAC-001317"
1318,10,"Azitromicina 500mg x3","Antibiótico",5,"Genfar S.A - Grupo Sanofi",45,entregado,"2025-03-13 06:16:41","2025-03-17 06:16:41","FAC-001318"
1319,47,"Lubricante Prudence Aqua 60ml","Lubricantes",9,"Laboratorios Siegfried Colombia S.A",27,entregado,"2024-04-10 19:37:21","2024-04-16 19:37:21","FAC-001319"
1320,7,"Tramadol 50mg x10","Analgésico",4,"Laboratorios Lafrancol S.A.S",64,entregado,"2025-02-09 06:08:02","2025-02-21 06:08:02","FAC-001320"
1321,30,"Crema dental blanqueadora 75ml","Cuidado personal",7,"Bayer S.A Colombia",89,entregado,"2023-01-06 19:29:08","2023-01-15 19:29:08","FAC-001321"
1322,17,"Vitamina C 1000mg x30","Vitaminas y suplementos",6,"Tecnoquímicas S.A",11,en proceso,"2025-10-11 02:38:17","2025-10-23 02:38:17",""
1323,43,"Lubricante Pjur Original 30ml","Lubricantes",9,"Laboratorios Siegfried Colombia S.A",71,entregado,"2023-08-30 08:37:56","2023-09-03 08:37:56","FAC-001323"
1324,46,"Lubricante Vive Sensitivo 50ml","Lubricantes",9,"Laboratorios Siegfried Colombia S.A",87,entregado,"2025-07-04 05:38:26","2025-07-15 05:38:26","FAC-001324"
1325,18,"Vitamina D3 2000UI x30","Vitaminas y suplementos",6,"Tecnoquímicas S.A",97,en proceso,"2023-12-18 01:01:07","2023-12-23 01:01:07",""
1326,19,"Complejo B x30","Vitaminas y suplementos",6,"Tecnoquímicas S.A",26,entregado,"2025-12-19 20:17:18","2025-12-24 20:17:18","FAC-001326"
1327,25,"Protector solar SPF 50 50ml","Cuidado personal",7,"Bayer S.A Colombia",49,en proceso,"2025-06-02 10:07:22","2025-06-21 10:07:22",""
1328,2,"Ibuprofeno 400mg x10","Analgésico",4,"Laboratorios Lafrancol S.A.S",91,entregado,"2023-05-25 12:59:40","2023-05-29 12:59:40","FAC-001328"
1329,28,"Jabón antibacterial 250ml","Cuidado personal",7,"Bayer S.A Colombia",98,aceptado,"2025-05-23 02:44:57","",""
1330,23,"Hierro + Ácido Fólico x30","Vitaminas y suplementos",6,"Tecnoquímicas S.A",55,en proceso,"2024-07-20 07:19:55","2024-08-06 07:19:55",""
1331,24,"Magnesio 400mg x60","Vitaminas y suplementos",6,"Tecnoquímicas S.A",93,entregado,"2024-02-11 17:17:15","2024-02-24 17:17:15","FAC-001331"
1332,31,"Desodorante roll-on 50ml","Cuidado personal",7,"Bayer S.A Colombia",100,entregado,"2025-09-07 21:52:38","2025-09-15 21:52:38","FAC-001332"
1333,14,"Claritromicina 500mg x14","Antibiótico",5,"Genfar S.A - Grupo Sanofi",99,entregado,"2023-06-26 04:16:30","2023-07-04 04:16:30","FAC-001333"
1334,20,"Omega 3 1000mg x30","Vitaminas y suplementos",6,"Tecnoquímicas S.A",39,entregado,"2024-11-19 12:31:55","2024-11-27 12:31:55","FAC-001334"
1335,38,"Condón Lifestyles Ultra x12","Condones",8,"Distribuidora Íntima de Colombia S.A.S",100,entregado,"2024-05-15 13:28:02","2024-05-20 13:28:02","FAC-001335"
1336,14,"Claritromicina 500mg x14","Antibiótico",5,"Genfar S.A - Grupo Sanofi",29,entregado,"2023-08-02 16:29:07","2023-08-08 16:29:07","FAC-001336"
1337,41,"Lubricante Durex Play 50ml","Lubricantes",9,"Laboratorios Siegfried Colombia S.A",64,entregado,"2023-09-01 05:38:19","2023-09-14 05:38:19","FAC-001337"
1338,24,"Magnesio 400mg x60","Vitaminas y suplementos",6,"Tecnoquímicas S.A",24,entregado,"2025-12-03 16:36:33","2025-12-18 16:36:33","FAC-001338"
1339,39,"Condón Vive Placer Real x3","Condones",8,"Distribuidora Íntima de Colombia S.A.S",11,entregado,"2023-01-17 14:08:34","2023-01-30 14:08:34","FAC-001339"
1340,28,"Jabón antibacterial 250ml","Cuidado personal",7,"Bayer S.A Colombia",20,entregado,"2024-03-04 17:15:36","2024-03-15 17:15:36","FAC-001340"
1341,1,"Acetaminofén 500mg x10","Analgésico",4,"Laboratorios Lafrancol S.A.S",79,en proceso,"2025-01-26 15:30:33","2025-02-03 15:30:33",""
1342,5,"Diclofenaco 50mg x10","Analgésico",4,"Laboratorios Lafrancol S.A.S",88,en proceso,"2023-03-30 08:14:48","2023-04-09 08:14:48",""
1343,5,"Diclofenaco 50mg x10","Analgésico",4,"Laboratorios Lafrancol S.A.S",30,entregado,"2024-08-16 19:40:17","2024-08-27 19:40:17","FAC-001343"
1344,18,"Vitamina D3 2000UI x30","Vitaminas y suplementos",6,"Tecnoquímicas S.A",78,entregado,"2025-08-18 09:34:22","2025-08-24 09:34:22","FAC-001344"
1345,25,"Protector solar SPF 50 50ml","Cuidado personal",7,"Bayer S.A Colombia",79,en proceso,"2024-05-02 20:34:34","2024-05-22 20:34:34",""
1346,31,"Desodorante roll-on 50ml","Cuidado personal",7,"Bayer S.A Colombia",10,entregado,"2024-04-11 05:49:47","2024-04-18 05:49:47","FAC-001346"
1347,24,"Magnesio 400mg x60","Vitaminas y suplementos",6,"Tecnoquímicas S.A",90,entregado,"2024-06-20 20:26:33","2024-06-26 20:26:33","FAC-001347"
1348,32,"Gel antibacterial 500ml","Cuidado personal",7,"Bayer S.A Colombia",75,entregado,"2023-11-22 06:39:46","2023-11-27 06:39:46","FAC-001348"
1349,1,"Acetaminofén 500mg x10","Analgésico",4,"Laboratorios Lafrancol S.A.S",33,en proceso,"2025-09-23 06:44:39","2025-10-08 06:44:39",""
1350,3,"Naproxeno 500mg x10","Analgésico",4,"Laboratorios Lafrancol S.A.S",79,en proceso,"2023-01-05 13:49:28","2023-01-20 13:49:28",""
1351,27,"Crema hidratante facial 50ml","Cuidado personal",7,"Bayer S.A Colombia",43,entregado,"2024-05-27 05:16:27","2024-05-31 05:16:27","FAC-001351"
1352,15,"Cefalexina 500mg x20","Antibiótico",5,"Genfar S.A - Grupo Sanofi",28,en proceso,"2023-09-02 05:56:09","2023-09-15 05:56:09",""
1353,27,"Crema hidratante facial 50ml","Cuidado personal",7,"Bayer S.A Colombia",64,aceptado,"2023-09-06 12:46:09","",""
1354,4,"Aspirina 100mg x10","Analgésico",4,"Laboratorios Lafrancol S.A.S",94,aceptado,"2023-08-03 02:36:31","",""
1355,18,"Vitamina D3 2000UI x30","Vitaminas y suplementos",6,"Tecnoquímicas S.A",76,entregado,"2023-10-18 19:37:42","2023-10-31 19:37:42","FAC-001355"
1356,25,"Protector solar SPF 50 50ml","Cuidado personal",7,"Bayer S.A Colombia",69,entregado,"2023-02-20 07:31:29","2023-02-27 07:31:29","FAC-001356"
1357,22,"Zinc 50mg x30","Vitaminas y suplementos",6,"Tecnoquímicas S.A",82,entregado,"2023-08-19 00:44:00","2023-08-27 00:44:00","FAC-001357"
1358,27,"Crema hidratante facial 50ml","Cuidado personal",7,"Bayer S.A Colombia",21,entregado,"2023-10-26 18:48:58","2023-11-07 18:48:58","FAC-001358"
1359,10,"Azitromicina 500mg x3","Antibiótico",5,"Genfar S.A - Grupo Sanofi",43,entregado,"2025-04-14 10:08:37","2025-04-18 10:08:37","FAC-001359"
1360,30,"Crema dental blanqueadora 75ml","Cuidado personal",7,"Bayer S.A Colombia",34,entregado,"2024-06-24 10:22:39","2024-07-02 10:22:39","FAC-001360"
1361,6,"Meloxicam 15mg x10","Analgésico",4,"Laboratorios Lafrancol S.A.S",27,en proceso,"2025-05-30 00:39:49","2025-06-12 00:39:49",""
1362,43,"Lubricante Pjur Original 30ml","Lubricantes",9,"Laboratorios Siegfried Colombia S.A",50,entregado,"2025-11-25 02:53:55","2025-11-28 02:53:55","FAC-001362"
1363,1,"Acetaminofén 500mg x10","Analgésico",4,"Laboratorios Lafrancol S.A.S",62,entregado,"2025-10-18 01:11:21","2025-10-28 01:11:21","FAC-001363"
1364,12,"Metronidazol 500mg x14","Antibiótico",5,"Genfar S.A - Grupo Sanofi",83,en proceso,"2023-04-28 07:15:48","2023-05-09 07:15:48",""
1365,2,"Ibuprofeno 400mg x10","Analgésico",4,"Laboratorios Lafrancol S.A.S",29,entregado,"2025-10-18 15:42:13","2025-10-23 15:42:13","FAC-001365"
1366,28,"Jabón antibacterial 250ml","Cuidado personal",7,"Bayer S.A Colombia",40,en proceso,"2025-06-18 16:42:14","2025-06-23 16:42:14",""
1367,45,"Lubricante Yes OB Natural 80ml","Lubricantes",9,"Laboratorios Siegfried Colombia S.A",61,entregado,"2025-02-20 03:45:01","2025-03-05 03:45:01","FAC-001367"
1368,7,"Tramadol 50mg x10","Analgésico",4,"Laboratorios Lafrancol S.A.S",73,entregado,"2025-04-02 17:51:20","2025-04-09 17:51:20","FAC-001368"
1369,39,"Condón Vive Placer Real x3","Condones",8,"Distribuidora Íntima de Colombia S.A.S",24,entregado,"2023-10-28 01:49:39","2023-11-06 01:49:39","FAC-001369"
1370,38,"Condón Lifestyles Ultra x12","Condones",8,"Distribuidora Íntima de Colombia S.A.S",13,en proceso,"2024-05-19 11:45:00","2024-06-01 11:45:00",""
1371,32,"Gel antibacterial 500ml","Cuidado personal",7,"Bayer S.A Colombia",78,en proceso,"2023-10-17 02:45:15","2023-10-23 02:45:15",""
1372,37,"Condón Control Retard x3","Condones",8,"Distribuidora Íntima de Colombia S.A.S",28,en proceso,"2025-06-14 14:46:07","2025-06-25 14:46:07",""
1373,22,"Zinc 50mg x30","Vitaminas y suplementos",6,"Tecnoquímicas S.A",97,aceptado,"2025-09-08 09:04:34","",""
1374,14,"Claritromicina 500mg x14","Antibiótico",5,"Genfar S.A - Grupo Sanofi",66,en proceso,"2025-11-29 13:08:25","2025-12-06 13:08:25",""
1375,2,"Ibuprofeno 400mg x10","Analgésico",4,"Laboratorios Lafrancol S.A.S",80,en proceso,"2024-06-09 13:18:27","2024-06-28 13:18:27",""
1376,24,"Magnesio 400mg x60","Vitaminas y suplementos",6,"Tecnoquímicas S.A",43,entregado,"2025-09-15 15:14:49","2025-09-22 15:14:49","FAC-001376"
1377,44,"Lubricante Nuei Delay 100ml","Lubricantes",9,"Laboratorios Siegfried Colombia S.A",100,entregado,"2024-07-20 04:36:43","2024-07-25 04:36:43","FAC-001377"
1378,47,"Lubricante Prudence Aqua 60ml","Lubricantes",9,"Laboratorios Siegfried Colombia S.A",55,entregado,"2025-01-04 12:26:37","2025-01-14 12:26:37","FAC-001378"
1379,41,"Lubricante Durex Play 50ml","Lubricantes",9,"Laboratorios Siegfried Colombia S.A",22,entregado,"2023-07-08 18:34:54","2023-07-20 18:34:54","FAC-001379"
1380,41,"Lubricante Durex Play 50ml","Lubricantes",9,"Laboratorios Siegfried Colombia S.A",41,entregado,"2024-12-08 12:46:19","2024-12-13 12:46:19","FAC-001380"
1381,11,"Ciprofloxacino 500mg x10","Antibiótico",5,"Genfar S.A - Grupo Sanofi",71,en proceso,"2025-04-21 03:00:46","2025-04-28 03:00:46",""
1382,23,"Hierro + Ácido Fólico x30","Vitaminas y suplementos",6,"Tecnoquímicas S.A",11,en proceso,"2024-04-24 16:17:37","2024-04-29 16:17:37",""
1383,37,"Condón Control Retard x3","Condones",8,"Distribuidora Íntima de Colombia S.A.S",35,aceptado,"2023-05-24 00:29:43","",""
1384,26,"Shampoo anticaspa 400ml","Cuidado personal",7,"Bayer S.A Colombia",29,aceptado,"2024-08-17 17:57:44","",""
1385,39,"Condón Vive Placer Real x3","Condones",8,"Distribuidora Íntima de Colombia S.A.S",70,en proceso,"2024-02-15 11:13:15","2024-03-03 11:13:15",""
1386,19,"Complejo B x30","Vitaminas y suplementos",6,"Tecnoquímicas S.A",96,en proceso,"2023-10-24 17:35:22","2023-11-01 17:35:22",""
1387,38,"Condón Lifestyles Ultra x12","Condones",8,"Distribuidora Íntima de Colombia S.A.S",78,en proceso,"2025-11-24 06:26:13","2025-12-11 06:26:13",""
1388,22,"Zinc 50mg x30","Vitaminas y suplementos",6,"Tecnoquímicas S.A",88,entregado,"2023-04-14 05:50:06","2023-04-29 05:50:06","FAC-001388"
1389,41,"Lubricante Durex Play 50ml","Lubricantes",9,"Laboratorios Siegfried Colombia S.A",49,en proceso,"2023-05-26 18:40:11","2023-06-04 18:40:11",""
1390,6,"Meloxicam 15mg x10","Analgésico",4,"Laboratorios Lafrancol S.A.S",82,entregado,"2024-02-02 22:56:34","2024-02-05 22:56:34","FAC-001390"
1391,30,"Crema dental blanqueadora 75ml","Cuidado personal",7,"Bayer S.A Colombia",19,aceptado,"2023-01-07 12:21:27","",""
1392,2,"Ibuprofeno 400mg x10","Analgésico",4,"Laboratorios Lafrancol S.A.S",10,entregado,"2023-09-12 19:04:35","2023-09-16 19:04:35","FAC-001392"
1393,23,"Hierro + Ácido Fólico x30","Vitaminas y suplementos",6,"Tecnoquímicas S.A",19,entregado,"2025-04-27 19:32:33","2025-05-03 19:32:33","FAC-001393"
1394,17,"Vitamina C 1000mg x30","Vitaminas y suplementos",6,"Tecnoquímicas S.A",45,entregado,"2024-01-14 16:31:20","2024-01-25 16:31:20","FAC-001394"
1395,16,"Doxiciclina 100mg x10","Antibiótico",5,"Genfar S.A - Grupo Sanofi",74,entregado,"2024-07-06 11:49:22","2024-07-13 11:49:22","FAC-001395"
1396,21,"Calcio + Vitamina D x60","Vitaminas y suplementos",6,"Tecnoquímicas S.A",52,entregado,"2025-01-18 22:59:07","2025-01-30 22:59:07","FAC-001396"
1397,8,"Ketorolaco 10mg x10","Analgésico",4,"Laboratorios Lafrancol S.A.S",25,en proceso,"2025-10-01 19:39:34","2025-10-21 19:39:34",""
1398,9,"Amoxicilina 500mg x21","Antibiótico",5,"Genfar S.A - Grupo Sanofi",35,entregado,"2023-01-12 13:44:33","2023-01-19 13:44:33","FAC-001398"
1399,22,"Zinc 50mg x30","Vitaminas y suplementos",6,"Tecnoquímicas S.A",21,entregado,"2024-08-18 03:59:36","2024-08-26 03:59:36","FAC-001399"
1400,24,"Magnesio 400mg x60","Vitaminas y suplementos",6,"Tecnoquímicas S.A",31,entregado,"2024-02-20 13:01:32","2024-03-02 13:01:32","FAC-001400"
1401,19,"Complejo B x30","Vitaminas y suplementos",6,"Tecnoquímicas S.A",46,entregado,"2024-08-24 20:56:33","2024-08-31 20:56:33","FAC-001401"
1402,30,"Crema dental blanqueadora 75ml","Cuidado personal",7,"Bayer S.A Colombia",15,aceptado,"2024-10-16 02:41:14","",""
1403,43,"Lubricante Pjur Original 30ml","Lubricantes",9,"Laboratorios Siegfried Colombia S.A",56,entregado,"2025-02-13 21:38:17","2025-02-19 21:38:17","FAC-001403"
1404,13,"Clindamicina 300mg x16","Antibiótico",5,"Genfar S.A - Grupo Sanofi",39,aceptado,"2025-01-12 02:51:55","",""
1405,36,"Condón Prudence Fresa x3","Condones",8,"Distribuidora Íntima de Colombia S.A.S",49,entregado,"2025-10-16 06:35:50","2025-10-22 06:35:50","FAC-001405"
1406,36,"Condón Prudence Fresa x3","Condones",8,"Distribuidora Íntima de Colombia S.A.S",15,aceptado,"2024-10-15 02:46:06","",""
1407,34,"Condón Durex Extra Fino x3","Condones",8,"Distribuidora Íntima de Colombia S.A.S",62,en proceso,"2024-05-27 23:49:34","2024-06-09 23:49:34",""
1408,23,"Hierro + Ácido Fólico x30","Vitaminas y suplementos",6,"Tecnoquímicas S.A",19,entregado,"2023-05-14 14:12:12","2023-05-28 14:12:12","FAC-001408"
1409,6,"Meloxicam 15mg x10","Analgésico",4,"Laboratorios Lafrancol S.A.S",52,en proceso,"2024-04-15 12:22:43","2024-05-05 12:22:43",""
1410,6,"Meloxicam 15mg x10","Analgésico",4,"Laboratorios Lafrancol S.A.S",54,entregado,"2025-02-21 08:59:37","2025-03-02 08:59:37","FAC-001410"
1411,8,"Ketorolaco 10mg x10","Analgésico",4,"Laboratorios Lafrancol S.A.S",47,en proceso,"2023-01-24 06:34:59","2023-02-03 06:34:59",""
1412,15,"Cefalexina 500mg x20","Antibiótico",5,"Genfar S.A - Grupo Sanofi",100,aceptado,"2023-02-28 18:03:53","",""
1413,30,"Crema dental blanqueadora 75ml","Cuidado personal",7,"Bayer S.A Colombia",77,en proceso,"2024-04-29 17:36:50","2024-05-18 17:36:50",""
1414,38,"Condón Lifestyles Ultra x12","Condones",8,"Distribuidora Íntima de Colombia S.A.S",19,aceptado,"2024-03-15 02:34:49","",""
1415,14,"Claritromicina 500mg x14","Antibiótico",5,"Genfar S.A - Grupo Sanofi",59,entregado,"2025-02-12 09:54:38","2025-02-15 09:54:38","FAC-001415"
1416,35,"Condón Condomi Ultra x12","Condones",8,"Distribuidora Íntima de Colombia S.A.S",35,entregado,"2024-01-31 01:34:17","2024-02-12 01:34:17","FAC-001416"
1417,21,"Calcio + Vitamina D x60","Vitaminas y suplementos",6,"Tecnoquímicas S.A",37,entregado,"2024-02-13 05:29:58","2024-02-17 05:29:58","FAC-001417"
1418,22,"Zinc 50mg x30","Vitaminas y suplementos",6,"Tecnoquímicas S.A",64,aceptado,"2023-03-31 07:29:21","",""
1419,8,"Ketorolaco 10mg x10","Analgésico",4,"Laboratorios Lafrancol S.A.S",83,entregado,"2025-10-05 21:16:09","2025-10-17 21:16:09","FAC-001419"
1420,1,"Acetaminofén 500mg x10","Analgésico",4,"Laboratorios Lafrancol S.A.S",44,en proceso,"2025-04-07 17:24:19","2025-04-16 17:24:19",""
1421,48,"Lubricante Control Aqua 75ml","Lubricantes",9,"Laboratorios Siegfried Colombia S.A",10,entregado,"2024-11-22 12:08:52","2024-12-07 12:08:52","FAC-001421"
1422,41,"Lubricante Durex Play 50ml","Lubricantes",9,"Laboratorios Siegfried Colombia S.A",31,entregado,"2025-10-18 01:39:03","2025-10-31 01:39:03","FAC-001422"
1423,6,"Meloxicam 15mg x10","Analgésico",4,"Laboratorios Lafrancol S.A.S",35,entregado,"2024-06-13 02:15:47","2024-06-26 02:15:47","FAC-001423"
1424,21,"Calcio + Vitamina D x60","Vitaminas y suplementos",6,"Tecnoquímicas S.A",60,entregado,"2024-03-15 17:29:10","2024-03-28 17:29:10","FAC-001424"
1425,35,"Condón Condomi Ultra x12","Condones",8,"Distribuidora Íntima de Colombia S.A.S",16,entregado,"2024-07-08 11:57:56","2024-07-14 11:57:56","FAC-001425"
1426,20,"Omega 3 1000mg x30","Vitaminas y suplementos",6,"Tecnoquímicas S.A",54,en proceso,"2023-01-16 23:22:35","2023-01-29 23:22:35",""
1427,9,"Amoxicilina 500mg x21","Antibiótico",5,"Genfar S.A - Grupo Sanofi",91,entregado,"2023-02-04 04:59:45","2023-02-11 04:59:45","FAC-001427"
1428,30,"Crema dental blanqueadora 75ml","Cuidado personal",7,"Bayer S.A Colombia",89,entregado,"2024-01-20 06:08:17","2024-02-02 06:08:17","FAC-001428"
1429,33,"Condón Durex Natural x3","Condones",8,"Distribuidora Íntima de Colombia S.A.S",91,entregado,"2025-03-06 09:30:46","2025-03-11 09:30:46","FAC-001429"
1430,36,"Condón Prudence Fresa x3","Condones",8,"Distribuidora Íntima de Colombia S.A.S",68,en proceso,"2023-09-15 02:55:07","2023-09-29 02:55:07",""
1431,14,"Claritromicina 500mg x14","Antibiótico",5,"Genfar S.A - Grupo Sanofi",61,entregado,"2024-02-02 06:14:53","2024-02-12 06:14:53","FAC-001431"
1432,39,"Condón Vive Placer Real x3","Condones",8,"Distribuidora Íntima de Colombia S.A.S",35,entregado,"2023-04-10 04:14:12","2023-04-17 04:14:12","FAC-001432"
1433,6,"Meloxicam 15mg x10","Analgésico",4,"Laboratorios Lafrancol S.A.S",78,en proceso,"2025-11-14 04:13:20","2025-11-28 04:13:20",""
1434,9,"Amoxicilina 500mg x21","Antibiótico",5,"Genfar S.A - Grupo Sanofi",50,entregado,"2025-10-09 00:53:56","2025-10-20 00:53:56","FAC-001434"
1435,41,"Lubricante Durex Play 50ml","Lubricantes",9,"Laboratorios Siegfried Colombia S.A",36,entregado,"2023-08-07 10:04:55","2023-08-12 10:04:55","FAC-001435"
1436,44,"Lubricante Nuei Delay 100ml","Lubricantes",9,"Laboratorios Siegfried Colombia S.A",47,entregado,"2023-08-25 10:48:22","2023-09-02 10:48:22","FAC-001436"
1437,48,"Lubricante Control Aqua 75ml","Lubricantes",9,"Laboratorios Siegfried Colombia S.A",83,entregado,"2024-11-18 19:04:15","2024-11-27 19:04:15","FAC-001437"
1438,46,"Lubricante Vive Sensitivo 50ml","Lubricantes",9,"Laboratorios Siegfried Colombia S.A",24,aceptado,"2024-12-06 06:33:10","",""
1439,43,"Lubricante Pjur Original 30ml","Lubricantes",9,"Laboratorios Siegfried Colombia S.A",85,aceptado,"2025-07-06 11:22:40","",""
1440,31,"Desodorante roll-on 50ml","Cuidado personal",7,"Bayer S.A Colombia",31,entregado,"2023-10-23 07:27:27","2023-11-06 07:27:27","FAC-001440"
1441,45,"Lubricante Yes OB Natural 80ml","Lubricantes",9,"Laboratorios Siegfried Colombia S.A",38,entregado,"2025-02-08 03:53:28","2025-02-15 03:53:28","FAC-001441"
1442,12,"Metronidazol 500mg x14","Antibiótico",5,"Genfar S.A - Grupo Sanofi",80,en proceso,"2023-03-30 01:03:48","2023-04-04 01:03:48",""
1443,42,"Lubricante Íntimo KY 75ml","Lubricantes",9,"Laboratorios Siegfried Colombia S.A",59,aceptado,"2023-06-02 01:23:37","",""
1444,36,"Condón Prudence Fresa x3","Condones",8,"Distribuidora Íntima de Colombia S.A.S",45,entregado,"2025-03-05 01:50:09","2025-03-12 01:50:09","FAC-001444"
1445,24,"Magnesio 400mg x60","Vitaminas y suplementos",6,"Tecnoquímicas S.A",43,en proceso,"2024-01-12 18:42:36","2024-01-31 18:42:36",""
1446,19,"Complejo B x30","Vitaminas y suplementos",6,"Tecnoquímicas S.A",52,en proceso,"2025-11-24 16:38:36","2025-12-08 16:38:36",""
1447,28,"Jabón antibacterial 250ml","Cuidado personal",7,"Bayer S.A Colombia",13,aceptado,"2024-06-11 09:35:21","",""
1448,35,"Condón Condomi Ultra x12","Condones",8,"Distribuidora Íntima de Colombia S.A.S",61,aceptado,"2024-04-04 16:34:12","",""
1449,15,"Cefalexina 500mg x20","Antibiótico",5,"Genfar S.A - Grupo Sanofi",14,en proceso,"2025-04-11 08:04:08","2025-04-26 08:04:08",""
1450,30,"Crema dental blanqueadora 75ml","Cuidado personal",7,"Bayer S.A Colombia",95,entregado,"2025-03-02 17:22:21","2025-03-16 17:22:21","FAC-001450"
1451,43,"Lubricante Pjur Original 30ml","Lubricantes",9,"Laboratorios Siegfried Colombia S.A",37,entregado,"2023-02-01 18:47:57","2023-02-07 18:47:57","FAC-001451"
1452,42,"Lubricante Íntimo KY 75ml","Lubricantes",9,"Laboratorios Siegfried Colombia S.A",33,entregado,"2025-03-16 04:42:55","2025-03-19 04:42:55","FAC-001452"
1453,38,"Condón Lifestyles Ultra x12","Condones",8,"Distribuidora Íntima de Colombia S.A.S",62,en proceso,"2024-05-31 05:18:26","2024-06-15 05:18:26",""
1454,26,"Shampoo anticaspa 400ml","Cuidado personal",7,"Bayer S.A Colombia",46,en proceso,"2023-10-17 20:50:14","2023-10-31 20:50:14",""
1455,16,"Doxiciclina 100mg x10","Antibiótico",5,"Genfar S.A - Grupo Sanofi",29,entregado,"2024-08-13 01:06:33","2024-08-17 01:06:33","FAC-001455"
1456,48,"Lubricante Control Aqua 75ml","Lubricantes",9,"Laboratorios Siegfried Colombia S.A",63,en proceso,"2025-02-22 05:51:39","2025-03-03 05:51:39",""
1457,44,"Lubricante Nuei Delay 100ml","Lubricantes",9,"Laboratorios Siegfried Colombia S.A",47,entregado,"2024-12-27 03:13:35","2025-01-02 03:13:35","FAC-001457"
1458,38,"Condón Lifestyles Ultra x12","Condones",8,"Distribuidora Íntima de Colombia S.A.S",52,entregado,"2023-07-05 16:29:51","2023-07-20 16:29:51","FAC-001458"
1459,2,"Ibuprofeno 400mg x10","Analgésico",4,"Laboratorios Lafrancol S.A.S",47,entregado,"2023-06-02 04:00:33","2023-06-09 04:00:33","FAC-001459"
1460,35,"Condón Condomi Ultra x12","Condones",8,"Distribuidora Íntima de Colombia S.A.S",64,en proceso,"2023-12-26 05:24:48","2024-01-05 05:24:48",""
1461,23,"Hierro + Ácido Fólico x30","Vitaminas y suplementos",6,"Tecnoquímicas S.A",33,entregado,"2023-03-10 09:22:51","2023-03-21 09:22:51","FAC-001461"
1462,33,"Condón Durex Natural x3","Condones",8,"Distribuidora Íntima de Colombia S.A.S",37,aceptado,"2025-12-25 14:27:53","",""
1463,42,"Lubricante Íntimo KY 75ml","Lubricantes",9,"Laboratorios Siegfried Colombia S.A",84,en proceso,"2023-12-02 13:02:41","2023-12-20 13:02:41",""
1464,21,"Calcio + Vitamina D x60","Vitaminas y suplementos",6,"Tecnoquímicas S.A",50,en proceso,"2023-02-08 20:51:50","2023-02-16 20:51:50",""
1465,37,"Condón Control Retard x3","Condones",8,"Distribuidora Íntima de Colombia S.A.S",66,aceptado,"2023-08-19 09:17:11","",""
1466,36,"Condón Prudence Fresa x3","Condones",8,"Distribuidora Íntima de Colombia S.A.S",96,en proceso,"2025-02-22 19:54:43","2025-03-03 19:54:43",""
1467,38,"Condón Lifestyles Ultra x12","Condones",8,"Distribuidora Íntima de Colombia S.A.S",10,entregado,"2025-02-22 08:46:55","2025-02-25 08:46:55","FAC-001467"
1468,15,"Cefalexina 500mg x20","Antibiótico",5,"Genfar S.A - Grupo Sanofi",18,en proceso,"2025-10-15 09:01:41","2025-10-28 09:01:41",""
1469,14,"Claritromicina 500mg x14","Antibiótico",5,"Genfar S.A - Grupo Sanofi",69,en proceso,"2023-02-19 13:12:45","2023-03-07 13:12:45",""
1470,18,"Vitamina D3 2000UI x30","Vitaminas y suplementos",6,"Tecnoquímicas S.A",99,entregado,"2023-06-24 22:50:59","2023-06-30 22:50:59","FAC-001470"
1471,3,"Naproxeno 500mg x10","Analgésico",4,"Laboratorios Lafrancol S.A.S",22,entregado,"2024-06-09 23:04:09","2024-06-23 23:04:09","FAC-001471"
1472,19,"Complejo B x30","Vitaminas y suplementos",6,"Tecnoquímicas S.A",15,entregado,"2023-07-02 08:39:53","2023-07-13 08:39:53","FAC-001472"
1473,14,"Claritromicina 500mg x14","Antibiótico",5,"Genfar S.A - Grupo Sanofi",46,entregado,"2023-02-07 13:12:07","2023-02-19 13:12:07","FAC-001473"
1474,25,"Protector solar SPF 50 50ml","Cuidado personal",7,"Bayer S.A Colombia",65,en proceso,"2024-06-02 19:19:18","2024-06-07 19:19:18",""
1475,48,"Lubricante Control Aqua 75ml","Lubricantes",9,"Laboratorios Siegfried Colombia S.A",75,entregado,"2025-08-04 01:00:36","2025-08-12 01:00:36","FAC-001475"
1476,14,"Claritromicina 500mg x14","Antibiótico",5,"Genfar S.A - Grupo Sanofi",19,entregado,"2025-10-28 22:14:06","2025-11-09 22:14:06","FAC-001476"
1477,39,"Condón Vive Placer Real x3","Condones",8,"Distribuidora Íntima de Colombia S.A.S",61,entregado,"2024-12-23 14:50:27","2025-01-04 14:50:27","FAC-001477"
1478,8,"Ketorolaco 10mg x10","Analgésico",4,"Laboratorios Lafrancol S.A.S",91,entregado,"2023-07-27 02:29:35","2023-08-08 02:29:35","FAC-001478"
1479,6,"Meloxicam 15mg x10","Analgésico",4,"Laboratorios Lafrancol S.A.S",79,entregado,"2024-05-11 16:23:11","2024-05-20 16:23:11","FAC-001479"
1480,47,"Lubricante Prudence Aqua 60ml","Lubricantes",9,"Laboratorios Siegfried Colombia S.A",73,en proceso,"2024-07-08 12:19:24","2024-07-24 12:19:24",""
1481,13,"Clindamicina 300mg x16","Antibiótico",5,"Genfar S.A - Grupo Sanofi",69,en proceso,"2025-02-10 16:17:29","2025-02-28 16:17:29",""
1482,13,"Clindamicina 300mg x16","Antibiótico",5,"Genfar S.A - Grupo Sanofi",75,entregado,"2025-05-18 15:52:39","2025-05-30 15:52:39","FAC-001482"
1483,39,"Condón Vive Placer Real x3","Condones",8,"Distribuidora Íntima de Colombia S.A.S",54,entregado,"2024-02-26 00:48:56","2024-03-12 00:48:56","FAC-001483"
1484,11,"Ciprofloxacino 500mg x10","Antibiótico",5,"Genfar S.A - Grupo Sanofi",96,entregado,"2023-05-13 16:42:02","2023-05-23 16:42:02","FAC-001484"
1485,20,"Omega 3 1000mg x30","Vitaminas y suplementos",6,"Tecnoquímicas S.A",11,entregado,"2024-11-17 04:27:47","2024-11-22 04:27:47","FAC-001485"
1486,13,"Clindamicina 300mg x16","Antibiótico",5,"Genfar S.A - Grupo Sanofi",62,entregado,"2024-05-26 15:44:43","2024-05-30 15:44:43","FAC-001486"
1487,19,"Complejo B x30","Vitaminas y suplementos",6,"Tecnoquímicas S.A",70,en proceso,"2025-05-23 19:52:35","2025-05-28 19:52:35",""
1488,24,"Magnesio 400mg x60","Vitaminas y suplementos",6,"Tecnoquímicas S.A",15,en proceso,"2023-02-02 13:02:17","2023-02-10 13:02:17",""
1489,29,"Hilo dental 50m","Cuidado personal",7,"Bayer S.A Colombia",45,entregado,"2024-12-04 00:12:53","2024-12-10 00:12:53","FAC-001489"
1490,32,"Gel antibacterial 500ml","Cuidado personal",7,"Bayer S.A Colombia",28,entregado,"2023-02-02 02:27:18","2023-02-14 02:27:18","FAC-001490"
1491,24,"Magnesio 400mg x60","Vitaminas y suplementos",6,"Tecnoquímicas S.A",56,aceptado,"2023-07-03 21:14:00","",""
1492,47,"Lubricante Prudence Aqua 60ml","Lubricantes",9,"Laboratorios Siegfried Colombia S.A",25,en proceso,"2025-08-07 13:49:35","2025-08-23 13:49:35",""
1493,34,"Condón Durex Extra Fino x3","Condones",8,"Distribuidora Íntima de Colombia S.A.S",43,entregado,"2024-05-03 04:07:50","2024-05-08 04:07:50","FAC-001493"
1494,18,"Vitamina D3 2000UI x30","Vitaminas y suplementos",6,"Tecnoquímicas S.A",45,entregado,"2023-04-20 17:38:07","2023-04-30 17:38:07","FAC-001494"
1495,29,"Hilo dental 50m","Cuidado personal",7,"Bayer S.A Colombia",21,entregado,"2024-10-05 23:47:06","2024-10-10 23:47:06","FAC-001495"
1496,1,"Acetaminofén 500mg x10","Analgésico",4,"Laboratorios Lafrancol S.A.S",57,entregado,"2024-09-06 14:51:23","2024-09-09 14:51:23","FAC-001496"
1497,14,"Claritromicina 500mg x14","Antibiótico",5,"Genfar S.A - Grupo Sanofi",56,en proceso,"2025-06-07 12:57:20","2025-06-25 12:57:20",""
1498,30,"Crema dental blanqueadora 75ml","Cuidado personal",7,"Bayer S.A Colombia",10,en proceso,"2024-05-20 12:29:15","2024-05-29 12:29:15",""
1499,8,"Ketorolaco 10mg x10","Analgésico",4,"Laboratorios Lafrancol S.A.S",30,entregado,"2024-10-05 22:31:48","2024-10-09 22:31:48","FAC-001499"
1500,10,"Azitromicina 500mg x3","Antibiótico",5,"Genfar S.A - Grupo Sanofi",80,entregado,"2025-05-28 22:55:02","2025-06-08 22:55:02","FAC-001500"
1501,7,"Tramadol 50mg x10","Analgésico",4,"Laboratorios Lafrancol S.A.S",25,entregado,"2023-07-16 14:06:59","2023-07-20 14:06:59","FAC-001501"
1502,32,"Gel antibacterial 500ml","Cuidado personal",7,"Bayer S.A Colombia",48,entregado,"2023-03-29 17:47:04","2023-04-02 17:47:04","FAC-001502"
1503,43,"Lubricante Pjur Original 30ml","Lubricantes",9,"Laboratorios Siegfried Colombia S.A",90,entregado,"2025-11-29 01:36:08","2025-12-14 01:36:08","FAC-001503"
1504,1,"Acetaminofén 500mg x10","Analgésico",4,"Laboratorios Lafrancol S.A.S",23,aceptado,"2025-01-23 04:40:52","",""
1505,30,"Crema dental blanqueadora 75ml","Cuidado personal",7,"Bayer S.A Colombia",49,entregado,"2024-03-29 23:19:20","2024-04-02 23:19:20","FAC-001505"
1506,14,"Claritromicina 500mg x14","Antibiótico",5,"Genfar S.A - Grupo Sanofi",32,entregado,"2023-09-16 20:32:31","2023-09-19 20:32:31","FAC-001506"
1507,19,"Complejo B x30","Vitaminas y suplementos",6,"Tecnoquímicas S.A",44,entregado,"2025-09-23 15:33:09","2025-10-08 15:33:09","FAC-001507"
1508,38,"Condón Lifestyles Ultra x12","Condones",8,"Distribuidora Íntima de Colombia S.A.S",38,entregado,"2025-11-11 00:55:42","2025-11-18 00:55:42","FAC-001508"
1509,35,"Condón Condomi Ultra x12","Condones",8,"Distribuidora Íntima de Colombia S.A.S",87,en proceso,"2023-04-05 14:35:29","2023-04-13 14:35:29",""
1510,39,"Condón Vive Placer Real x3","Condones",8,"Distribuidora Íntima de Colombia S.A.S",59,aceptado,"2024-10-16 02:57:37","",""
1511,23,"Hierro + Ácido Fólico x30","Vitaminas y suplementos",6,"Tecnoquímicas S.A",61,en proceso,"2024-01-09 19:45:33","2024-01-16 19:45:33",""
1512,20,"Omega 3 1000mg x30","Vitaminas y suplementos",6,"Tecnoquímicas S.A",15,en proceso,"2025-01-17 18:08:45","2025-02-02 18:08:45",""
1513,14,"Claritromicina 500mg x14","Antibiótico",5,"Genfar S.A - Grupo Sanofi",41,entregado,"2024-07-22 10:01:29","2024-07-29 10:01:29","FAC-001513"
1514,21,"Calcio + Vitamina D x60","Vitaminas y suplementos",6,"Tecnoquímicas S.A",11,entregado,"2024-07-02 02:18:19","2024-07-16 02:18:19","FAC-001514"
1515,21,"Calcio + Vitamina D x60","Vitaminas y suplementos",6,"Tecnoquímicas S.A",60,entregado,"2023-04-11 12:33:23","2023-04-23 12:33:23","FAC-001515"
1516,41,"Lubricante Durex Play 50ml","Lubricantes",9,"Laboratorios Siegfried Colombia S.A",29,entregado,"2024-09-22 22:14:03","2024-09-25 22:14:03","FAC-001516"
1517,1,"Acetaminofén 500mg x10","Analgésico",4,"Laboratorios Lafrancol S.A.S",82,en proceso,"2025-02-02 20:24:23","2025-02-15 20:24:23",""
1518,29,"Hilo dental 50m","Cuidado personal",7,"Bayer S.A Colombia",19,aceptado,"2023-04-04 16:55:40","",""
1519,7,"Tramadol 50mg x10","Analgésico",4,"Laboratorios Lafrancol S.A.S",92,en proceso,"2023-07-17 22:47:28","2023-07-29 22:47:28",""
1520,13,"Clindamicina 300mg x16","Antibiótico",5,"Genfar S.A - Grupo Sanofi",30,aceptado,"2023-08-14 18:40:16","",""
1521,42,"Lubricante Íntimo KY 75ml","Lubricantes",9,"Laboratorios Siegfried Colombia S.A",25,entregado,"2025-05-03 12:30:47","2025-05-17 12:30:47","FAC-001521"
1522,7,"Tramadol 50mg x10","Analgésico",4,"Laboratorios Lafrancol S.A.S",41,entregado,"2025-05-31 13:57:43","2025-06-12 13:57:43","FAC-001522"
1523,20,"Omega 3 1000mg x30","Vitaminas y suplementos",6,"Tecnoquímicas S.A",99,aceptado,"2023-08-28 12:20:59","",""
1524,5,"Diclofenaco 50mg x10","Analgésico",4,"Laboratorios Lafrancol S.A.S",22,entregado,"2025-08-14 02:04:32","2025-08-21 02:04:32","FAC-001524"
1525,7,"Tramadol 50mg x10","Analgésico",4,"Laboratorios Lafrancol S.A.S",30,en proceso,"2024-11-29 06:12:32","2024-12-04 06:12:32",""
1526,11,"Ciprofloxacino 500mg x10","Antibiótico",5,"Genfar S.A - Grupo Sanofi",56,entregado,"2025-05-12 03:24:27","2025-05-20 03:24:27","FAC-001526"
1527,5,"Diclofenaco 50mg x10","Analgésico",4,"Laboratorios Lafrancol S.A.S",86,entregado,"2025-12-04 19:09:24","2025-12-11 19:09:24","FAC-001527"
1528,46,"Lubricante Vive Sensitivo 50ml","Lubricantes",9,"Laboratorios Siegfried Colombia S.A",11,entregado,"2025-07-31 04:25:53","2025-08-13 04:25:53","FAC-001528"
1529,23,"Hierro + Ácido Fólico x30","Vitaminas y suplementos",6,"Tecnoquímicas S.A",33,entregado,"2024-12-08 04:28:19","2024-12-17 04:28:19","FAC-001529"
1530,42,"Lubricante Íntimo KY 75ml","Lubricantes",9,"Laboratorios Siegfried Colombia S.A",11,entregado,"2025-09-08 17:10:54","2025-09-22 17:10:54","FAC-001530"
1531,4,"Aspirina 100mg x10","Analgésico",4,"Laboratorios Lafrancol S.A.S",72,aceptado,"2024-10-24 17:54:44","",""
1532,30,"Crema dental blanqueadora 75ml","Cuidado personal",7,"Bayer S.A Colombia",71,aceptado,"2025-11-16 23:04:54","",""
1533,38,"Condón Lifestyles Ultra x12","Condones",8,"Distribuidora Íntima de Colombia S.A.S",11,aceptado,"2024-08-31 12:27:45","",""
1534,29,"Hilo dental 50m","Cuidado personal",7,"Bayer S.A Colombia",70,entregado,"2025-04-08 10:57:08","2025-04-14 10:57:08","FAC-001534"
1535,22,"Zinc 50mg x30","Vitaminas y suplementos",6,"Tecnoquímicas S.A",71,aceptado,"2024-11-05 05:58:17","",""
1536,29,"Hilo dental 50m","Cuidado personal",7,"Bayer S.A Colombia",19,en proceso,"2024-10-20 11:36:31","2024-11-02 11:36:31",""
1537,29,"Hilo dental 50m","Cuidado personal",7,"Bayer S.A Colombia",51,entregado,"2023-06-16 05:07:06","2023-06-23 05:07:06","FAC-001537"
1538,15,"Cefalexina 500mg x20","Antibiótico",5,"Genfar S.A - Grupo Sanofi",16,en proceso,"2023-06-02 16:15:13","2023-06-21 16:15:13",""
1539,12,"Metronidazol 500mg x14","Antibiótico",5,"Genfar S.A - Grupo Sanofi",36,aceptado,"2023-01-31 04:32:48","",""
1540,31,"Desodorante roll-on 50ml","Cuidado personal",7,"Bayer S.A Colombia",71,entregado,"2023-11-11 07:34:31","2023-11-14 07:34:31","FAC-001540"
1541,39,"Condón Vive Placer Real x3","Condones",8,"Distribuidora Íntima de Colombia S.A.S",79,entregado,"2023-07-24 14:19:48","2023-08-07 14:19:48","FAC-001541"
1542,41,"Lubricante Durex Play 50ml","Lubricantes",9,"Laboratorios Siegfried Colombia S.A",45,en proceso,"2024-06-09 02:22:31","2024-06-26 02:22:31",""
1543,5,"Diclofenaco 50mg x10","Analgésico",4,"Laboratorios Lafrancol S.A.S",32,entregado,"2023-03-28 14:30:45","2023-04-07 14:30:45","FAC-001543"
1544,11,"Ciprofloxacino 500mg x10","Antibiótico",5,"Genfar S.A - Grupo Sanofi",95,entregado,"2024-02-27 08:36:17","2024-03-02 08:36:17","FAC-001544"
1545,29,"Hilo dental 50m","Cuidado personal",7,"Bayer S.A Colombia",86,entregado,"2023-01-15 16:57:47","2023-01-18 16:57:47","FAC-001545"
1546,37,"Condón Control Retard x3","Condones",8,"Distribuidora Íntima de Colombia S.A.S",50,entregado,"2024-03-25 19:09:24","2024-04-02 19:09:24","FAC-001546"
1547,43,"Lubricante Pjur Original 30ml","Lubricantes",9,"Laboratorios Siegfried Colombia S.A",56,en proceso,"2024-07-01 01:34:01","2024-07-19 01:34:01",""
1548,48,"Lubricante Control Aqua 75ml","Lubricantes",9,"Laboratorios Siegfried Colombia S.A",78,entregado,"2025-11-19 11:31:15","2025-11-24 11:31:15","FAC-001548"
1549,10,"Azitromicina 500mg x3","Antibiótico",5,"Genfar S.A - Grupo Sanofi",26,entregado,"2023-12-03 18:28:53","2023-12-13 18:28:53","FAC-001549"
1550,9,"Amoxicilina 500mg x21","Antibiótico",5,"Genfar S.A - Grupo Sanofi",59,entregado,"2023-12-05 21:42:41","2023-12-11 21:42:41","FAC-001550"
1551,48,"Lubricante Control Aqua 75ml","Lubricantes",9,"Laboratorios Siegfried Colombia S.A",46,en proceso,"2024-03-24 21:58:05","2024-04-01 21:58:05",""
1552,43,"Lubricante Pjur Original 30ml","Lubricantes",9,"Laboratorios Siegfried Colombia S.A",27,en proceso,"2025-07-29 04:16:29","2025-08-17 04:16:29",""
1553,37,"Condón Control Retard x3","Condones",8,"Distribuidora Íntima de Colombia S.A.S",78,en proceso,"2023-10-30 20:48:04","2023-11-18 20:48:04",""
1554,21,"Calcio + Vitamina D x60","Vitaminas y suplementos",6,"Tecnoquímicas S.A",22,en proceso,"2025-12-28 09:45:22","2026-01-10 09:45:22",""
1555,25,"Protector solar SPF 50 50ml","Cuidado personal",7,"Bayer S.A Colombia",69,entregado,"2023-08-08 08:27:39","2023-08-18 08:27:39","FAC-001555"
1556,39,"Condón Vive Placer Real x3","Condones",8,"Distribuidora Íntima de Colombia S.A.S",78,entregado,"2023-04-02 12:05:29","2023-04-11 12:05:29","FAC-001556"
1557,39,"Condón Vive Placer Real x3","Condones",8,"Distribuidora Íntima de Colombia S.A.S",17,en proceso,"2025-01-21 20:14:33","2025-02-05 20:14:33",""
1558,4,"Aspirina 100mg x10","Analgésico",4,"Laboratorios Lafrancol S.A.S",31,entregado,"2024-06-04 12:38:54","2024-06-16 12:38:54","FAC-001558"
1559,20,"Omega 3 1000mg x30","Vitaminas y suplementos",6,"Tecnoquímicas S.A",60,entregado,"2023-02-02 13:15:41","2023-02-10 13:15:41","FAC-001559"
1560,34,"Condón Durex Extra Fino x3","Condones",8,"Distribuidora Íntima de Colombia S.A.S",62,entregado,"2025-08-27 08:36:12","2025-09-01 08:36:12","FAC-001560"
1561,30,"Crema dental blanqueadora 75ml","Cuidado personal",7,"Bayer S.A Colombia",27,entregado,"2025-08-15 08:29:39","2025-08-30 08:29:39","FAC-001561"
1562,33,"Condón Durex Natural x3","Condones",8,"Distribuidora Íntima de Colombia S.A.S",57,entregado,"2023-07-26 13:59:33","2023-08-06 13:59:33","FAC-001562"
1563,7,"Tramadol 50mg x10","Analgésico",4,"Laboratorios Lafrancol S.A.S",77,entregado,"2025-10-30 22:56:35","2025-11-05 22:56:35","FAC-001563"
1564,39,"Condón Vive Placer Real x3","Condones",8,"Distribuidora Íntima de Colombia S.A.S",74,en proceso,"2025-10-02 13:49:31","2025-10-21 13:49:31",""
1565,38,"Condón Lifestyles Ultra x12","Condones",8,"Distribuidora Íntima de Colombia S.A.S",40,en proceso,"2023-04-01 00:26:56","2023-04-12 00:26:56",""
1566,1,"Acetaminofén 500mg x10","Analgésico",4,"Laboratorios Lafrancol S.A.S",89,entregado,"2025-10-15 21:33:14","2025-10-29 21:33:14","FAC-001566"
1567,43,"Lubricante Pjur Original 30ml","Lubricantes",9,"Laboratorios Siegfried Colombia S.A",78,en proceso,"2024-08-17 02:25:37","2024-09-03 02:25:37",""
1568,47,"Lubricante Prudence Aqua 60ml","Lubricantes",9,"Laboratorios Siegfried Colombia S.A",36,entregado,"2023-03-02 21:40:07","2023-03-11 21:40:07","FAC-001568"
1569,41,"Lubricante Durex Play 50ml","Lubricantes",9,"Laboratorios Siegfried Colombia S.A",57,en proceso,"2023-09-17 07:56:42","2023-09-23 07:56:42",""
1570,33,"Condón Durex Natural x3","Condones",8,"Distribuidora Íntima de Colombia S.A.S",10,entregado,"2024-11-09 02:22:00","2024-11-18 02:22:00","FAC-001570"
1571,23,"Hierro + Ácido Fólico x30","Vitaminas y suplementos",6,"Tecnoquímicas S.A",30,aceptado,"2024-08-18 03:58:38","",""
1572,10,"Azitromicina 500mg x3","Antibiótico",5,"Genfar S.A - Grupo Sanofi",51,entregado,"2024-07-31 07:59:06","2024-08-04 07:59:06","FAC-001572"
1573,43,"Lubricante Pjur Original 30ml","Lubricantes",9,"Laboratorios Siegfried Colombia S.A",62,entregado,"2023-08-16 15:55:54","2023-08-28 15:55:54","FAC-001573"
1574,13,"Clindamicina 300mg x16","Antibiótico",5,"Genfar S.A - Grupo Sanofi",56,entregado,"2025-02-02 18:01:54","2025-02-15 18:01:54","FAC-001574"
1575,36,"Condón Prudence Fresa x3","Condones",8,"Distribuidora Íntima de Colombia S.A.S",88,entregado,"2023-09-11 14:01:47","2023-09-26 14:01:47","FAC-001575"
1576,23,"Hierro + Ácido Fólico x30","Vitaminas y suplementos",6,"Tecnoquímicas S.A",38,entregado,"2023-04-13 17:45:46","2023-04-23 17:45:46","FAC-001576"
1577,2,"Ibuprofeno 400mg x10","Analgésico",4,"Laboratorios Lafrancol S.A.S",25,entregado,"2025-07-12 22:43:18","2025-07-21 22:43:18","FAC-001577"
1578,35,"Condón Condomi Ultra x12","Condones",8,"Distribuidora Íntima de Colombia S.A.S",28,en proceso,"2024-10-29 00:38:13","2024-11-16 00:38:13",""
1579,10,"Azitromicina 500mg x3","Antibiótico",5,"Genfar S.A - Grupo Sanofi",76,aceptado,"2024-03-17 15:06:29","",""
1580,11,"Ciprofloxacino 500mg x10","Antibiótico",5,"Genfar S.A - Grupo Sanofi",59,en proceso,"2024-05-24 17:24:37","2024-06-07 17:24:37",""
1581,35,"Condón Condomi Ultra x12","Condones",8,"Distribuidora Íntima de Colombia S.A.S",67,aceptado,"2025-06-08 03:22:41","",""
1582,6,"Meloxicam 15mg x10","Analgésico",4,"Laboratorios Lafrancol S.A.S",85,entregado,"2023-07-11 18:59:21","2023-07-16 18:59:21","FAC-001582"
1583,46,"Lubricante Vive Sensitivo 50ml","Lubricantes",9,"Laboratorios Siegfried Colombia S.A",100,en proceso,"2023-04-20 11:22:21","2023-04-27 11:22:21",""
1584,35,"Condón Condomi Ultra x12","Condones",8,"Distribuidora Íntima de Colombia S.A.S",19,aceptado,"2025-08-04 22:33:45","",""
1585,1,"Acetaminofén 500mg x10","Analgésico",4,"Laboratorios Lafrancol S.A.S",46,en proceso,"2023-11-13 08:13:18","2023-11-19 08:13:18",""
1586,7,"Tramadol 50mg x10","Analgésico",4,"Laboratorios Lafrancol S.A.S",65,aceptado,"2023-06-27 15:57:10","",""
1587,15,"Cefalexina 500mg x20","Antibiótico",5,"Genfar S.A - Grupo Sanofi",33,entregado,"2024-09-30 19:42:12","2024-10-13 19:42:12","FAC-001587"
1588,13,"Clindamicina 300mg x16","Antibiótico",5,"Genfar S.A - Grupo Sanofi",99,aceptado,"2023-05-11 10:14:13","",""
1589,8,"Ketorolaco 10mg x10","Analgésico",4,"Laboratorios Lafrancol S.A.S",86,aceptado,"2023-04-17 18:38:50","",""
1590,42,"Lubricante Íntimo KY 75ml","Lubricantes",9,"Laboratorios Siegfried Colombia S.A",67,en proceso,"2023-04-17 02:21:06","2023-04-22 02:21:06",""
1591,16,"Doxiciclina 100mg x10","Antibiótico",5,"Genfar S.A - Grupo Sanofi",41,aceptado,"2024-11-20 16:34:26","",""
1592,8,"Ketorolaco 10mg x10","Analgésico",4,"Laboratorios Lafrancol S.A.S",59,en proceso,"2024-10-09 21:58:48","2024-10-24 21:58:48",""
1593,13,"Clindamicina 300mg x16","Antibiótico",5,"Genfar S.A - Grupo Sanofi",96,entregado,"2025-04-22 11:30:31","2025-05-02 11:30:31","FAC-001593"
1594,34,"Condón Durex Extra Fino x3","Condones",8,"Distribuidora Íntima de Colombia S.A.S",82,entregado,"2023-03-10 09:59:15","2023-03-18 09:59:15","FAC-001594"
1595,9,"Amoxicilina 500mg x21","Antibiótico",5,"Genfar S.A - Grupo Sanofi",66,entregado,"2024-07-12 04:52:21","2024-07-23 04:52:21","FAC-001595"
1596,17,"Vitamina C 1000mg x30","Vitaminas y suplementos",6,"Tecnoquímicas S.A",13,entregado,"2025-12-05 03:21:16","2025-12-09 03:21:16","FAC-001596"
1597,42,"Lubricante Íntimo KY 75ml","Lubricantes",9,"Laboratorios Siegfried Colombia S.A",73,entregado,"2025-11-16 01:26:07","2025-11-26 01:26:07","FAC-001597"
1598,39,"Condón Vive Placer Real x3","Condones",8,"Distribuidora Íntima de Colombia S.A.S",72,entregado,"2024-05-11 02:22:57","2024-05-22 02:22:57","FAC-001598"
1599,32,"Gel antibacterial 500ml","Cuidado personal",7,"Bayer S.A Colombia",54,entregado,"2025-01-24 13:02:55","2025-02-07 13:02:55","FAC-001599"
1600,5,"Diclofenaco 50mg x10","Analgésico",4,"Laboratorios Lafrancol S.A.S",84,entregado,"2024-03-20 07:02:16","2024-03-28 07:02:16","FAC-001600"
1601,30,"Crema dental blanqueadora 75ml","Cuidado personal",7,"Bayer S.A Colombia",64,entregado,"2025-09-17 09:40:12","2025-10-02 09:40:12","FAC-001601"
1602,13,"Clindamicina 300mg x16","Antibiótico",5,"Genfar S.A - Grupo Sanofi",48,aceptado,"2025-01-07 22:55:53","",""
1603,24,"Magnesio 400mg x60","Vitaminas y suplementos",6,"Tecnoquímicas S.A",10,en proceso,"2025-03-29 11:41:32","2025-04-05 11:41:32",""
1604,13,"Clindamicina 300mg x16","Antibiótico",5,"Genfar S.A - Grupo Sanofi",28,entregado,"2025-04-02 08:41:12","2025-04-15 08:41:12","FAC-001604"
1605,38,"Condón Lifestyles Ultra x12","Condones",8,"Distribuidora Íntima de Colombia S.A.S",65,en proceso,"2024-11-03 07:09:21","2024-11-20 07:09:21",""
1606,46,"Lubricante Vive Sensitivo 50ml","Lubricantes",9,"Laboratorios Siegfried Colombia S.A",21,entregado,"2023-03-13 01:10:21","2023-03-27 01:10:21","FAC-001606"
1607,15,"Cefalexina 500mg x20","Antibiótico",5,"Genfar S.A - Grupo Sanofi",61,entregado,"2025-07-17 12:04:23","2025-07-20 12:04:23","FAC-001607"
1608,48,"Lubricante Control Aqua 75ml","Lubricantes",9,"Laboratorios Siegfried Colombia S.A",35,en proceso,"2024-11-05 14:50:07","2024-11-21 14:50:07",""
1609,10,"Azitromicina 500mg x3","Antibiótico",5,"Genfar S.A - Grupo Sanofi",49,en proceso,"2024-10-28 06:18:41","2024-11-11 06:18:41",""
1610,8,"Ketorolaco 10mg x10","Analgésico",4,"Laboratorios Lafrancol S.A.S",65,entregado,"2024-08-28 04:07:42","2024-09-09 04:07:42","FAC-001610"
1611,8,"Ketorolaco 10mg x10","Analgésico",4,"Laboratorios Lafrancol S.A.S",87,entregado,"2024-06-24 03:15:05","2024-07-06 03:15:05","FAC-001611"
1612,16,"Doxiciclina 100mg x10","Antibiótico",5,"Genfar S.A - Grupo Sanofi",40,aceptado,"2024-12-13 11:09:04","",""
1613,12,"Metronidazol 500mg x14","Antibiótico",5,"Genfar S.A - Grupo Sanofi",80,entregado,"2025-05-20 09:40:45","2025-06-03 09:40:45","FAC-001613"
1614,36,"Condón Prudence Fresa x3","Condones",8,"Distribuidora Íntima de Colombia S.A.S",87,entregado,"2023-08-06 04:36:42","2023-08-10 04:36:42","FAC-001614"
1615,9,"Amoxicilina 500mg x21","Antibiótico",5,"Genfar S.A - Grupo Sanofi",100,en proceso,"2023-11-12 16:58:59","2023-11-22 16:58:59",""
1616,29,"Hilo dental 50m","Cuidado personal",7,"Bayer S.A Colombia",37,entregado,"2023-04-06 08:15:02","2023-04-09 08:15:02","FAC-001616"
1617,18,"Vitamina D3 2000UI x30","Vitaminas y suplementos",6,"Tecnoquímicas S.A",37,entregado,"2023-05-08 18:42:01","2023-05-18 18:42:01","FAC-001617"
1618,25,"Protector solar SPF 50 50ml","Cuidado personal",7,"Bayer S.A Colombia",15,en proceso,"2024-05-11 13:20:49","2024-05-20 13:20:49",""
1619,19,"Complejo B x30","Vitaminas y suplementos",6,"Tecnoquímicas S.A",64,entregado,"2023-06-27 22:31:30","2023-07-09 22:31:30","FAC-001619"
1620,30,"Crema dental blanqueadora 75ml","Cuidado personal",7,"Bayer S.A Colombia",61,en proceso,"2025-11-04 17:44:32","2025-11-13 17:44:32",""
1621,3,"Naproxeno 500mg x10","Analgésico",4,"Laboratorios Lafrancol S.A.S",40,en proceso,"2024-08-15 13:34:50","2024-08-23 13:34:50",""
1622,7,"Tramadol 50mg x10","Analgésico",4,"Laboratorios Lafrancol S.A.S",90,entregado,"2024-03-13 09:25:11","2024-03-24 09:25:11","FAC-001622"
1623,12,"Metronidazol 500mg x14","Antibiótico",5,"Genfar S.A - Grupo Sanofi",44,en proceso,"2025-06-28 08:13:24","2025-07-11 08:13:24",""
1624,30,"Crema dental blanqueadora 75ml","Cuidado personal",7,"Bayer S.A Colombia",75,entregado,"2024-08-26 12:22:02","2024-09-02 12:22:02","FAC-001624"
1625,16,"Doxiciclina 100mg x10","Antibiótico",5,"Genfar S.A - Grupo Sanofi",61,en proceso,"2025-04-28 07:49:40","2025-05-14 07:49:40",""
1626,21,"Calcio + Vitamina D x60","Vitaminas y suplementos",6,"Tecnoquímicas S.A",74,entregado,"2024-02-28 20:34:48","2024-03-07 20:34:48","FAC-001626"
1627,33,"Condón Durex Natural x3","Condones",8,"Distribuidora Íntima de Colombia S.A.S",71,en proceso,"2023-08-17 07:38:58","2023-08-30 07:38:58",""
1628,27,"Crema hidratante facial 50ml","Cuidado personal",7,"Bayer S.A Colombia",78,en proceso,"2024-04-14 08:12:37","2024-04-21 08:12:37",""
1629,30,"Crema dental blanqueadora 75ml","Cuidado personal",7,"Bayer S.A Colombia",27,aceptado,"2025-05-25 12:57:57","",""
1630,33,"Condón Durex Natural x3","Condones",8,"Distribuidora Íntima de Colombia S.A.S",53,en proceso,"2023-03-27 17:15:09","2023-04-04 17:15:09",""
1631,39,"Condón Vive Placer Real x3","Condones",8,"Distribuidora Íntima de Colombia S.A.S",72,entregado,"2025-01-28 21:44:55","2025-02-11 21:44:55","FAC-001631"
1632,40,"Condón Protex x12","Condones",8,"Distribuidora Íntima de Colombia S.A.S",75,en proceso,"2025-07-07 04:30:37","2025-07-26 04:30:37",""
1633,42,"Lubricante Íntimo KY 75ml","Lubricantes",9,"Laboratorios Siegfried Colombia S.A",78,entregado,"2025-06-08 09:32:50","2025-06-16 09:32:50","FAC-001633"
1634,38,"Condón Lifestyles Ultra x12","Condones",8,"Distribuidora Íntima de Colombia S.A.S",23,entregado,"2023-06-27 03:23:07","2023-07-08 03:23:07","FAC-001634"
1635,22,"Zinc 50mg x30","Vitaminas y suplementos",6,"Tecnoquímicas S.A",65,aceptado,"2023-01-12 23:45:15","",""
1636,14,"Claritromicina 500mg x14","Antibiótico",5,"Genfar S.A - Grupo Sanofi",100,aceptado,"2023-04-04 05:53:04","",""
1637,46,"Lubricante Vive Sensitivo 50ml","Lubricantes",9,"Laboratorios Siegfried Colombia S.A",67,en proceso,"2023-10-11 08:29:37","2023-10-18 08:29:37",""
1638,46,"Lubricante Vive Sensitivo 50ml","Lubricantes",9,"Laboratorios Siegfried Colombia S.A",85,aceptado,"2023-07-25 10:50:54","",""
1639,18,"Vitamina D3 2000UI x30","Vitaminas y suplementos",6,"Tecnoquímicas S.A",32,aceptado,"2023-03-09 11:02:33","",""
1640,6,"Meloxicam 15mg x10","Analgésico",4,"Laboratorios Lafrancol S.A.S",98,entregado,"2025-07-20 02:14:46","2025-07-24 02:14:46","FAC-001640"
1641,11,"Ciprofloxacino 500mg x10","Antibiótico",5,"Genfar S.A - Grupo Sanofi",23,entregado,"2023-12-08 15:16:12","2023-12-14 15:16:12","FAC-001641"
1642,23,"Hierro + Ácido Fólico x30","Vitaminas y suplementos",6,"Tecnoquímicas S.A",24,entregado,"2024-02-28 13:21:03","2024-03-05 13:21:03","FAC-001642"
1643,27,"Crema hidratante facial 50ml","Cuidado personal",7,"Bayer S.A Colombia",69,entregado,"2023-05-14 06:04:37","2023-05-27 06:04:37","FAC-001643"
1644,29,"Hilo dental 50m","Cuidado personal",7,"Bayer S.A Colombia",76,en proceso,"2025-01-13 16:56:01","2025-01-31 16:56:01",""
1645,28,"Jabón antibacterial 250ml","Cuidado personal",7,"Bayer S.A Colombia",42,entregado,"2023-08-26 20:45:23","2023-08-30 20:45:23","FAC-001645"
1646,20,"Omega 3 1000mg x30","Vitaminas y suplementos",6,"Tecnoquímicas S.A",85,entregado,"2025-04-06 14:09:51","2025-04-11 14:09:51","FAC-001646"
1647,31,"Desodorante roll-on 50ml","Cuidado personal",7,"Bayer S.A Colombia",49,entregado,"2025-12-25 07:50:15","2026-01-06 07:50:15","FAC-001647"
1648,43,"Lubricante Pjur Original 30ml","Lubricantes",9,"Laboratorios Siegfried Colombia S.A",55,entregado,"2023-03-13 10:07:39","2023-03-22 10:07:39","FAC-001648"
1649,8,"Ketorolaco 10mg x10","Analgésico",4,"Laboratorios Lafrancol S.A.S",13,entregado,"2025-11-02 10:36:53","2025-11-10 10:36:53","FAC-001649"
1650,19,"Complejo B x30","Vitaminas y suplementos",6,"Tecnoquímicas S.A",17,entregado,"2025-08-05 04:36:51","2025-08-08 04:36:51","FAC-001650"
1651,28,"Jabón antibacterial 250ml","Cuidado personal",7,"Bayer S.A Colombia",42,aceptado,"2023-02-02 12:52:35","",""
1652,28,"Jabón antibacterial 250ml","Cuidado personal",7,"Bayer S.A Colombia",57,en proceso,"2024-08-16 05:34:06","2024-08-29 05:34:06",""
1653,24,"Magnesio 400mg x60","Vitaminas y suplementos",6,"Tecnoquímicas S.A",74,entregado,"2023-03-29 04:24:25","2023-04-06 04:24:25","FAC-001653"
1654,21,"Calcio + Vitamina D x60","Vitaminas y suplementos",6,"Tecnoquímicas S.A",73,aceptado,"2024-03-25 20:00:09","",""
1655,26,"Shampoo anticaspa 400ml","Cuidado personal",7,"Bayer S.A Colombia",17,entregado,"2023-07-31 00:54:54","2023-08-09 00:54:54","FAC-001655"
1656,4,"Aspirina 100mg x10","Analgésico",4,"Laboratorios Lafrancol S.A.S",92,entregado,"2024-01-21 22:31:01","2024-01-26 22:31:01","FAC-001656"
1657,6,"Meloxicam 15mg x10","Analgésico",4,"Laboratorios Lafrancol S.A.S",61,entregado,"2024-12-21 06:46:16","2025-01-01 06:46:16","FAC-001657"
1658,31,"Desodorante roll-on 50ml","Cuidado personal",7,"Bayer S.A Colombia",51,aceptado,"2024-03-14 19:23:38","",""
1659,4,"Aspirina 100mg x10","Analgésico",4,"Laboratorios Lafrancol S.A.S",68,entregado,"2025-11-08 18:37:13","2025-11-14 18:37:13","FAC-001659"
1660,38,"Condón Lifestyles Ultra x12","Condones",8,"Distribuidora Íntima de Colombia S.A.S",16,entregado,"2025-05-05 03:10:11","2025-05-10 03:10:11","FAC-001660"
1661,2,"Ibuprofeno 400mg x10","Analgésico",4,"Laboratorios Lafrancol S.A.S",100,entregado,"2023-05-23 13:40:58","2023-05-26 13:40:58","FAC-001661"
1662,25,"Protector solar SPF 50 50ml","Cuidado personal",7,"Bayer S.A Colombia",83,en proceso,"2024-01-17 16:39:03","2024-01-31 16:39:03",""
1663,28,"Jabón antibacterial 250ml","Cuidado personal",7,"Bayer S.A Colombia",84,aceptado,"2024-09-03 13:49:57","",""
1664,17,"Vitamina C 1000mg x30","Vitaminas y suplementos",6,"Tecnoquímicas S.A",90,en proceso,"2025-10-10 11:50:40","2025-10-29 11:50:40",""
1665,4,"Aspirina 100mg x10","Analgésico",4,"Laboratorios Lafrancol S.A.S",34,entregado,"2024-04-01 02:33:17","2024-04-04 02:33:17","FAC-001665"
1666,46,"Lubricante Vive Sensitivo 50ml","Lubricantes",9,"Laboratorios Siegfried Colombia S.A",35,entregado,"2023-06-11 02:29:23","2023-06-14 02:29:23","FAC-001666"
1667,24,"Magnesio 400mg x60","Vitaminas y suplementos",6,"Tecnoquímicas S.A",81,entregado,"2025-08-09 12:06:39","2025-08-16 12:06:39","FAC-001667"
1668,44,"Lubricante Nuei Delay 100ml","Lubricantes",9,"Laboratorios Siegfried Colombia S.A",96,entregado,"2023-04-27 10:46:48","2023-05-09 10:46:48","FAC-001668"
1669,48,"Lubricante Control Aqua 75ml","Lubricantes",9,"Laboratorios Siegfried Colombia S.A",53,aceptado,"2023-11-07 19:07:40","",""
1670,4,"Aspirina 100mg x10","Analgésico",4,"Laboratorios Lafrancol S.A.S",89,entregado,"2023-03-15 16:13:11","2023-03-26 16:13:11","FAC-001670"
1671,39,"Condón Vive Placer Real x3","Condones",8,"Distribuidora Íntima de Colombia S.A.S",36,en proceso,"2025-11-23 01:55:57","2025-12-12 01:55:57",""
1672,38,"Condón Lifestyles Ultra x12","Condones",8,"Distribuidora Íntima de Colombia S.A.S",47,en proceso,"2023-03-31 09:44:20","2023-04-10 09:44:20",""
1673,21,"Calcio + Vitamina D x60","Vitaminas y suplementos",6,"Tecnoquímicas S.A",22,en proceso,"2025-02-04 15:41:39","2025-02-15 15:41:39",""
1674,38,"Condón Lifestyles Ultra x12","Condones",8,"Distribuidora Íntima de Colombia S.A.S",68,entregado,"2023-09-19 11:33:15","2023-09-23 11:33:15","FAC-001674"
1675,20,"Omega 3 1000mg x30","Vitaminas y suplementos",6,"Tecnoquímicas S.A",27,en proceso,"2025-09-16 21:39:11","2025-09-28 21:39:11",""
1676,38,"Condón Lifestyles Ultra x12","Condones",8,"Distribuidora Íntima de Colombia S.A.S",79,entregado,"2023-08-01 16:18:42","2023-08-07 16:18:42","FAC-001676"
1677,13,"Clindamicina 300mg x16","Antibiótico",5,"Genfar S.A - Grupo Sanofi",61,aceptado,"2025-11-02 17:35:43","",""
1678,26,"Shampoo anticaspa 400ml","Cuidado personal",7,"Bayer S.A Colombia",71,entregado,"2023-11-14 06:44:34","2023-11-17 06:44:34","FAC-001678"
1679,39,"Condón Vive Placer Real x3","Condones",8,"Distribuidora Íntima de Colombia S.A.S",93,entregado,"2023-07-07 12:52:57","2023-07-22 12:52:57","FAC-001679"
1680,25,"Protector solar SPF 50 50ml","Cuidado personal",7,"Bayer S.A Colombia",83,entregado,"2024-04-11 08:41:57","2024-04-16 08:41:57","FAC-001680"
1681,22,"Zinc 50mg x30","Vitaminas y suplementos",6,"Tecnoquímicas S.A",87,aceptado,"2025-05-21 20:41:37","",""
1682,29,"Hilo dental 50m","Cuidado personal",7,"Bayer S.A Colombia",60,en proceso,"2025-02-17 15:07:08","2025-03-04 15:07:08",""
1683,22,"Zinc 50mg x30","Vitaminas y suplementos",6,"Tecnoquímicas S.A",41,entregado,"2024-09-07 02:00:10","2024-09-13 02:00:10","FAC-001683"
1684,17,"Vitamina C 1000mg x30","Vitaminas y suplementos",6,"Tecnoquímicas S.A",47,en proceso,"2023-10-11 13:44:55","2023-10-22 13:44:55",""
1685,38,"Condón Lifestyles Ultra x12","Condones",8,"Distribuidora Íntima de Colombia S.A.S",45,aceptado,"2025-08-26 16:04:44","",""
1686,27,"Crema hidratante facial 50ml","Cuidado personal",7,"Bayer S.A Colombia",24,en proceso,"2025-05-25 19:13:55","2025-06-11 19:13:55",""
1687,45,"Lubricante Yes OB Natural 80ml","Lubricantes",9,"Laboratorios Siegfried Colombia S.A",49,entregado,"2025-06-13 23:51:51","2025-06-18 23:51:51","FAC-001687"
1688,11,"Ciprofloxacino 500mg x10","Antibiótico",5,"Genfar S.A - Grupo Sanofi",12,aceptado,"2025-04-05 02:45:44","",""
1689,6,"Meloxicam 15mg x10","Analgésico",4,"Laboratorios Lafrancol S.A.S",72,en proceso,"2025-01-08 15:39:00","2025-01-19 15:39:00",""
1690,21,"Calcio + Vitamina D x60","Vitaminas y suplementos",6,"Tecnoquímicas S.A",26,en proceso,"2024-10-24 14:23:07","2024-11-02 14:23:07",""
1691,4,"Aspirina 100mg x10","Analgésico",4,"Laboratorios Lafrancol S.A.S",75,entregado,"2023-08-16 04:29:03","2023-08-27 04:29:03","FAC-001691"
1692,14,"Claritromicina 500mg x14","Antibiótico",5,"Genfar S.A - Grupo Sanofi",73,entregado,"2023-12-31 22:05:21","2024-01-06 22:05:21","FAC-001692"
1693,10,"Azitromicina 500mg x3","Antibiótico",5,"Genfar S.A - Grupo Sanofi",82,entregado,"2024-01-26 07:11:58","2024-02-09 07:11:58","FAC-001693"
1694,40,"Condón Protex x12","Condones",8,"Distribuidora Íntima de Colombia S.A.S",20,entregado,"2023-04-30 03:26:38","2023-05-15 03:26:38","FAC-001694"
1695,37,"Condón Control Retard x3","Condones",8,"Distribuidora Íntima de Colombia S.A.S",58,entregado,"2024-04-03 00:08:38","2024-04-07 00:08:38","FAC-001695"
1696,6,"Meloxicam 15mg x10","Analgésico",4,"Laboratorios Lafrancol S.A.S",42,entregado,"2023-08-28 07:29:21","2023-09-07 07:29:21","FAC-001696"
1697,35,"Condón Condomi Ultra x12","Condones",8,"Distribuidora Íntima de Colombia S.A.S",99,entregado,"2024-11-14 13:37:20","2024-11-23 13:37:20","FAC-001697"
1698,16,"Doxiciclina 100mg x10","Antibiótico",5,"Genfar S.A - Grupo Sanofi",17,aceptado,"2024-06-05 13:30:21","",""
1699,29,"Hilo dental 50m","Cuidado personal",7,"Bayer S.A Colombia",55,aceptado,"2025-10-23 01:20:00","",""
1700,35,"Condón Condomi Ultra x12","Condones",8,"Distribuidora Íntima de Colombia S.A.S",89,entregado,"2023-10-09 17:13:43","2023-10-18 17:13:43","FAC-001700"
1701,21,"Calcio + Vitamina D x60","Vitaminas y suplementos",6,"Tecnoquímicas S.A",21,entregado,"2025-10-19 17:13:37","2025-11-02 17:13:37","FAC-001701"
1702,46,"Lubricante Vive Sensitivo 50ml","Lubricantes",9,"Laboratorios Siegfried Colombia S.A",36,entregado,"2023-09-07 18:26:32","2023-09-12 18:26:32","FAC-001702"
1703,25,"Protector solar SPF 50 50ml","Cuidado personal",7,"Bayer S.A Colombia",73,entregado,"2024-09-21 12:49:45","2024-09-28 12:49:45","FAC-001703"
1704,8,"Ketorolaco 10mg x10","Analgésico",4,"Laboratorios Lafrancol S.A.S",68,en proceso,"2024-03-11 19:53:33","2024-03-17 19:53:33",""
1705,43,"Lubricante Pjur Original 30ml","Lubricantes",9,"Laboratorios Siegfried Colombia S.A",31,aceptado,"2025-09-04 01:07:49","",""
1706,10,"Azitromicina 500mg x3","Antibiótico",5,"Genfar S.A - Grupo Sanofi",56,aceptado,"2024-12-23 06:20:03","",""
1707,9,"Amoxicilina 500mg x21","Antibiótico",5,"Genfar S.A - Grupo Sanofi",49,entregado,"2023-02-08 16:12:13","2023-02-13 16:12:13","FAC-001707"
1708,34,"Condón Durex Extra Fino x3","Condones",8,"Distribuidora Íntima de Colombia S.A.S",11,entregado,"2024-07-06 01:34:50","2024-07-17 01:34:50","FAC-001708"
1709,3,"Naproxeno 500mg x10","Analgésico",4,"Laboratorios Lafrancol S.A.S",77,entregado,"2024-09-29 01:23:49","2024-10-07 01:23:49","FAC-001709"
1710,47,"Lubricante Prudence Aqua 60ml","Lubricantes",9,"Laboratorios Siegfried Colombia S.A",42,aceptado,"2023-12-22 18:15:21","",""
1711,23,"Hierro + Ácido Fólico x30","Vitaminas y suplementos",6,"Tecnoquímicas S.A",98,entregado,"2023-06-24 05:03:10","2023-07-04 05:03:10","FAC-001711"
1712,32,"Gel antibacterial 500ml","Cuidado personal",7,"Bayer S.A Colombia",29,entregado,"2025-10-27 16:45:33","2025-11-11 16:45:33","FAC-001712"
1713,3,"Naproxeno 500mg x10","Analgésico",4,"Laboratorios Lafrancol S.A.S",19,en proceso,"2024-12-31 19:57:58","2025-01-14 19:57:58",""
1714,35,"Condón Condomi Ultra x12","Condones",8,"Distribuidora Íntima de Colombia S.A.S",49,entregado,"2023-12-01 04:34:54","2023-12-07 04:34:54","FAC-001714"
1715,32,"Gel antibacterial 500ml","Cuidado personal",7,"Bayer S.A Colombia",35,entregado,"2023-07-29 12:43:21","2023-08-03 12:43:21","FAC-001715"
1716,20,"Omega 3 1000mg x30","Vitaminas y suplementos",6,"Tecnoquímicas S.A",40,en proceso,"2024-03-27 23:05:23","2024-04-01 23:05:23",""
1717,14,"Claritromicina 500mg x14","Antibiótico",5,"Genfar S.A - Grupo Sanofi",51,aceptado,"2023-12-07 23:12:30","",""
1718,32,"Gel antibacterial 500ml","Cuidado personal",7,"Bayer S.A Colombia",65,en proceso,"2025-04-05 18:53:50","2025-04-10 18:53:50",""
1719,2,"Ibuprofeno 400mg x10","Analgésico",4,"Laboratorios Lafrancol S.A.S",96,entregado,"2024-06-21 01:18:17","2024-06-26 01:18:17","FAC-001719"
1720,13,"Clindamicina 300mg x16","Antibiótico",5,"Genfar S.A - Grupo Sanofi",62,entregado,"2025-11-19 21:21:14","2025-11-28 21:21:14","FAC-001720"
1721,31,"Desodorante roll-on 50ml","Cuidado personal",7,"Bayer S.A Colombia",41,entregado,"2024-06-22 02:26:37","2024-07-05 02:26:37","FAC-001721"
1722,11,"Ciprofloxacino 500mg x10","Antibiótico",5,"Genfar S.A - Grupo Sanofi",56,en proceso,"2024-05-23 04:37:24","2024-06-02 04:37:24",""
1723,17,"Vitamina C 1000mg x30","Vitaminas y suplementos",6,"Tecnoquímicas S.A",69,aceptado,"2025-01-25 23:04:45","",""
1724,46,"Lubricante Vive Sensitivo 50ml","Lubricantes",9,"Laboratorios Siegfried Colombia S.A",90,entregado,"2024-11-01 12:05:50","2024-11-06 12:05:50","FAC-001724"
1725,5,"Diclofenaco 50mg x10","Analgésico",4,"Laboratorios Lafrancol S.A.S",21,en proceso,"2023-10-30 13:46:37","2023-11-09 13:46:37",""
1726,22,"Zinc 50mg x30","Vitaminas y suplementos",6,"Tecnoquímicas S.A",59,en proceso,"2024-02-12 12:08:56","2024-03-03 12:08:56",""
1727,1,"Acetaminofén 500mg x10","Analgésico",4,"Laboratorios Lafrancol S.A.S",69,entregado,"2025-03-07 14:13:37","2025-03-21 14:13:37","FAC-001727"
1728,43,"Lubricante Pjur Original 30ml","Lubricantes",9,"Laboratorios Siegfried Colombia S.A",94,en proceso,"2023-12-13 11:00:09","2023-12-24 11:00:09",""
1729,16,"Doxiciclina 100mg x10","Antibiótico",5,"Genfar S.A - Grupo Sanofi",29,aceptado,"2023-07-28 18:00:48","",""
1730,4,"Aspirina 100mg x10","Analgésico",4,"Laboratorios Lafrancol S.A.S",98,entregado,"2025-07-25 18:01:49","2025-08-03 18:01:49","FAC-001730"
1731,18,"Vitamina D3 2000UI x30","Vitaminas y suplementos",6,"Tecnoquímicas S.A",59,entregado,"2024-11-14 21:15:56","2024-11-23 21:15:56","FAC-001731"
1732,38,"Condón Lifestyles Ultra x12","Condones",8,"Distribuidora Íntima de Colombia S.A.S",35,en proceso,"2025-11-16 00:32:51","2025-11-22 00:32:51",""
1733,11,"Ciprofloxacino 500mg x10","Antibiótico",5,"Genfar S.A - Grupo Sanofi",91,entregado,"2023-10-13 11:27:21","2023-10-18 11:27:21","FAC-001733"
1734,38,"Condón Lifestyles Ultra x12","Condones",8,"Distribuidora Íntima de Colombia S.A.S",89,en proceso,"2025-05-08 03:28:01","2025-05-16 03:28:01",""
1735,35,"Condón Condomi Ultra x12","Condones",8,"Distribuidora Íntima de Colombia S.A.S",50,entregado,"2025-09-09 16:29:57","2025-09-19 16:29:57","FAC-001735"
1736,12,"Metronidazol 500mg x14","Antibiótico",5,"Genfar S.A - Grupo Sanofi",74,entregado,"2023-09-19 00:47:38","2023-10-01 00:47:38","FAC-001736"
1737,29,"Hilo dental 50m","Cuidado personal",7,"Bayer S.A Colombia",29,entregado,"2025-04-29 14:55:35","2025-05-14 14:55:35","FAC-001737"
1738,19,"Complejo B x30","Vitaminas y suplementos",6,"Tecnoquímicas S.A",65,aceptado,"2025-10-12 17:28:39","",""
1739,14,"Claritromicina 500mg x14","Antibiótico",5,"Genfar S.A - Grupo Sanofi",46,aceptado,"2025-06-03 14:43:21","",""
1740,10,"Azitromicina 500mg x3","Antibiótico",5,"Genfar S.A - Grupo Sanofi",100,en proceso,"2025-08-18 21:42:54","2025-09-06 21:42:54",""
1741,36,"Condón Prudence Fresa x3","Condones",8,"Distribuidora Íntima de Colombia S.A.S",35,entregado,"2024-02-23 11:35:24","2024-03-02 11:35:24","FAC-001741"
1742,26,"Shampoo anticaspa 400ml","Cuidado personal",7,"Bayer S.A Colombia",56,entregado,"2025-07-01 19:20:57","2025-07-07 19:20:57","FAC-001742"
1743,11,"Ciprofloxacino 500mg x10","Antibiótico",5,"Genfar S.A - Grupo Sanofi",80,entregado,"2023-01-18 16:48:54","2023-01-23 16:48:54","FAC-001743"
1744,27,"Crema hidratante facial 50ml","Cuidado personal",7,"Bayer S.A Colombia",64,entregado,"2023-04-11 13:57:52","2023-04-16 13:57:52","FAC-001744"
1745,1,"Acetaminofén 500mg x10","Analgésico",4,"Laboratorios Lafrancol S.A.S",87,entregado,"2024-01-31 22:30:11","2024-02-12 22:30:11","FAC-001745"
1746,6,"Meloxicam 15mg x10","Analgésico",4,"Laboratorios Lafrancol S.A.S",45,entregado,"2024-04-22 18:05:42","2024-04-30 18:05:42","FAC-001746"
1747,10,"Azitromicina 500mg x3","Antibiótico",5,"Genfar S.A - Grupo Sanofi",79,entregado,"2025-01-23 18:55:25","2025-02-06 18:55:25","FAC-001747"
1748,44,"Lubricante Nuei Delay 100ml","Lubricantes",9,"Laboratorios Siegfried Colombia S.A",24,en proceso,"2023-12-20 09:38:02","2023-12-25 09:38:02",""
1749,15,"Cefalexina 500mg x20","Antibiótico",5,"Genfar S.A - Grupo Sanofi",95,entregado,"2024-11-21 13:38:29","2024-11-28 13:38:29","FAC-001749"
1750,6,"Meloxicam 15mg x10","Analgésico",4,"Laboratorios Lafrancol S.A.S",15,entregado,"2024-03-20 19:52:50","2024-03-29 19:52:50","FAC-001750"
1751,45,"Lubricante Yes OB Natural 80ml","Lubricantes",9,"Laboratorios Siegfried Colombia S.A",41,entregado,"2025-03-08 14:27:01","2025-03-17 14:27:01","FAC-001751"
1752,47,"Lubricante Prudence Aqua 60ml","Lubricantes",9,"Laboratorios Siegfried Colombia S.A",48,entregado,"2025-07-07 22:22:57","2025-07-19 22:22:57","FAC-001752"
1753,39,"Condón Vive Placer Real x3","Condones",8,"Distribuidora Íntima de Colombia S.A.S",87,en proceso,"2025-12-03 17:57:34","2025-12-14 17:57:34",""
1754,12,"Metronidazol 500mg x14","Antibiótico",5,"Genfar S.A - Grupo Sanofi",97,entregado,"2023-10-08 01:54:13","2023-10-22 01:54:13","FAC-001754"
1755,9,"Amoxicilina 500mg x21","Antibiótico",5,"Genfar S.A - Grupo Sanofi",69,aceptado,"2024-11-28 07:02:41","",""
1756,46,"Lubricante Vive Sensitivo 50ml","Lubricantes",9,"Laboratorios Siegfried Colombia S.A",49,en proceso,"2024-06-12 15:16:10","2024-06-29 15:16:10",""
1757,39,"Condón Vive Placer Real x3","Condones",8,"Distribuidora Íntima de Colombia S.A.S",31,entregado,"2025-08-10 13:53:17","2025-08-14 13:53:17","FAC-001757"
1758,6,"Meloxicam 15mg x10","Analgésico",4,"Laboratorios Lafrancol S.A.S",22,entregado,"2024-05-03 12:29:04","2024-05-06 12:29:04","FAC-001758"
1759,42,"Lubricante Íntimo KY 75ml","Lubricantes",9,"Laboratorios Siegfried Colombia S.A",55,en proceso,"2025-06-02 19:29:55","2025-06-10 19:29:55",""
1760,36,"Condón Prudence Fresa x3","Condones",8,"Distribuidora Íntima de Colombia S.A.S",52,entregado,"2024-03-03 22:44:20","2024-03-11 22:44:20","FAC-001760"
1761,24,"Magnesio 400mg x60","Vitaminas y suplementos",6,"Tecnoquímicas S.A",27,entregado,"2023-10-23 20:22:01","2023-11-07 20:22:01","FAC-001761"
1762,27,"Crema hidratante facial 50ml","Cuidado personal",7,"Bayer S.A Colombia",87,entregado,"2023-12-05 13:43:00","2023-12-15 13:43:00","FAC-001762"
1763,45,"Lubricante Yes OB Natural 80ml","Lubricantes",9,"Laboratorios Siegfried Colombia S.A",63,aceptado,"2023-08-05 08:11:53","",""
1764,48,"Lubricante Control Aqua 75ml","Lubricantes",9,"Laboratorios Siegfried Colombia S.A",11,entregado,"2024-12-08 13:24:06","2024-12-12 13:24:06","FAC-001764"
1765,3,"Naproxeno 500mg x10","Analgésico",4,"Laboratorios Lafrancol S.A.S",84,en proceso,"2024-08-11 21:57:52","2024-08-19 21:57:52",""
1766,26,"Shampoo anticaspa 400ml","Cuidado personal",7,"Bayer S.A Colombia",91,en proceso,"2025-02-08 13:53:58","2025-02-26 13:53:58",""
1767,37,"Condón Control Retard x3","Condones",8,"Distribuidora Íntima de Colombia S.A.S",84,aceptado,"2025-04-25 13:42:59","",""
1768,42,"Lubricante Íntimo KY 75ml","Lubricantes",9,"Laboratorios Siegfried Colombia S.A",25,entregado,"2025-02-16 12:14:09","2025-02-20 12:14:09","FAC-001768"
1769,26,"Shampoo anticaspa 400ml","Cuidado personal",7,"Bayer S.A Colombia",57,en proceso,"2025-01-04 23:33:13","2025-01-19 23:33:13",""
1770,17,"Vitamina C 1000mg x30","Vitaminas y suplementos",6,"Tecnoquímicas S.A",39,aceptado,"2024-03-15 08:20:01","",""
1771,10,"Azitromicina 500mg x3","Antibiótico",5,"Genfar S.A - Grupo Sanofi",65,en proceso,"2024-03-20 05:54:52","2024-04-07 05:54:52",""
1772,14,"Claritromicina 500mg x14","Antibiótico",5,"Genfar S.A - Grupo Sanofi",48,aceptado,"2025-10-27 00:10:48","",""
1773,41,"Lubricante Durex Play 50ml","Lubricantes",9,"Laboratorios Siegfried Colombia S.A",88,en proceso,"2025-10-31 16:53:50","2025-11-18 16:53:50",""
1774,4,"Aspirina 100mg x10","Analgésico",4,"Laboratorios Lafrancol S.A.S",23,entregado,"2024-04-30 00:26:36","2024-05-06 00:26:36","FAC-001774"
1775,35,"Condón Condomi Ultra x12","Condones",8,"Distribuidora Íntima de Colombia S.A.S",98,entregado,"2023-03-30 04:19:59","2023-04-05 04:19:59","FAC-001775"
1776,13,"Clindamicina 300mg x16","Antibiótico",5,"Genfar S.A - Grupo Sanofi",98,entregado,"2025-02-21 22:36:41","2025-03-07 22:36:41","FAC-001776"
1777,14,"Claritromicina 500mg x14","Antibiótico",5,"Genfar S.A - Grupo Sanofi",57,en proceso,"2023-10-03 20:34:27","2023-10-22 20:34:27",""
1778,32,"Gel antibacterial 500ml","Cuidado personal",7,"Bayer S.A Colombia",91,en proceso,"2025-08-01 05:21:27","2025-08-11 05:21:27",""
1779,39,"Condón Vive Placer Real x3","Condones",8,"Distribuidora Íntima de Colombia S.A.S",10,entregado,"2023-05-09 20:25:43","2023-05-16 20:25:43","FAC-001779"
1780,39,"Condón Vive Placer Real x3","Condones",8,"Distribuidora Íntima de Colombia S.A.S",24,entregado,"2024-08-12 21:27:37","2024-08-23 21:27:37","FAC-001780"
1781,38,"Condón Lifestyles Ultra x12","Condones",8,"Distribuidora Íntima de Colombia S.A.S",53,en proceso,"2024-05-31 08:37:58","2024-06-12 08:37:58",""
1782,1,"Acetaminofén 500mg x10","Analgésico",4,"Laboratorios Lafrancol S.A.S",65,aceptado,"2024-08-17 09:40:15","",""
1783,33,"Condón Durex Natural x3","Condones",8,"Distribuidora Íntima de Colombia S.A.S",59,entregado,"2024-10-09 12:44:54","2024-10-15 12:44:54","FAC-001783"
1784,19,"Complejo B x30","Vitaminas y suplementos",6,"Tecnoquímicas S.A",20,aceptado,"2024-02-14 15:05:04","",""
1785,38,"Condón Lifestyles Ultra x12","Condones",8,"Distribuidora Íntima de Colombia S.A.S",74,en proceso,"2024-05-27 23:53:18","2024-06-06 23:53:18",""
1786,22,"Zinc 50mg x30","Vitaminas y suplementos",6,"Tecnoquímicas S.A",88,entregado,"2025-04-02 12:52:18","2025-04-05 12:52:18","FAC-001786"
1787,20,"Omega 3 1000mg x30","Vitaminas y suplementos",6,"Tecnoquímicas S.A",16,entregado,"2024-06-29 10:33:45","2024-07-07 10:33:45","FAC-001787"
1788,28,"Jabón antibacterial 250ml","Cuidado personal",7,"Bayer S.A Colombia",10,entregado,"2025-06-14 16:20:22","2025-06-27 16:20:22","FAC-001788"
1789,44,"Lubricante Nuei Delay 100ml","Lubricantes",9,"Laboratorios Siegfried Colombia S.A",13,aceptado,"2024-02-26 10:39:00","",""
1790,36,"Condón Prudence Fresa x3","Condones",8,"Distribuidora Íntima de Colombia S.A.S",43,entregado,"2024-01-24 14:42:15","2024-01-31 14:42:15","FAC-001790"
1791,42,"Lubricante Íntimo KY 75ml","Lubricantes",9,"Laboratorios Siegfried Colombia S.A",12,entregado,"2024-01-11 20:37:28","2024-01-19 20:37:28","FAC-001791"
1792,1,"Acetaminofén 500mg x10","Analgésico",4,"Laboratorios Lafrancol S.A.S",47,entregado,"2025-11-03 19:56:44","2025-11-08 19:56:44","FAC-001792"
1793,16,"Doxiciclina 100mg x10","Antibiótico",5,"Genfar S.A - Grupo Sanofi",12,entregado,"2023-06-07 14:16:44","2023-06-12 14:16:44","FAC-001793"
1794,26,"Shampoo anticaspa 400ml","Cuidado personal",7,"Bayer S.A Colombia",88,entregado,"2023-08-09 12:23:43","2023-08-17 12:23:43","FAC-001794"
1795,8,"Ketorolaco 10mg x10","Analgésico",4,"Laboratorios Lafrancol S.A.S",71,en proceso,"2023-12-28 20:51:17","2024-01-05 20:51:17",""
1796,13,"Clindamicina 300mg x16","Antibiótico",5,"Genfar S.A - Grupo Sanofi",36,en proceso,"2023-05-29 11:55:07","2023-06-05 11:55:07",""
1797,32,"Gel antibacterial 500ml","Cuidado personal",7,"Bayer S.A Colombia",98,aceptado,"2024-02-06 16:15:16","",""
1798,34,"Condón Durex Extra Fino x3","Condones",8,"Distribuidora Íntima de Colombia S.A.S",76,entregado,"2025-06-18 23:09:06","2025-06-21 23:09:06","FAC-001798"
1799,30,"Crema dental blanqueadora 75ml","Cuidado personal",7,"Bayer S.A Colombia",72,entregado,"2024-01-05 06:09:01","2024-01-15 06:09:01","FAC-001799"
1800,1,"Acetaminofén 500mg x10","Analgésico",4,"Laboratorios Lafrancol S.A.S",35,entregado,"2025-11-08 19:55:11","2025-11-12 19:55:11","FAC-001800"
1801,13,"Clindamicina 300mg x16","Antibiótico",5,"Genfar S.A - Grupo Sanofi",24,en proceso,"2024-12-22 15:28:34","2025-01-10 15:28:34",""
1802,34,"Condón Durex Extra Fino x3","Condones",8,"Distribuidora Íntima de Colombia S.A.S",52,entregado,"2025-06-30 08:48:06","2025-07-05 08:48:06","FAC-001802"
1803,37,"Condón Control Retard x3","Condones",8,"Distribuidora Íntima de Colombia S.A.S",10,entregado,"2024-05-22 07:45:57","2024-06-05 07:45:57","FAC-001803"
1804,42,"Lubricante Íntimo KY 75ml","Lubricantes",9,"Laboratorios Siegfried Colombia S.A",28,en proceso,"2023-10-22 16:55:37","2023-10-31 16:55:37",""
1805,30,"Crema dental blanqueadora 75ml","Cuidado personal",7,"Bayer S.A Colombia",13,aceptado,"2023-02-27 19:33:00","",""
1806,12,"Metronidazol 500mg x14","Antibiótico",5,"Genfar S.A - Grupo Sanofi",90,aceptado,"2024-12-03 19:01:15","",""
1807,36,"Condón Prudence Fresa x3","Condones",8,"Distribuidora Íntima de Colombia S.A.S",39,entregado,"2024-01-10 14:52:06","2024-01-17 14:52:06","FAC-001807"
1808,42,"Lubricante Íntimo KY 75ml","Lubricantes",9,"Laboratorios Siegfried Colombia S.A",60,aceptado,"2024-10-17 10:49:06","",""
1809,20,"Omega 3 1000mg x30","Vitaminas y suplementos",6,"Tecnoquímicas S.A",47,entregado,"2024-09-06 01:15:03","2024-09-12 01:15:03","FAC-001809"
1810,17,"Vitamina C 1000mg x30","Vitaminas y suplementos",6,"Tecnoquímicas S.A",28,entregado,"2024-03-06 22:38:08","2024-03-21 22:38:08","FAC-001810"
1811,11,"Ciprofloxacino 500mg x10","Antibiótico",5,"Genfar S.A - Grupo Sanofi",41,entregado,"2025-01-16 18:11:40","2025-01-21 18:11:40","FAC-001811"
1812,16,"Doxiciclina 100mg x10","Antibiótico",5,"Genfar S.A - Grupo Sanofi",33,en proceso,"2023-01-24 00:12:51","2023-02-12 00:12:51",""
1813,35,"Condón Condomi Ultra x12","Condones",8,"Distribuidora Íntima de Colombia S.A.S",55,entregado,"2024-04-09 03:31:02","2024-04-24 03:31:02","FAC-001813"
1814,21,"Calcio + Vitamina D x60","Vitaminas y suplementos",6,"Tecnoquímicas S.A",30,entregado,"2025-09-22 19:04:11","2025-10-02 19:04:11","FAC-001814"
1815,12,"Metronidazol 500mg x14","Antibiótico",5,"Genfar S.A - Grupo Sanofi",67,en proceso,"2025-04-25 10:17:27","2025-05-14 10:17:27",""
1816,5,"Diclofenaco 50mg x10","Analgésico",4,"Laboratorios Lafrancol S.A.S",59,entregado,"2024-07-17 02:12:57","2024-07-27 02:12:57","FAC-001816"
1817,36,"Condón Prudence Fresa x3","Condones",8,"Distribuidora Íntima de Colombia S.A.S",58,entregado,"2024-07-17 09:33:56","2024-07-20 09:33:56","FAC-001817"
1818,16,"Doxiciclina 100mg x10","Antibiótico",5,"Genfar S.A - Grupo Sanofi",23,entregado,"2023-08-15 17:09:41","2023-08-25 17:09:41","FAC-001818"
1819,7,"Tramadol 50mg x10","Analgésico",4,"Laboratorios Lafrancol S.A.S",34,entregado,"2023-04-08 07:30:38","2023-04-19 07:30:38","FAC-001819"
1820,3,"Naproxeno 500mg x10","Analgésico",4,"Laboratorios Lafrancol S.A.S",13,entregado,"2024-01-09 04:26:12","2024-01-14 04:26:12","FAC-001820"
1821,45,"Lubricante Yes OB Natural 80ml","Lubricantes",9,"Laboratorios Siegfried Colombia S.A",81,entregado,"2023-07-12 19:22:36","2023-07-16 19:22:36","FAC-001821"
1822,34,"Condón Durex Extra Fino x3","Condones",8,"Distribuidora Íntima de Colombia S.A.S",62,entregado,"2025-10-05 08:10:44","2025-10-20 08:10:44","FAC-001822"
1823,41,"Lubricante Durex Play 50ml","Lubricantes",9,"Laboratorios Siegfried Colombia S.A",34,entregado,"2023-11-13 16:24:59","2023-11-25 16:24:59","FAC-001823"
1824,39,"Condón Vive Placer Real x3","Condones",8,"Distribuidora Íntima de Colombia S.A.S",27,aceptado,"2023-11-15 04:32:42","",""
1825,32,"Gel antibacterial 500ml","Cuidado personal",7,"Bayer S.A Colombia",93,entregado,"2023-12-13 16:21:24","2023-12-20 16:21:24","FAC-001825"
1826,46,"Lubricante Vive Sensitivo 50ml","Lubricantes",9,"Laboratorios Siegfried Colombia S.A",96,en proceso,"2023-04-30 21:31:54","2023-05-07 21:31:54",""
1827,16,"Doxiciclina 100mg x10","Antibiótico",5,"Genfar S.A - Grupo Sanofi",93,en proceso,"2025-01-14 19:31:00","2025-01-29 19:31:00",""
1828,10,"Azitromicina 500mg x3","Antibiótico",5,"Genfar S.A - Grupo Sanofi",93,entregado,"2025-09-22 09:13:41","2025-10-03 09:13:41","FAC-001828"
1829,33,"Condón Durex Natural x3","Condones",8,"Distribuidora Íntima de Colombia S.A.S",15,en proceso,"2025-04-08 16:45:01","2025-04-21 16:45:01",""
1830,23,"Hierro + Ácido Fólico x30","Vitaminas y suplementos",6,"Tecnoquímicas S.A",78,entregado,"2023-10-18 22:21:41","2023-11-01 22:21:41","FAC-001830"
1831,15,"Cefalexina 500mg x20","Antibiótico",5,"Genfar S.A - Grupo Sanofi",23,entregado,"2023-03-15 14:26:26","2023-03-20 14:26:26","FAC-001831"
1832,22,"Zinc 50mg x30","Vitaminas y suplementos",6,"Tecnoquímicas S.A",96,entregado,"2024-04-30 03:46:27","2024-05-14 03:46:27","FAC-001832"
1833,24,"Magnesio 400mg x60","Vitaminas y suplementos",6,"Tecnoquímicas S.A",84,entregado,"2025-09-12 11:18:24","2025-09-16 11:18:24","FAC-001833"
1834,9,"Amoxicilina 500mg x21","Antibiótico",5,"Genfar S.A - Grupo Sanofi",86,entregado,"2025-10-16 12:59:55","2025-10-24 12:59:55","FAC-001834"
1835,31,"Desodorante roll-on 50ml","Cuidado personal",7,"Bayer S.A Colombia",97,entregado,"2023-11-04 09:48:06","2023-11-19 09:48:06","FAC-001835"
1836,25,"Protector solar SPF 50 50ml","Cuidado personal",7,"Bayer S.A Colombia",91,entregado,"2024-05-14 04:37:32","2024-05-27 04:37:32","FAC-001836"
1837,21,"Calcio + Vitamina D x60","Vitaminas y suplementos",6,"Tecnoquímicas S.A",57,entregado,"2025-09-20 03:06:24","2025-09-23 03:06:24","FAC-001837"
1838,40,"Condón Protex x12","Condones",8,"Distribuidora Íntima de Colombia S.A.S",11,entregado,"2023-02-20 17:34:05","2023-03-01 17:34:05","FAC-001838"
1839,44,"Lubricante Nuei Delay 100ml","Lubricantes",9,"Laboratorios Siegfried Colombia S.A",45,aceptado,"2023-03-04 01:09:48","",""
1840,13,"Clindamicina 300mg x16","Antibiótico",5,"Genfar S.A - Grupo Sanofi",92,entregado,"2023-08-16 06:04:59","2023-08-27 06:04:59","FAC-001840"
1841,47,"Lubricante Prudence Aqua 60ml","Lubricantes",9,"Laboratorios Siegfried Colombia S.A",65,entregado,"2024-07-15 22:02:06","2024-07-18 22:02:06","FAC-001841"
1842,43,"Lubricante Pjur Original 30ml","Lubricantes",9,"Laboratorios Siegfried Colombia S.A",39,entregado,"2025-03-05 10:48:19","2025-03-10 10:48:19","FAC-001842"
1843,18,"Vitamina D3 2000UI x30","Vitaminas y suplementos",6,"Tecnoquímicas S.A",82,entregado,"2024-12-09 23:02:12","2024-12-19 23:02:12","FAC-001843"
1844,14,"Claritromicina 500mg x14","Antibiótico",5,"Genfar S.A - Grupo Sanofi",82,aceptado,"2023-09-05 09:17:51","",""
1845,1,"Acetaminofén 500mg x10","Analgésico",4,"Laboratorios Lafrancol S.A.S",14,entregado,"2024-06-29 18:04:09","2024-07-04 18:04:09","FAC-001845"
1846,4,"Aspirina 100mg x10","Analgésico",4,"Laboratorios Lafrancol S.A.S",74,en proceso,"2023-03-27 04:05:27","2023-04-10 04:05:27",""
1847,40,"Condón Protex x12","Condones",8,"Distribuidora Íntima de Colombia S.A.S",47,en proceso,"2025-08-03 17:18:17","2025-08-15 17:18:17",""
1848,20,"Omega 3 1000mg x30","Vitaminas y suplementos",6,"Tecnoquímicas S.A",57,entregado,"2024-08-08 13:20:24","2024-08-19 13:20:24","FAC-001848"
1849,40,"Condón Protex x12","Condones",8,"Distribuidora Íntima de Colombia S.A.S",40,en proceso,"2024-12-29 02:29:53","2025-01-03 02:29:53",""
1850,38,"Condón Lifestyles Ultra x12","Condones",8,"Distribuidora Íntima de Colombia S.A.S",75,entregado,"2023-01-16 18:05:29","2023-01-29 18:05:29","FAC-001850"
1851,27,"Crema hidratante facial 50ml","Cuidado personal",7,"Bayer S.A Colombia",50,en proceso,"2024-09-22 19:44:11","2024-10-09 19:44:11",""
1852,39,"Condón Vive Placer Real x3","Condones",8,"Distribuidora Íntima de Colombia S.A.S",71,entregado,"2024-10-31 15:00:43","2024-11-11 15:00:43","FAC-001852"
1853,5,"Diclofenaco 50mg x10","Analgésico",4,"Laboratorios Lafrancol S.A.S",11,entregado,"2023-02-10 01:34:49","2023-02-24 01:34:49","FAC-001853"
1854,34,"Condón Durex Extra Fino x3","Condones",8,"Distribuidora Íntima de Colombia S.A.S",53,entregado,"2025-02-22 15:53:50","2025-03-07 15:53:50","FAC-001854"
1855,45,"Lubricante Yes OB Natural 80ml","Lubricantes",9,"Laboratorios Siegfried Colombia S.A",15,aceptado,"2023-08-16 01:09:18","",""
1856,7,"Tramadol 50mg x10","Analgésico",4,"Laboratorios Lafrancol S.A.S",29,entregado,"2025-04-07 10:47:40","2025-04-15 10:47:40","FAC-001856"
1857,22,"Zinc 50mg x30","Vitaminas y suplementos",6,"Tecnoquímicas S.A",93,aceptado,"2023-05-03 03:39:24","",""
1858,2,"Ibuprofeno 400mg x10","Analgésico",4,"Laboratorios Lafrancol S.A.S",84,aceptado,"2024-06-12 21:59:05","",""
1859,5,"Diclofenaco 50mg x10","Analgésico",4,"Laboratorios Lafrancol S.A.S",36,entregado,"2023-03-25 22:52:52","2023-03-30 22:52:52","FAC-001859"
1860,38,"Condón Lifestyles Ultra x12","Condones",8,"Distribuidora Íntima de Colombia S.A.S",39,entregado,"2025-03-05 23:13:09","2025-03-18 23:13:09","FAC-001860"
1861,8,"Ketorolaco 10mg x10","Analgésico",4,"Laboratorios Lafrancol S.A.S",78,entregado,"2023-05-09 22:22:55","2023-05-24 22:22:55","FAC-001861"
1862,41,"Lubricante Durex Play 50ml","Lubricantes",9,"Laboratorios Siegfried Colombia S.A",69,en proceso,"2024-11-27 13:12:40","2024-12-17 13:12:40",""
1863,40,"Condón Protex x12","Condones",8,"Distribuidora Íntima de Colombia S.A.S",70,entregado,"2024-02-06 20:54:45","2024-02-11 20:54:45","FAC-001863"
1864,5,"Diclofenaco 50mg x10","Analgésico",4,"Laboratorios Lafrancol S.A.S",64,entregado,"2024-02-15 10:10:06","2024-02-23 10:10:06","FAC-001864"
1865,17,"Vitamina C 1000mg x30","Vitaminas y suplementos",6,"Tecnoquímicas S.A",89,en proceso,"2025-03-28 22:18:56","2025-04-06 22:18:56",""
1866,10,"Azitromicina 500mg x3","Antibiótico",5,"Genfar S.A - Grupo Sanofi",45,entregado,"2025-03-23 06:01:36","2025-04-06 06:01:36","FAC-001866"
1867,46,"Lubricante Vive Sensitivo 50ml","Lubricantes",9,"Laboratorios Siegfried Colombia S.A",39,aceptado,"2024-10-22 23:33:33","",""
1868,13,"Clindamicina 300mg x16","Antibiótico",5,"Genfar S.A - Grupo Sanofi",60,entregado,"2023-06-22 01:50:10","2023-07-06 01:50:10","FAC-001868"
1869,20,"Omega 3 1000mg x30","Vitaminas y suplementos",6,"Tecnoquímicas S.A",13,entregado,"2025-06-13 20:50:20","2025-06-24 20:50:20","FAC-001869"
1870,48,"Lubricante Control Aqua 75ml","Lubricantes",9,"Laboratorios Siegfried Colombia S.A",17,en proceso,"2025-07-12 17:17:48","2025-07-28 17:17:48",""
1871,19,"Complejo B x30","Vitaminas y suplementos",6,"Tecnoquímicas S.A",71,entregado,"2024-03-18 19:46:18","2024-03-24 19:46:18","FAC-001871"
1872,47,"Lubricante Prudence Aqua 60ml","Lubricantes",9,"Laboratorios Siegfried Colombia S.A",88,en proceso,"2024-08-20 17:20:03","2024-08-30 17:20:03",""
1873,35,"Condón Condomi Ultra x12","Condones",8,"Distribuidora Íntima de Colombia S.A.S",77,entregado,"2023-09-22 18:52:00","2023-10-01 18:52:00","FAC-001873"
1874,4,"Aspirina 100mg x10","Analgésico",4,"Laboratorios Lafrancol S.A.S",43,aceptado,"2023-06-21 02:45:29","",""
1875,41,"Lubricante Durex Play 50ml","Lubricantes",9,"Laboratorios Siegfried Colombia S.A",18,entregado,"2025-07-15 19:27:04","2025-07-21 19:27:04","FAC-001875"
1876,12,"Metronidazol 500mg x14","Antibiótico",5,"Genfar S.A - Grupo Sanofi",44,entregado,"2023-05-15 01:11:57","2023-05-23 01:11:57","FAC-001876"
1877,12,"Metronidazol 500mg x14","Antibiótico",5,"Genfar S.A - Grupo Sanofi",26,entregado,"2025-08-28 01:55:21","2025-09-10 01:55:21","FAC-001877"
1878,7,"Tramadol 50mg x10","Analgésico",4,"Laboratorios Lafrancol S.A.S",61,aceptado,"2023-05-23 20:22:25","",""
1879,43,"Lubricante Pjur Original 30ml","Lubricantes",9,"Laboratorios Siegfried Colombia S.A",77,en proceso,"2023-07-15 16:54:30","2023-07-30 16:54:30",""
1880,44,"Lubricante Nuei Delay 100ml","Lubricantes",9,"Laboratorios Siegfried Colombia S.A",40,entregado,"2024-03-15 03:13:47","2024-03-27 03:13:47","FAC-001880"
1881,32,"Gel antibacterial 500ml","Cuidado personal",7,"Bayer S.A Colombia",97,aceptado,"2024-04-15 14:33:30","",""
1882,11,"Ciprofloxacino 500mg x10","Antibiótico",5,"Genfar S.A - Grupo Sanofi",66,entregado,"2023-01-12 15:29:02","2023-01-20 15:29:02","FAC-001882"
1883,35,"Condón Condomi Ultra x12","Condones",8,"Distribuidora Íntima de Colombia S.A.S",55,aceptado,"2025-06-28 19:33:14","",""
1884,29,"Hilo dental 50m","Cuidado personal",7,"Bayer S.A Colombia",72,entregado,"2025-08-24 17:23:02","2025-09-06 17:23:02","FAC-001884"
1885,16,"Doxiciclina 100mg x10","Antibiótico",5,"Genfar S.A - Grupo Sanofi",89,en proceso,"2023-04-21 05:18:15","2023-05-04 05:18:15",""
1886,34,"Condón Durex Extra Fino x3","Condones",8,"Distribuidora Íntima de Colombia S.A.S",61,entregado,"2025-08-02 13:22:41","2025-08-09 13:22:41","FAC-001886"
1887,26,"Shampoo anticaspa 400ml","Cuidado personal",7,"Bayer S.A Colombia",69,aceptado,"2024-01-04 06:19:26","",""
1888,1,"Acetaminofén 500mg x10","Analgésico",4,"Laboratorios Lafrancol S.A.S",10,entregado,"2024-05-30 07:46:53","2024-06-03 07:46:53","FAC-001888"
1889,11,"Ciprofloxacino 500mg x10","Antibiótico",5,"Genfar S.A - Grupo Sanofi",77,entregado,"2025-03-08 22:51:07","2025-03-17 22:51:07","FAC-001889"
1890,23,"Hierro + Ácido Fólico x30","Vitaminas y suplementos",6,"Tecnoquímicas S.A",98,entregado,"2023-09-17 18:51:28","2023-09-22 18:51:28","FAC-001890"
1891,44,"Lubricante Nuei Delay 100ml","Lubricantes",9,"Laboratorios Siegfried Colombia S.A",42,entregado,"2025-11-10 01:48:46","2025-11-19 01:48:46","FAC-001891"
1892,15,"Cefalexina 500mg x20","Antibiótico",5,"Genfar S.A - Grupo Sanofi",24,entregado,"2023-06-05 11:42:44","2023-06-19 11:42:44","FAC-001892"
1893,39,"Condón Vive Placer Real x3","Condones",8,"Distribuidora Íntima de Colombia S.A.S",32,entregado,"2024-05-03 19:41:42","2024-05-07 19:41:42","FAC-001893"
1894,48,"Lubricante Control Aqua 75ml","Lubricantes",9,"Laboratorios Siegfried Colombia S.A",78,en proceso,"2023-06-06 07:05:29","2023-06-17 07:05:29",""
1895,17,"Vitamina C 1000mg x30","Vitaminas y suplementos",6,"Tecnoquímicas S.A",34,aceptado,"2025-12-02 13:14:41","",""
1896,42,"Lubricante Íntimo KY 75ml","Lubricantes",9,"Laboratorios Siegfried Colombia S.A",97,entregado,"2024-08-27 00:45:04","2024-09-04 00:45:04","FAC-001896"
1897,38,"Condón Lifestyles Ultra x12","Condones",8,"Distribuidora Íntima de Colombia S.A.S",32,entregado,"2025-04-23 17:27:43","2025-05-04 17:27:43","FAC-001897"
1898,17,"Vitamina C 1000mg x30","Vitaminas y suplementos",6,"Tecnoquímicas S.A",81,aceptado,"2025-12-09 21:55:12","",""
1899,28,"Jabón antibacterial 250ml","Cuidado personal",7,"Bayer S.A Colombia",65,aceptado,"2025-08-15 10:16:19","",""
1900,25,"Protector solar SPF 50 50ml","Cuidado personal",7,"Bayer S.A Colombia",80,en proceso,"2025-04-30 22:08:29","2025-05-08 22:08:29",""
1901,23,"Hierro + Ácido Fólico x30","Vitaminas y suplementos",6,"Tecnoquímicas S.A",64,entregado,"2024-10-22 10:30:25","2024-10-25 10:30:25","FAC-001901"
1902,35,"Condón Condomi Ultra x12","Condones",8,"Distribuidora Íntima de Colombia S.A.S",19,entregado,"2024-01-06 23:17:17","2024-01-19 23:17:17","FAC-001902"
1903,24,"Magnesio 400mg x60","Vitaminas y suplementos",6,"Tecnoquímicas S.A",58,en proceso,"2024-06-24 12:31:00","2024-07-02 12:31:00",""
1904,36,"Condón Prudence Fresa x3","Condones",8,"Distribuidora Íntima de Colombia S.A.S",37,entregado,"2023-07-04 09:17:50","2023-07-18 09:17:50","FAC-001904"
1905,6,"Meloxicam 15mg x10","Analgésico",4,"Laboratorios Lafrancol S.A.S",51,entregado,"2025-10-08 19:45:40","2025-10-12 19:45:40","FAC-001905"
1906,22,"Zinc 50mg x30","Vitaminas y suplementos",6,"Tecnoquímicas S.A",54,en proceso,"2025-12-11 00:26:47","2025-12-18 00:26:47",""
1907,37,"Condón Control Retard x3","Condones",8,"Distribuidora Íntima de Colombia S.A.S",82,entregado,"2024-01-01 20:47:51","2024-01-05 20:47:51","FAC-001907"
1908,10,"Azitromicina 500mg x3","Antibiótico",5,"Genfar S.A - Grupo Sanofi",72,entregado,"2024-05-18 13:55:16","2024-05-23 13:55:16","FAC-001908"
1909,2,"Ibuprofeno 400mg x10","Analgésico",4,"Laboratorios Lafrancol S.A.S",89,entregado,"2023-05-07 17:23:25","2023-05-10 17:23:25","FAC-001909"
1910,33,"Condón Durex Natural x3","Condones",8,"Distribuidora Íntima de Colombia S.A.S",99,en proceso,"2024-09-30 06:59:10","2024-10-15 06:59:10",""
1911,31,"Desodorante roll-on 50ml","Cuidado personal",7,"Bayer S.A Colombia",43,entregado,"2023-05-06 10:22:51","2023-05-20 10:22:51","FAC-001911"
1912,33,"Condón Durex Natural x3","Condones",8,"Distribuidora Íntima de Colombia S.A.S",65,entregado,"2023-04-25 07:02:40","2023-05-07 07:02:40","FAC-001912"
1913,1,"Acetaminofén 500mg x10","Analgésico",4,"Laboratorios Lafrancol S.A.S",47,en proceso,"2025-03-21 08:32:14","2025-03-28 08:32:14",""
1914,29,"Hilo dental 50m","Cuidado personal",7,"Bayer S.A Colombia",78,entregado,"2025-01-16 13:32:54","2025-01-29 13:32:54","FAC-001914"
1915,33,"Condón Durex Natural x3","Condones",8,"Distribuidora Íntima de Colombia S.A.S",37,entregado,"2023-05-05 05:13:00","2023-05-18 05:13:00","FAC-001915"
1916,2,"Ibuprofeno 400mg x10","Analgésico",4,"Laboratorios Lafrancol S.A.S",49,entregado,"2024-12-01 22:59:39","2024-12-16 22:59:39","FAC-001916"
1917,48,"Lubricante Control Aqua 75ml","Lubricantes",9,"Laboratorios Siegfried Colombia S.A",86,en proceso,"2023-05-11 12:58:55","2023-05-27 12:58:55",""
1918,1,"Acetaminofén 500mg x10","Analgésico",4,"Laboratorios Lafrancol S.A.S",57,entregado,"2024-08-16 05:52:57","2024-08-25 05:52:57","FAC-001918"
1919,15,"Cefalexina 500mg x20","Antibiótico",5,"Genfar S.A - Grupo Sanofi",68,aceptado,"2024-12-10 20:03:57","",""
1920,21,"Calcio + Vitamina D x60","Vitaminas y suplementos",6,"Tecnoquímicas S.A",100,entregado,"2023-09-15 01:30:54","2023-09-30 01:30:54","FAC-001920"
1921,31,"Desodorante roll-on 50ml","Cuidado personal",7,"Bayer S.A Colombia",11,entregado,"2023-11-05 19:10:00","2023-11-18 19:10:00","FAC-001921"
1922,40,"Condón Protex x12","Condones",8,"Distribuidora Íntima de Colombia S.A.S",97,entregado,"2024-02-26 06:17:34","2024-03-02 06:17:34","FAC-001922"
1923,16,"Doxiciclina 100mg x10","Antibiótico",5,"Genfar S.A - Grupo Sanofi",47,entregado,"2023-05-31 13:58:36","2023-06-05 13:58:36","FAC-001923"
1924,32,"Gel antibacterial 500ml","Cuidado personal",7,"Bayer S.A Colombia",16,entregado,"2023-02-09 06:07:30","2023-02-23 06:07:30","FAC-001924"
1925,2,"Ibuprofeno 400mg x10","Analgésico",4,"Laboratorios Lafrancol S.A.S",66,entregado,"2023-04-28 05:11:09","2023-05-06 05:11:09","FAC-001925"
1926,8,"Ketorolaco 10mg x10","Analgésico",4,"Laboratorios Lafrancol S.A.S",51,aceptado,"2023-06-17 06:32:47","",""
1927,13,"Clindamicina 300mg x16","Antibiótico",5,"Genfar S.A - Grupo Sanofi",52,entregado,"2024-08-03 01:47:02","2024-08-09 01:47:02","FAC-001927"
1928,26,"Shampoo anticaspa 400ml","Cuidado personal",7,"Bayer S.A Colombia",75,en proceso,"2023-01-01 12:05:31","2023-01-19 12:05:31",""
1929,25,"Protector solar SPF 50 50ml","Cuidado personal",7,"Bayer S.A Colombia",96,en proceso,"2024-04-12 15:28:26","2024-04-19 15:28:26",""
1930,12,"Metronidazol 500mg x14","Antibiótico",5,"Genfar S.A - Grupo Sanofi",15,entregado,"2024-04-13 07:49:49","2024-04-16 07:49:49","FAC-001930"
1931,30,"Crema dental blanqueadora 75ml","Cuidado personal",7,"Bayer S.A Colombia",14,entregado,"2025-04-23 15:20:27","2025-04-30 15:20:27","FAC-001931"
1932,47,"Lubricante Prudence Aqua 60ml","Lubricantes",9,"Laboratorios Siegfried Colombia S.A",69,aceptado,"2025-01-01 23:26:36","",""
1933,1,"Acetaminofén 500mg x10","Analgésico",4,"Laboratorios Lafrancol S.A.S",29,aceptado,"2025-03-25 11:06:28","",""
1934,5,"Diclofenaco 50mg x10","Analgésico",4,"Laboratorios Lafrancol S.A.S",82,entregado,"2024-06-09 06:02:16","2024-06-19 06:02:16","FAC-001934"
1935,29,"Hilo dental 50m","Cuidado personal",7,"Bayer S.A Colombia",84,en proceso,"2023-04-16 13:15:59","2023-05-03 13:15:59",""
1936,40,"Condón Protex x12","Condones",8,"Distribuidora Íntima de Colombia S.A.S",86,en proceso,"2023-05-30 09:21:19","2023-06-06 09:21:19",""
1937,27,"Crema hidratante facial 50ml","Cuidado personal",7,"Bayer S.A Colombia",63,en proceso,"2024-09-01 00:33:12","2024-09-14 00:33:12",""
1938,34,"Condón Durex Extra Fino x3","Condones",8,"Distribuidora Íntima de Colombia S.A.S",64,aceptado,"2023-12-02 11:37:01","",""
1939,5,"Diclofenaco 50mg x10","Analgésico",4,"Laboratorios Lafrancol S.A.S",53,en proceso,"2025-04-23 04:06:31","2025-05-03 04:06:31",""
1940,8,"Ketorolaco 10mg x10","Analgésico",4,"Laboratorios Lafrancol S.A.S",52,aceptado,"2025-09-11 02:45:46","",""
1941,2,"Ibuprofeno 400mg x10","Analgésico",4,"Laboratorios Lafrancol S.A.S",39,en proceso,"2024-07-09 14:23:28","2024-07-17 14:23:28",""
1942,12,"Metronidazol 500mg x14","Antibiótico",5,"Genfar S.A - Grupo Sanofi",55,entregado,"2024-04-30 15:08:56","2024-05-08 15:08:56","FAC-001942"
1943,6,"Meloxicam 15mg x10","Analgésico",4,"Laboratorios Lafrancol S.A.S",38,en proceso,"2024-08-13 01:58:52","2024-08-29 01:58:52",""
1944,40,"Condón Protex x12","Condones",8,"Distribuidora Íntima de Colombia S.A.S",74,en proceso,"2025-07-24 09:51:09","2025-08-13 09:51:09",""
1945,20,"Omega 3 1000mg x30","Vitaminas y suplementos",6,"Tecnoquímicas S.A",77,aceptado,"2023-07-04 03:06:25","",""
1946,29,"Hilo dental 50m","Cuidado personal",7,"Bayer S.A Colombia",42,entregado,"2025-08-14 20:33:25","2025-08-17 20:33:25","FAC-001946"
1947,13,"Clindamicina 300mg x16","Antibiótico",5,"Genfar S.A - Grupo Sanofi",43,en proceso,"2023-07-07 16:26:53","2023-07-21 16:26:53",""
1948,36,"Condón Prudence Fresa x3","Condones",8,"Distribuidora Íntima de Colombia S.A.S",70,aceptado,"2023-03-18 13:02:38","",""
1949,22,"Zinc 50mg x30","Vitaminas y suplementos",6,"Tecnoquímicas S.A",88,entregado,"2023-07-01 06:27:11","2023-07-16 06:27:11","FAC-001949"
1950,41,"Lubricante Durex Play 50ml","Lubricantes",9,"Laboratorios Siegfried Colombia S.A",29,entregado,"2025-11-10 18:12:28","2025-11-20 18:12:28","FAC-001950"
1951,14,"Claritromicina 500mg x14","Antibiótico",5,"Genfar S.A - Grupo Sanofi",93,entregado,"2023-05-20 20:17:54","2023-06-03 20:17:54","FAC-001951"
1952,25,"Protector solar SPF 50 50ml","Cuidado personal",7,"Bayer S.A Colombia",53,aceptado,"2023-04-07 08:16:25","",""
1953,39,"Condón Vive Placer Real x3","Condones",8,"Distribuidora Íntima de Colombia S.A.S",59,aceptado,"2023-12-30 07:28:47","",""
1954,18,"Vitamina D3 2000UI x30","Vitaminas y suplementos",6,"Tecnoquímicas S.A",87,entregado,"2025-12-07 22:52:22","2025-12-16 22:52:22","FAC-001954"
1955,24,"Magnesio 400mg x60","Vitaminas y suplementos",6,"Tecnoquímicas S.A",30,entregado,"2025-05-14 19:13:42","2025-05-27 19:13:42","FAC-001955"
1956,25,"Protector solar SPF 50 50ml","Cuidado personal",7,"Bayer S.A Colombia",81,entregado,"2025-08-29 23:44:41","2025-09-11 23:44:41","FAC-001956"
1957,20,"Omega 3 1000mg x30","Vitaminas y suplementos",6,"Tecnoquímicas S.A",93,entregado,"2024-08-07 19:32:12","2024-08-18 19:32:12","FAC-001957"
1958,1,"Acetaminofén 500mg x10","Analgésico",4,"Laboratorios Lafrancol S.A.S",34,entregado,"2025-01-20 13:07:53","2025-01-27 13:07:53","FAC-001958"
1959,29,"Hilo dental 50m","Cuidado personal",7,"Bayer S.A Colombia",85,entregado,"2025-01-05 20:59:58","2025-01-09 20:59:58","FAC-001959"
1960,25,"Protector solar SPF 50 50ml","Cuidado personal",7,"Bayer S.A Colombia",51,en proceso,"2023-05-08 07:03:46","2023-05-25 07:03:46",""
1961,9,"Amoxicilina 500mg x21","Antibiótico",5,"Genfar S.A - Grupo Sanofi",97,entregado,"2024-12-11 01:56:13","2024-12-16 01:56:13","FAC-001961"
1962,28,"Jabón antibacterial 250ml","Cuidado personal",7,"Bayer S.A Colombia",41,entregado,"2024-12-09 07:23:22","2024-12-19 07:23:22","FAC-001962"
1963,29,"Hilo dental 50m","Cuidado personal",7,"Bayer S.A Colombia",13,en proceso,"2023-03-31 21:15:45","2023-04-12 21:15:45",""
1964,11,"Ciprofloxacino 500mg x10","Antibiótico",5,"Genfar S.A - Grupo Sanofi",95,entregado,"2024-04-02 03:27:22","2024-04-05 03:27:22","FAC-001964"
1965,46,"Lubricante Vive Sensitivo 50ml","Lubricantes",9,"Laboratorios Siegfried Colombia S.A",26,en proceso,"2025-02-12 19:33:30","2025-02-28 19:33:30",""
1966,4,"Aspirina 100mg x10","Analgésico",4,"Laboratorios Lafrancol S.A.S",93,aceptado,"2024-09-18 05:37:53","",""
1967,28,"Jabón antibacterial 250ml","Cuidado personal",7,"Bayer S.A Colombia",80,entregado,"2024-12-03 10:27:12","2024-12-10 10:27:12","FAC-001967"
1968,25,"Protector solar SPF 50 50ml","Cuidado personal",7,"Bayer S.A Colombia",12,aceptado,"2025-02-28 12:21:30","",""
1969,34,"Condón Durex Extra Fino x3","Condones",8,"Distribuidora Íntima de Colombia S.A.S",25,aceptado,"2024-08-25 23:00:49","",""
1970,12,"Metronidazol 500mg x14","Antibiótico",5,"Genfar S.A - Grupo Sanofi",97,aceptado,"2023-05-19 02:54:11","",""
1971,13,"Clindamicina 300mg x16","Antibiótico",5,"Genfar S.A - Grupo Sanofi",18,en proceso,"2024-03-08 18:44:13","2024-03-13 18:44:13",""
1972,9,"Amoxicilina 500mg x21","Antibiótico",5,"Genfar S.A - Grupo Sanofi",32,entregado,"2025-09-28 08:25:53","2025-10-04 08:25:53","FAC-001972"
1973,45,"Lubricante Yes OB Natural 80ml","Lubricantes",9,"Laboratorios Siegfried Colombia S.A",28,entregado,"2025-01-14 15:01:03","2025-01-22 15:01:03","FAC-001973"
1974,47,"Lubricante Prudence Aqua 60ml","Lubricantes",9,"Laboratorios Siegfried Colombia S.A",18,entregado,"2023-03-28 09:35:42","2023-04-01 09:35:42","FAC-001974"
1975,23,"Hierro + Ácido Fólico x30","Vitaminas y suplementos",6,"Tecnoquímicas S.A",95,entregado,"2025-09-07 12:51:00","2025-09-12 12:51:00","FAC-001975"
1976,42,"Lubricante Íntimo KY 75ml","Lubricantes",9,"Laboratorios Siegfried Colombia S.A",15,en proceso,"2025-09-11 03:28:18","2025-09-22 03:28:18",""
1977,21,"Calcio + Vitamina D x60","Vitaminas y suplementos",6,"Tecnoquímicas S.A",25,entregado,"2025-09-18 23:53:30","2025-10-02 23:53:30","FAC-001977"
1978,43,"Lubricante Pjur Original 30ml","Lubricantes",9,"Laboratorios Siegfried Colombia S.A",43,entregado,"2023-05-12 00:06:43","2023-05-18 00:06:43","FAC-001978"
1979,46,"Lubricante Vive Sensitivo 50ml","Lubricantes",9,"Laboratorios Siegfried Colombia S.A",49,entregado,"2025-03-23 10:17:01","2025-04-06 10:17:01","FAC-001979"
1980,22,"Zinc 50mg x30","Vitaminas y suplementos",6,"Tecnoquímicas S.A",21,en proceso,"2025-10-08 11:33:40","2025-10-26 11:33:40",""
1981,20,"Omega 3 1000mg x30","Vitaminas y suplementos",6,"Tecnoquímicas S.A",36,entregado,"2024-10-05 20:23:52","2024-10-08 20:23:52","FAC-001981"
1982,24,"Magnesio 400mg x60","Vitaminas y suplementos",6,"Tecnoquímicas S.A",16,entregado,"2025-12-17 22:23:21","2025-12-20 22:23:21","FAC-001982"
1983,37,"Condón Control Retard x3","Condones",8,"Distribuidora Íntima de Colombia S.A.S",15,entregado,"2023-03-21 06:25:18","2023-03-28 06:25:18","FAC-001983"
1984,34,"Condón Durex Extra Fino x3","Condones",8,"Distribuidora Íntima de Colombia S.A.S",59,aceptado,"2024-06-08 14:33:10","",""
1985,33,"Condón Durex Natural x3","Condones",8,"Distribuidora Íntima de Colombia S.A.S",54,entregado,"2023-10-04 14:23:34","2023-10-13 14:23:34","FAC-001985"
1986,16,"Doxiciclina 100mg x10","Antibiótico",5,"Genfar S.A - Grupo Sanofi",90,aceptado,"2023-01-09 02:15:28","",""
1987,24,"Magnesio 400mg x60","Vitaminas y suplementos",6,"Tecnoquímicas S.A",89,en proceso,"2025-12-22 18:10:15","2026-01-01 18:10:15",""
1988,20,"Omega 3 1000mg x30","Vitaminas y suplementos",6,"Tecnoquímicas S.A",25,en proceso,"2023-06-24 08:06:07","2023-07-13 08:06:07",""
1989,17,"Vitamina C 1000mg x30","Vitaminas y suplementos",6,"Tecnoquímicas S.A",95,entregado,"2023-06-11 00:22:49","2023-06-26 00:22:49","FAC-001989"
1990,3,"Naproxeno 500mg x10","Analgésico",4,"Laboratorios Lafrancol S.A.S",71,entregado,"2025-06-26 05:18:28","2025-06-30 05:18:28","FAC-001990"
1991,31,"Desodorante roll-on 50ml","Cuidado personal",7,"Bayer S.A Colombia",92,entregado,"2025-07-19 08:23:55","2025-07-26 08:23:55","FAC-001991"
1992,43,"Lubricante Pjur Original 30ml","Lubricantes",9,"Laboratorios Siegfried Colombia S.A",67,entregado,"2024-02-29 00:57:16","2024-03-05 00:57:16","FAC-001992"
1993,36,"Condón Prudence Fresa x3","Condones",8,"Distribuidora Íntima de Colombia S.A.S",79,entregado,"2023-05-31 10:41:20","2023-06-03 10:41:20","FAC-001993"
1994,23,"Hierro + Ácido Fólico x30","Vitaminas y suplementos",6,"Tecnoquímicas S.A",67,entregado,"2023-09-24 16:27:08","2023-10-06 16:27:08","FAC-001994"
1995,13,"Clindamicina 300mg x16","Antibiótico",5,"Genfar S.A - Grupo Sanofi",23,aceptado,"2023-03-06 02:19:08","",""
1996,26,"Shampoo anticaspa 400ml","Cuidado personal",7,"Bayer S.A Colombia",57,entregado,"2025-02-17 23:30:22","2025-02-27 23:30:22","FAC-001996"
1997,42,"Lubricante Íntimo KY 75ml","Lubricantes",9,"Laboratorios Siegfried Colombia S.A",92,aceptado,"2023-10-17 09:18:03","",""
1998,13,"Clindamicina 300mg x16","Antibiótico",5,"Genfar S.A - Grupo Sanofi",21,entregado,"2025-08-08 04:58:36","2025-08-11 04:58:36","FAC-001998"
1999,35,"Condón Condomi Ultra x12","Condones",8,"Distribuidora Íntima de Colombia S.A.S",27,en proceso,"2023-05-22 00:43:34","2023-06-10 00:43:34",""
2000,19,"Complejo B x30","Vitaminas y suplementos",6,"Tecnoquímicas S.A",65,entregado,"2024-03-08 07:02:52","2024-03-12 07:02:52","FAC-002000"
2001,45,"Lubricante Yes OB Natural 80ml","Lubricantes",9,"Laboratorios Siegfried Colombia S.A",77,entregado,"2025-10-06 23:06:37","2025-10-14 23:06:37","FAC-002001"
2002,24,"Magnesio 400mg x60","Vitaminas y suplementos",6,"Tecnoquímicas S.A",31,aceptado,"2024-10-12 18:13:46","",""
2003,1,"Acetaminofén 500mg x10","Analgésico",4,"Laboratorios Lafrancol S.A.S",53,entregado,"2025-11-24 11:34:34","2025-12-07 11:34:34","FAC-002003"
2004,16,"Doxiciclina 100mg x10","Antibiótico",5,"Genfar S.A - Grupo Sanofi",42,entregado,"2024-05-28 15:11:37","2024-06-07 15:11:37","FAC-002004"
2005,25,"Protector solar SPF 50 50ml","Cuidado personal",7,"Bayer S.A Colombia",17,en proceso,"2023-12-05 16:49:38","2023-12-14 16:49:38",""
2006,36,"Condón Prudence Fresa x3","Condones",8,"Distribuidora Íntima de Colombia S.A.S",52,entregado,"2023-06-22 22:24:57","2023-07-04 22:24:57","FAC-002006"
2007,18,"Vitamina D3 2000UI x30","Vitaminas y suplementos",6,"Tecnoquímicas S.A",68,en proceso,"2025-04-18 21:42:13","2025-04-30 21:42:13",""
2008,27,"Crema hidratante facial 50ml","Cuidado personal",7,"Bayer S.A Colombia",10,aceptado,"2023-02-18 21:03:51","",""
2009,33,"Condón Durex Natural x3","Condones",8,"Distribuidora Íntima de Colombia S.A.S",50,en proceso,"2024-11-19 12:25:14","2024-11-30 12:25:14",""
2010,1,"Acetaminofén 500mg x10","Analgésico",4,"Laboratorios Lafrancol S.A.S",11,entregado,"2024-10-14 19:39:36","2024-10-27 19:39:36","FAC-002010"
2011,22,"Zinc 50mg x30","Vitaminas y suplementos",6,"Tecnoquímicas S.A",36,entregado,"2024-08-14 21:14:05","2024-08-17 21:14:05","FAC-002011"
2012,7,"Tramadol 50mg x10","Analgésico",4,"Laboratorios Lafrancol S.A.S",75,en proceso,"2023-05-31 19:01:30","2023-06-12 19:01:30",""
2013,1,"Acetaminofén 500mg x10","Analgésico",4,"Laboratorios Lafrancol S.A.S",45,entregado,"2023-07-07 10:24:20","2023-07-20 10:24:20","FAC-002013"
2014,32,"Gel antibacterial 500ml","Cuidado personal",7,"Bayer S.A Colombia",100,en proceso,"2024-06-21 16:16:09","2024-07-01 16:16:09",""
2015,20,"Omega 3 1000mg x30","Vitaminas y suplementos",6,"Tecnoquímicas S.A",67,entregado,"2025-08-09 11:01:36","2025-08-13 11:01:36","FAC-002015"
2016,32,"Gel antibacterial 500ml","Cuidado personal",7,"Bayer S.A Colombia",31,entregado,"2024-12-29 18:10:47","2025-01-11 18:10:47","FAC-002016"
2017,7,"Tramadol 50mg x10","Analgésico",4,"Laboratorios Lafrancol S.A.S",28,entregado,"2024-08-24 22:55:01","2024-09-06 22:55:01","FAC-002017"
2018,17,"Vitamina C 1000mg x30","Vitaminas y suplementos",6,"Tecnoquímicas S.A",39,entregado,"2023-11-03 23:31:39","2023-11-08 23:31:39","FAC-002018"
2019,28,"Jabón antibacterial 250ml","Cuidado personal",7,"Bayer S.A Colombia",98,entregado,"2023-06-27 22:44:51","2023-07-03 22:44:51","FAC-002019"
2020,35,"Condón Condomi Ultra x12","Condones",8,"Distribuidora Íntima de Colombia S.A.S",82,entregado,"2025-09-12 15:44:21","2025-09-22 15:44:21","FAC-002020"
2021,1,"Acetaminofén 500mg x10","Analgésico",4,"Laboratorios Lafrancol S.A.S",93,entregado,"2025-10-17 12:52:15","2025-10-26 12:52:15","FAC-002021"
2022,3,"Naproxeno 500mg x10","Analgésico",4,"Laboratorios Lafrancol S.A.S",83,en proceso,"2023-03-05 06:58:03","2023-03-13 06:58:03",""
2023,1,"Acetaminofén 500mg x10","Analgésico",4,"Laboratorios Lafrancol S.A.S",27,aceptado,"2023-04-22 21:50:20","",""
2024,32,"Gel antibacterial 500ml","Cuidado personal",7,"Bayer S.A Colombia",49,entregado,"2023-07-22 01:29:15","2023-07-26 01:29:15","FAC-002024"
2025,31,"Desodorante roll-on 50ml","Cuidado personal",7,"Bayer S.A Colombia",72,aceptado,"2024-11-28 08:31:52","",""
2026,28,"Jabón antibacterial 250ml","Cuidado personal",7,"Bayer S.A Colombia",95,entregado,"2023-11-02 11:50:03","2023-11-17 11:50:03","FAC-002026"
2027,33,"Condón Durex Natural x3","Condones",8,"Distribuidora Íntima de Colombia S.A.S",77,en proceso,"2024-10-17 09:24:09","2024-11-02 09:24:09",""
2028,47,"Lubricante Prudence Aqua 60ml","Lubricantes",9,"Laboratorios Siegfried Colombia S.A",84,entregado,"2024-05-11 12:17:36","2024-05-24 12:17:36","FAC-002028"
2029,11,"Ciprofloxacino 500mg x10","Antibiótico",5,"Genfar S.A - Grupo Sanofi",55,entregado,"2023-10-19 15:56:28","2023-11-01 15:56:28","FAC-002029"
2030,27,"Crema hidratante facial 50ml","Cuidado personal",7,"Bayer S.A Colombia",55,entregado,"2025-06-05 03:49:31","2025-06-11 03:49:31","FAC-002030"
2031,23,"Hierro + Ácido Fólico x30","Vitaminas y suplementos",6,"Tecnoquímicas S.A",83,aceptado,"2025-05-30 17:24:44","",""
2032,19,"Complejo B x30","Vitaminas y suplementos",6,"Tecnoquímicas S.A",36,entregado,"2024-11-06 07:05:59","2024-11-17 07:05:59","FAC-002032"
2033,44,"Lubricante Nuei Delay 100ml","Lubricantes",9,"Laboratorios Siegfried Colombia S.A",25,entregado,"2023-10-16 22:27:26","2023-10-22 22:27:26","FAC-002033"
2034,42,"Lubricante Íntimo KY 75ml","Lubricantes",9,"Laboratorios Siegfried Colombia S.A",50,en proceso,"2025-08-30 08:28:19","2025-09-14 08:28:19",""
2035,29,"Hilo dental 50m","Cuidado personal",7,"Bayer S.A Colombia",16,entregado,"2023-12-09 23:13:42","2023-12-14 23:13:42","FAC-002035"
2036,36,"Condón Prudence Fresa x3","Condones",8,"Distribuidora Íntima de Colombia S.A.S",18,en proceso,"2025-04-19 16:55:29","2025-05-07 16:55:29",""
2037,47,"Lubricante Prudence Aqua 60ml","Lubricantes",9,"Laboratorios Siegfried Colombia S.A",93,entregado,"2024-01-23 16:41:06","2024-02-02 16:41:06","FAC-002037"
2038,23,"Hierro + Ácido Fólico x30","Vitaminas y suplementos",6,"Tecnoquímicas S.A",85,entregado,"2025-04-22 07:02:58","2025-05-01 07:02:58","FAC-002038"
2039,13,"Clindamicina 300mg x16","Antibiótico",5,"Genfar S.A - Grupo Sanofi",50,en proceso,"2023-02-13 19:51:48","2023-02-21 19:51:48",""
2040,48,"Lubricante Control Aqua 75ml","Lubricantes",9,"Laboratorios Siegfried Colombia S.A",27,entregado,"2025-11-06 11:46:39","2025-11-09 11:46:39","FAC-002040"
2041,3,"Naproxeno 500mg x10","Analgésico",4,"Laboratorios Lafrancol S.A.S",33,entregado,"2023-10-06 13:29:38","2023-10-21 13:29:38","FAC-002041"
2042,39,"Condón Vive Placer Real x3","Condones",8,"Distribuidora Íntima de Colombia S.A.S",72,entregado,"2025-07-21 22:58:54","2025-08-01 22:58:54","FAC-002042"
2043,30,"Crema dental blanqueadora 75ml","Cuidado personal",7,"Bayer S.A Colombia",88,entregado,"2025-10-16 23:09:46","2025-10-23 23:09:46","FAC-002043"
2044,44,"Lubricante Nuei Delay 100ml","Lubricantes",9,"Laboratorios Siegfried Colombia S.A",49,entregado,"2023-08-18 08:36:14","2023-08-30 08:36:14","FAC-002044"
2045,34,"Condón Durex Extra Fino x3","Condones",8,"Distribuidora Íntima de Colombia S.A.S",79,entregado,"2025-06-29 04:23:42","2025-07-12 04:23:42","FAC-002045"
2046,44,"Lubricante Nuei Delay 100ml","Lubricantes",9,"Laboratorios Siegfried Colombia S.A",49,aceptado,"2025-07-02 07:54:27","",""
2047,1,"Acetaminofén 500mg x10","Analgésico",4,"Laboratorios Lafrancol S.A.S",26,en proceso,"2025-01-30 20:41:16","2025-02-14 20:41:16",""
2048,39,"Condón Vive Placer Real x3","Condones",8,"Distribuidora Íntima de Colombia S.A.S",47,entregado,"2024-02-25 03:44:49","2024-03-05 03:44:49","FAC-002048"
2049,15,"Cefalexina 500mg x20","Antibiótico",5,"Genfar S.A - Grupo Sanofi",81,aceptado,"2025-06-25 19:19:51","",""
2050,41,"Lubricante Durex Play 50ml","Lubricantes",9,"Laboratorios Siegfried Colombia S.A",52,entregado,"2025-11-12 12:50:28","2025-11-27 12:50:28","FAC-002050"
2051,33,"Condón Durex Natural x3","Condones",8,"Distribuidora Íntima de Colombia S.A.S",19,entregado,"2025-02-24 01:38:25","2025-03-06 01:38:25","FAC-002051"
2052,12,"Metronidazol 500mg x14","Antibiótico",5,"Genfar S.A - Grupo Sanofi",58,en proceso,"2025-02-01 22:55:43","2025-02-18 22:55:43",""
2053,44,"Lubricante Nuei Delay 100ml","Lubricantes",9,"Laboratorios Siegfried Colombia S.A",71,entregado,"2023-12-22 07:50:36","2023-12-29 07:50:36","FAC-002053"
2054,16,"Doxiciclina 100mg x10","Antibiótico",5,"Genfar S.A - Grupo Sanofi",54,entregado,"2025-11-17 02:08:52","2025-11-26 02:08:52","FAC-002054"
2055,28,"Jabón antibacterial 250ml","Cuidado personal",7,"Bayer S.A Colombia",18,entregado,"2025-07-12 09:42:44","2025-07-27 09:42:44","FAC-002055"
2056,43,"Lubricante Pjur Original 30ml","Lubricantes",9,"Laboratorios Siegfried Colombia S.A",32,en proceso,"2025-08-08 00:56:20","2025-08-25 00:56:20",""
2057,11,"Ciprofloxacino 500mg x10","Antibiótico",5,"Genfar S.A - Grupo Sanofi",80,entregado,"2024-06-23 20:49:40","2024-07-07 20:49:40","FAC-002057"
2058,38,"Condón Lifestyles Ultra x12","Condones",8,"Distribuidora Íntima de Colombia S.A.S",100,entregado,"2024-04-09 09:35:49","2024-04-19 09:35:49","FAC-002058"
2059,18,"Vitamina D3 2000UI x30","Vitaminas y suplementos",6,"Tecnoquímicas S.A",13,entregado,"2023-03-22 14:55:10","2023-04-06 14:55:10","FAC-002059"
2060,21,"Calcio + Vitamina D x60","Vitaminas y suplementos",6,"Tecnoquímicas S.A",47,entregado,"2025-02-02 17:58:30","2025-02-14 17:58:30","FAC-002060"
2061,5,"Diclofenaco 50mg x10","Analgésico",4,"Laboratorios Lafrancol S.A.S",11,en proceso,"2024-05-02 11:35:10","2024-05-14 11:35:10",""
2062,28,"Jabón antibacterial 250ml","Cuidado personal",7,"Bayer S.A Colombia",73,entregado,"2024-01-29 06:59:05","2024-02-13 06:59:05","FAC-002062"
2063,11,"Ciprofloxacino 500mg x10","Antibiótico",5,"Genfar S.A - Grupo Sanofi",41,en proceso,"2024-03-07 19:51:16","2024-03-17 19:51:16",""
2064,21,"Calcio + Vitamina D x60","Vitaminas y suplementos",6,"Tecnoquímicas S.A",15,entregado,"2023-11-11 15:27:59","2023-11-18 15:27:59","FAC-002064"
2065,44,"Lubricante Nuei Delay 100ml","Lubricantes",9,"Laboratorios Siegfried Colombia S.A",21,entregado,"2025-07-10 01:50:43","2025-07-16 01:50:43","FAC-002065"
2066,46,"Lubricante Vive Sensitivo 50ml","Lubricantes",9,"Laboratorios Siegfried Colombia S.A",34,en proceso,"2024-09-23 10:53:56","2024-10-03 10:53:56",""
2067,23,"Hierro + Ácido Fólico x30","Vitaminas y suplementos",6,"Tecnoquímicas S.A",65,en proceso,"2025-10-05 08:01:21","2025-10-16 08:01:21",""
2068,27,"Crema hidratante facial 50ml","Cuidado personal",7,"Bayer S.A Colombia",98,en proceso,"2025-05-22 07:11:57","2025-05-29 07:11:57",""
2069,19,"Complejo B x30","Vitaminas y suplementos",6,"Tecnoquímicas S.A",35,aceptado,"2024-02-21 05:54:43","",""
2070,8,"Ketorolaco 10mg x10","Analgésico",4,"Laboratorios Lafrancol S.A.S",20,en proceso,"2024-01-18 01:26:10","2024-01-29 01:26:10",""
2071,43,"Lubricante Pjur Original 30ml","Lubricantes",9,"Laboratorios Siegfried Colombia S.A",72,en proceso,"2023-03-08 10:57:20","2023-03-16 10:57:20",""
2072,2,"Ibuprofeno 400mg x10","Analgésico",4,"Laboratorios Lafrancol S.A.S",69,en proceso,"2023-03-20 18:16:10","2023-04-04 18:16:10",""
2073,20,"Omega 3 1000mg x30","Vitaminas y suplementos",6,"Tecnoquímicas S.A",36,en proceso,"2023-07-22 08:53:27","2023-08-06 08:53:27",""
2074,35,"Condón Condomi Ultra x12","Condones",8,"Distribuidora Íntima de Colombia S.A.S",62,aceptado,"2023-11-20 20:45:07","",""
2075,27,"Crema hidratante facial 50ml","Cuidado personal",7,"Bayer S.A Colombia",41,entregado,"2025-12-18 22:33:54","2025-12-22 22:33:54","FAC-002075"
2076,15,"Cefalexina 500mg x20","Antibiótico",5,"Genfar S.A - Grupo Sanofi",80,en proceso,"2024-06-07 08:27:23","2024-06-21 08:27:23",""
2077,24,"Magnesio 400mg x60","Vitaminas y suplementos",6,"Tecnoquímicas S.A",50,entregado,"2024-08-22 06:43:55","2024-08-28 06:43:55","FAC-002077"
2078,8,"Ketorolaco 10mg x10","Analgésico",4,"Laboratorios Lafrancol S.A.S",64,aceptado,"2023-05-16 05:54:09","",""
2079,37,"Condón Control Retard x3","Condones",8,"Distribuidora Íntima de Colombia S.A.S",36,en proceso,"2025-01-13 02:22:53","2025-01-23 02:22:53",""
2080,16,"Doxiciclina 100mg x10","Antibiótico",5,"Genfar S.A - Grupo Sanofi",52,entregado,"2023-11-27 09:36:41","2023-11-30 09:36:41","FAC-002080"
2081,37,"Condón Control Retard x3","Condones",8,"Distribuidora Íntima de Colombia S.A.S",77,entregado,"2025-03-11 18:32:59","2025-03-15 18:32:59","FAC-002081"
2082,46,"Lubricante Vive Sensitivo 50ml","Lubricantes",9,"Laboratorios Siegfried Colombia S.A",39,entregado,"2024-12-02 16:38:32","2024-12-05 16:38:32","FAC-002082"
2083,2,"Ibuprofeno 400mg x10","Analgésico",4,"Laboratorios Lafrancol S.A.S",98,entregado,"2025-02-26 15:06:51","2025-03-03 15:06:51","FAC-002083"
2084,13,"Clindamicina 300mg x16","Antibiótico",5,"Genfar S.A - Grupo Sanofi",50,entregado,"2024-10-07 05:34:50","2024-10-13 05:34:50","FAC-002084"
2085,35,"Condón Condomi Ultra x12","Condones",8,"Distribuidora Íntima de Colombia S.A.S",73,entregado,"2023-03-27 22:40:16","2023-04-06 22:40:16","FAC-002085"
2086,30,"Crema dental blanqueadora 75ml","Cuidado personal",7,"Bayer S.A Colombia",83,en proceso,"2025-05-29 19:52:30","2025-06-18 19:52:30",""
2087,19,"Complejo B x30","Vitaminas y suplementos",6,"Tecnoquímicas S.A",33,entregado,"2024-09-14 03:47:53","2024-09-26 03:47:53","FAC-002087"
2088,43,"Lubricante Pjur Original 30ml","Lubricantes",9,"Laboratorios Siegfried Colombia S.A",67,entregado,"2023-11-07 22:08:14","2023-11-18 22:08:14","FAC-002088"
2089,11,"Ciprofloxacino 500mg x10","Antibiótico",5,"Genfar S.A - Grupo Sanofi",20,aceptado,"2025-02-18 05:18:21","",""
2090,27,"Crema hidratante facial 50ml","Cuidado personal",7,"Bayer S.A Colombia",66,entregado,"2023-02-08 13:02:38","2023-02-20 13:02:38","FAC-002090"
2091,13,"Clindamicina 300mg x16","Antibiótico",5,"Genfar S.A - Grupo Sanofi",99,en proceso,"2025-11-02 08:45:54","2025-11-15 08:45:54",""
2092,23,"Hierro + Ácido Fólico x30","Vitaminas y suplementos",6,"Tecnoquímicas S.A",100,en proceso,"2025-07-06 06:05:19","2025-07-15 06:05:19",""
2093,25,"Protector solar SPF 50 50ml","Cuidado personal",7,"Bayer S.A Colombia",85,entregado,"2023-04-01 00:06:54","2023-04-07 00:06:54","FAC-002093"
2094,17,"Vitamina C 1000mg x30","Vitaminas y suplementos",6,"Tecnoquímicas S.A",73,entregado,"2025-10-27 17:58:59","2025-11-09 17:58:59","FAC-002094"
2095,13,"Clindamicina 300mg x16","Antibiótico",5,"Genfar S.A - Grupo Sanofi",71,en proceso,"2023-04-02 01:46:46","2023-04-21 01:46:46",""
2096,8,"Ketorolaco 10mg x10","Analgésico",4,"Laboratorios Lafrancol S.A.S",73,entregado,"2023-01-11 06:13:41","2023-01-26 06:13:41","FAC-002096"
2097,7,"Tramadol 50mg x10","Analgésico",4,"Laboratorios Lafrancol S.A.S",38,aceptado,"2024-07-14 00:27:53","",""
2098,24,"Magnesio 400mg x60","Vitaminas y suplementos",6,"Tecnoquímicas S.A",40,entregado,"2024-06-29 11:32:39","2024-07-07 11:32:39","FAC-002098"
2099,29,"Hilo dental 50m","Cuidado personal",7,"Bayer S.A Colombia",85,aceptado,"2023-05-20 19:05:11","",""
2100,35,"Condón Condomi Ultra x12","Condones",8,"Distribuidora Íntima de Colombia S.A.S",72,en proceso,"2024-09-15 13:58:29","2024-09-21 13:58:29",""
2101,41,"Lubricante Durex Play 50ml","Lubricantes",9,"Laboratorios Siegfried Colombia S.A",97,en proceso,"2024-02-27 12:07:48","2024-03-14 12:07:48",""
2102,25,"Protector solar SPF 50 50ml","Cuidado personal",7,"Bayer S.A Colombia",31,entregado,"2023-07-28 22:30:03","2023-08-11 22:30:03","FAC-002102"
2103,6,"Meloxicam 15mg x10","Analgésico",4,"Laboratorios Lafrancol S.A.S",71,entregado,"2023-12-22 12:20:19","2023-12-25 12:20:19","FAC-002103"
2104,6,"Meloxicam 15mg x10","Analgésico",4,"Laboratorios Lafrancol S.A.S",63,en proceso,"2024-12-25 08:48:58","2025-01-05 08:48:58",""
2105,16,"Doxiciclina 100mg x10","Antibiótico",5,"Genfar S.A - Grupo Sanofi",25,entregado,"2024-01-14 11:47:54","2024-01-18 11:47:54","FAC-002105"
2106,36,"Condón Prudence Fresa x3","Condones",8,"Distribuidora Íntima de Colombia S.A.S",41,entregado,"2024-01-17 00:26:58","2024-01-25 00:26:58","FAC-002106"
2107,27,"Crema hidratante facial 50ml","Cuidado personal",7,"Bayer S.A Colombia",25,en proceso,"2023-05-05 09:36:52","2023-05-23 09:36:52",""
2108,35,"Condón Condomi Ultra x12","Condones",8,"Distribuidora Íntima de Colombia S.A.S",78,entregado,"2024-03-16 23:47:08","2024-03-21 23:47:08","FAC-002108"
2109,29,"Hilo dental 50m","Cuidado personal",7,"Bayer S.A Colombia",42,en proceso,"2024-03-30 03:36:02","2024-04-08 03:36:02",""
2110,4,"Aspirina 100mg x10","Analgésico",4,"Laboratorios Lafrancol S.A.S",43,en proceso,"2023-03-26 17:25:03","2023-04-06 17:25:03",""
2111,1,"Acetaminofén 500mg x10","Analgésico",4,"Laboratorios Lafrancol S.A.S",33,entregado,"2024-11-04 16:59:44","2024-11-14 16:59:44","FAC-002111"
2112,24,"Magnesio 400mg x60","Vitaminas y suplementos",6,"Tecnoquímicas S.A",49,entregado,"2023-10-24 20:54:20","2023-10-27 20:54:20","FAC-002112"
2113,42,"Lubricante Íntimo KY 75ml","Lubricantes",9,"Laboratorios Siegfried Colombia S.A",12,en proceso,"2024-12-29 16:57:47","2025-01-12 16:57:47",""
2114,5,"Diclofenaco 50mg x10","Analgésico",4,"Laboratorios Lafrancol S.A.S",44,en proceso,"2024-07-20 20:11:22","2024-07-28 20:11:22",""
2115,25,"Protector solar SPF 50 50ml","Cuidado personal",7,"Bayer S.A Colombia",85,entregado,"2025-12-30 16:25:27","2026-01-02 16:25:27","FAC-002115"
2116,20,"Omega 3 1000mg x30","Vitaminas y suplementos",6,"Tecnoquímicas S.A",71,entregado,"2024-09-07 11:41:45","2024-09-11 11:41:45","FAC-002116"
2117,25,"Protector solar SPF 50 50ml","Cuidado personal",7,"Bayer S.A Colombia",96,entregado,"2023-08-11 03:13:34","2023-08-26 03:13:34","FAC-002117"
2118,27,"Crema hidratante facial 50ml","Cuidado personal",7,"Bayer S.A Colombia",51,entregado,"2025-09-23 11:11:25","2025-10-06 11:11:25","FAC-002118"
2119,26,"Shampoo anticaspa 400ml","Cuidado personal",7,"Bayer S.A Colombia",85,entregado,"2025-01-14 21:26:32","2025-01-25 21:26:32","FAC-002119"
2120,23,"Hierro + Ácido Fólico x30","Vitaminas y suplementos",6,"Tecnoquímicas S.A",65,entregado,"2024-07-07 09:05:48","2024-07-15 09:05:48","FAC-002120"
2121,32,"Gel antibacterial 500ml","Cuidado personal",7,"Bayer S.A Colombia",76,aceptado,"2025-10-09 08:30:22","",""
2122,20,"Omega 3 1000mg x30","Vitaminas y suplementos",6,"Tecnoquímicas S.A",59,en proceso,"2023-11-11 19:30:38","2023-11-23 19:30:38",""
2123,31,"Desodorante roll-on 50ml","Cuidado personal",7,"Bayer S.A Colombia",56,entregado,"2025-11-16 22:49:02","2025-11-25 22:49:02","FAC-002123"
2124,29,"Hilo dental 50m","Cuidado personal",7,"Bayer S.A Colombia",47,en proceso,"2023-06-07 20:04:38","2023-06-25 20:04:38",""
2125,32,"Gel antibacterial 500ml","Cuidado personal",7,"Bayer S.A Colombia",72,en proceso,"2024-10-09 04:44:19","2024-10-17 04:44:19",""
2126,14,"Claritromicina 500mg x14","Antibiótico",5,"Genfar S.A - Grupo Sanofi",82,entregado,"2023-08-09 22:50:23","2023-08-14 22:50:23","FAC-002126"
2127,20,"Omega 3 1000mg x30","Vitaminas y suplementos",6,"Tecnoquímicas S.A",97,en proceso,"2023-05-27 07:56:30","2023-06-10 07:56:30",""
2128,30,"Crema dental blanqueadora 75ml","Cuidado personal",7,"Bayer S.A Colombia",79,entregado,"2025-09-19 10:13:55","2025-09-29 10:13:55","FAC-002128"
2129,48,"Lubricante Control Aqua 75ml","Lubricantes",9,"Laboratorios Siegfried Colombia S.A",12,aceptado,"2025-04-07 10:27:31","",""
2130,6,"Meloxicam 15mg x10","Analgésico",4,"Laboratorios Lafrancol S.A.S",33,entregado,"2024-10-24 03:29:38","2024-11-06 03:29:38","FAC-002130"
2131,12,"Metronidazol 500mg x14","Antibiótico",5,"Genfar S.A - Grupo Sanofi",64,entregado,"2025-11-19 02:29:09","2025-11-28 02:29:09","FAC-002131"
2132,19,"Complejo B x30","Vitaminas y suplementos",6,"Tecnoquímicas S.A",62,en proceso,"2023-04-28 11:12:45","2023-05-06 11:12:45",""
2133,6,"Meloxicam 15mg x10","Analgésico",4,"Laboratorios Lafrancol S.A.S",20,entregado,"2024-02-21 13:55:28","2024-03-01 13:55:28","FAC-002133"
2134,16,"Doxiciclina 100mg x10","Antibiótico",5,"Genfar S.A - Grupo Sanofi",98,entregado,"2024-01-24 21:40:12","2024-01-28 21:40:12","FAC-002134"
2135,29,"Hilo dental 50m","Cuidado personal",7,"Bayer S.A Colombia",93,entregado,"2024-06-02 08:59:22","2024-06-05 08:59:22","FAC-002135"
2136,1,"Acetaminofén 500mg x10","Analgésico",4,"Laboratorios Lafrancol S.A.S",16,en proceso,"2024-05-05 08:27:06","2024-05-12 08:27:06",""
2137,27,"Crema hidratante facial 50ml","Cuidado personal",7,"Bayer S.A Colombia",63,entregado,"2024-10-04 07:09:33","2024-10-12 07:09:33","FAC-002137"
2138,23,"Hierro + Ácido Fólico x30","Vitaminas y suplementos",6,"Tecnoquímicas S.A",62,en proceso,"2024-04-17 18:06:26","2024-04-25 18:06:26",""
2139,15,"Cefalexina 500mg x20","Antibiótico",5,"Genfar S.A - Grupo Sanofi",21,en proceso,"2023-07-17 01:09:28","2023-07-30 01:09:28",""
2140,25,"Protector solar SPF 50 50ml","Cuidado personal",7,"Bayer S.A Colombia",25,entregado,"2023-11-04 00:22:19","2023-11-15 00:22:19","FAC-002140"
2141,15,"Cefalexina 500mg x20","Antibiótico",5,"Genfar S.A - Grupo Sanofi",47,entregado,"2024-04-25 17:58:51","2024-05-01 17:58:51","FAC-002141"
2142,34,"Condón Durex Extra Fino x3","Condones",8,"Distribuidora Íntima de Colombia S.A.S",40,entregado,"2025-12-03 15:26:38","2025-12-15 15:26:38","FAC-002142"
2143,39,"Condón Vive Placer Real x3","Condones",8,"Distribuidora Íntima de Colombia S.A.S",81,entregado,"2023-01-10 04:12:32","2023-01-19 04:12:32","FAC-002143"
2144,30,"Crema dental blanqueadora 75ml","Cuidado personal",7,"Bayer S.A Colombia",35,aceptado,"2023-09-09 21:44:13","",""
2145,42,"Lubricante Íntimo KY 75ml","Lubricantes",9,"Laboratorios Siegfried Colombia S.A",24,entregado,"2023-04-04 18:17:32","2023-04-15 18:17:32","FAC-002145"
2146,48,"Lubricante Control Aqua 75ml","Lubricantes",9,"Laboratorios Siegfried Colombia S.A",73,entregado,"2025-09-25 22:54:50","2025-10-09 22:54:50","FAC-002146"
2147,34,"Condón Durex Extra Fino x3","Condones",8,"Distribuidora Íntima de Colombia S.A.S",86,entregado,"2024-07-31 09:07:47","2024-08-08 09:07:47","FAC-002147"
2148,6,"Meloxicam 15mg x10","Analgésico",4,"Laboratorios Lafrancol S.A.S",96,aceptado,"2024-11-17 16:56:22","",""
2149,35,"Condón Condomi Ultra x12","Condones",8,"Distribuidora Íntima de Colombia S.A.S",35,entregado,"2024-11-05 12:06:34","2024-11-09 12:06:34","FAC-002149"
2150,32,"Gel antibacterial 500ml","Cuidado personal",7,"Bayer S.A Colombia",100,entregado,"2023-03-27 03:18:28","2023-04-05 03:18:28","FAC-002150"
2151,3,"Naproxeno 500mg x10","Analgésico",4,"Laboratorios Lafrancol S.A.S",41,aceptado,"2024-05-08 15:01:25","",""
2152,36,"Condón Prudence Fresa x3","Condones",8,"Distribuidora Íntima de Colombia S.A.S",19,entregado,"2023-11-29 12:17:05","2023-12-05 12:17:05","FAC-002152"
2153,36,"Condón Prudence Fresa x3","Condones",8,"Distribuidora Íntima de Colombia S.A.S",17,en proceso,"2024-11-02 02:12:50","2024-11-19 02:12:50",""
2154,10,"Azitromicina 500mg x3","Antibiótico",5,"Genfar S.A - Grupo Sanofi",10,en proceso,"2024-05-17 08:40:42","2024-05-22 08:40:42",""
2155,20,"Omega 3 1000mg x30","Vitaminas y suplementos",6,"Tecnoquímicas S.A",21,entregado,"2023-12-28 00:46:13","2023-12-31 00:46:13","FAC-002155"
2156,11,"Ciprofloxacino 500mg x10","Antibiótico",5,"Genfar S.A - Grupo Sanofi",40,en proceso,"2023-04-13 20:37:29","2023-04-26 20:37:29",""
2157,20,"Omega 3 1000mg x30","Vitaminas y suplementos",6,"Tecnoquímicas S.A",26,en proceso,"2024-09-24 00:34:20","2024-10-03 00:34:20",""
2158,10,"Azitromicina 500mg x3","Antibiótico",5,"Genfar S.A - Grupo Sanofi",62,entregado,"2023-05-22 00:55:24","2023-06-06 00:55:24","FAC-002158"
2159,25,"Protector solar SPF 50 50ml","Cuidado personal",7,"Bayer S.A Colombia",77,en proceso,"2024-07-28 00:25:36","2024-08-17 00:25:36",""
2160,14,"Claritromicina 500mg x14","Antibiótico",5,"Genfar S.A - Grupo Sanofi",92,entregado,"2023-02-10 12:05:06","2023-02-25 12:05:06","FAC-002160"
2161,39,"Condón Vive Placer Real x3","Condones",8,"Distribuidora Íntima de Colombia S.A.S",78,entregado,"2023-01-02 12:40:25","2023-01-08 12:40:25","FAC-002161"
2162,12,"Metronidazol 500mg x14","Antibiótico",5,"Genfar S.A - Grupo Sanofi",95,aceptado,"2023-07-18 22:12:41","",""
2163,41,"Lubricante Durex Play 50ml","Lubricantes",9,"Laboratorios Siegfried Colombia S.A",100,entregado,"2024-01-25 13:51:52","2024-02-05 13:51:52","FAC-002163"
2164,11,"Ciprofloxacino 500mg x10","Antibiótico",5,"Genfar S.A - Grupo Sanofi",46,entregado,"2025-11-07 19:14:57","2025-11-22 19:14:57","FAC-002164"
2165,47,"Lubricante Prudence Aqua 60ml","Lubricantes",9,"Laboratorios Siegfried Colombia S.A",38,entregado,"2023-05-25 02:41:06","2023-05-29 02:41:06","FAC-002165"
2166,33,"Condón Durex Natural x3","Condones",8,"Distribuidora Íntima de Colombia S.A.S",93,entregado,"2024-11-01 15:14:55","2024-11-07 15:14:55","FAC-002166"
2167,35,"Condón Condomi Ultra x12","Condones",8,"Distribuidora Íntima de Colombia S.A.S",98,entregado,"2025-12-17 21:27:06","2025-12-31 21:27:06","FAC-002167"
2168,12,"Metronidazol 500mg x14","Antibiótico",5,"Genfar S.A - Grupo Sanofi",81,entregado,"2025-03-27 19:21:34","2025-04-08 19:21:34","FAC-002168"
2169,38,"Condón Lifestyles Ultra x12","Condones",8,"Distribuidora Íntima de Colombia S.A.S",57,aceptado,"2024-09-04 22:45:23","",""
2170,9,"Amoxicilina 500mg x21","Antibiótico",5,"Genfar S.A - Grupo Sanofi",45,en proceso,"2024-04-16 23:23:40","2024-04-26 23:23:40",""
2171,24,"Magnesio 400mg x60","Vitaminas y suplementos",6,"Tecnoquímicas S.A",77,en proceso,"2024-10-22 15:29:25","2024-10-27 15:29:25",""
2172,43,"Lubricante Pjur Original 30ml","Lubricantes",9,"Laboratorios Siegfried Colombia S.A",98,entregado,"2024-10-30 20:17:40","2024-11-03 20:17:40","FAC-002172"
2173,40,"Condón Protex x12","Condones",8,"Distribuidora Íntima de Colombia S.A.S",55,en proceso,"2024-05-04 13:58:48","2024-05-17 13:58:48",""
2174,44,"Lubricante Nuei Delay 100ml","Lubricantes",9,"Laboratorios Siegfried Colombia S.A",66,entregado,"2023-12-03 21:11:34","2023-12-10 21:11:34","FAC-002174"
2175,41,"Lubricante Durex Play 50ml","Lubricantes",9,"Laboratorios Siegfried Colombia S.A",95,en proceso,"2023-09-25 10:53:39","2023-10-11 10:53:39",""
2176,7,"Tramadol 50mg x10","Analgésico",4,"Laboratorios Lafrancol S.A.S",38,entregado,"2024-02-04 12:54:57","2024-02-11 12:54:57","FAC-002176"
2177,20,"Omega 3 1000mg x30","Vitaminas y suplementos",6,"Tecnoquímicas S.A",92,aceptado,"2024-07-05 19:57:32","",""
2178,30,"Crema dental blanqueadora 75ml","Cuidado personal",7,"Bayer S.A Colombia",33,aceptado,"2023-03-16 18:53:42","",""
2179,44,"Lubricante Nuei Delay 100ml","Lubricantes",9,"Laboratorios Siegfried Colombia S.A",95,entregado,"2025-08-23 20:54:33","2025-09-03 20:54:33","FAC-002179"
2180,17,"Vitamina C 1000mg x30","Vitaminas y suplementos",6,"Tecnoquímicas S.A",12,entregado,"2024-05-11 02:44:56","2024-05-22 02:44:56","FAC-002180"
2181,25,"Protector solar SPF 50 50ml","Cuidado personal",7,"Bayer S.A Colombia",17,entregado,"2024-06-07 06:32:27","2024-06-20 06:32:27","FAC-002181"
2182,11,"Ciprofloxacino 500mg x10","Antibiótico",5,"Genfar S.A - Grupo Sanofi",29,entregado,"2023-03-26 19:30:55","2023-04-09 19:30:55","FAC-002182"
2183,41,"Lubricante Durex Play 50ml","Lubricantes",9,"Laboratorios Siegfried Colombia S.A",54,entregado,"2023-03-10 01:32:43","2023-03-13 01:32:43","FAC-002183"
2184,2,"Ibuprofeno 400mg x10","Analgésico",4,"Laboratorios Lafrancol S.A.S",90,entregado,"2025-03-04 12:56:17","2025-03-19 12:56:17","FAC-002184"
2185,18,"Vitamina D3 2000UI x30","Vitaminas y suplementos",6,"Tecnoquímicas S.A",14,en proceso,"2024-04-28 05:54:52","2024-05-04 05:54:52",""
2186,36,"Condón Prudence Fresa x3","Condones",8,"Distribuidora Íntima de Colombia S.A.S",79,entregado,"2024-05-20 13:45:38","2024-06-04 13:45:38","FAC-002186"
2187,5,"Diclofenaco 50mg x10","Analgésico",4,"Laboratorios Lafrancol S.A.S",83,en proceso,"2025-09-29 08:50:25","2025-10-15 08:50:25",""
2188,45,"Lubricante Yes OB Natural 80ml","Lubricantes",9,"Laboratorios Siegfried Colombia S.A",16,entregado,"2023-01-12 05:12:29","2023-01-16 05:12:29","FAC-002188"
2189,7,"Tramadol 50mg x10","Analgésico",4,"Laboratorios Lafrancol S.A.S",68,entregado,"2025-03-24 20:43:37","2025-03-27 20:43:37","FAC-002189"
2190,21,"Calcio + Vitamina D x60","Vitaminas y suplementos",6,"Tecnoquímicas S.A",73,entregado,"2024-08-18 15:14:30","2024-08-25 15:14:30","FAC-002190"
2191,22,"Zinc 50mg x30","Vitaminas y suplementos",6,"Tecnoquímicas S.A",37,entregado,"2023-09-07 21:51:02","2023-09-14 21:51:02","FAC-002191"
2192,21,"Calcio + Vitamina D x60","Vitaminas y suplementos",6,"Tecnoquímicas S.A",95,entregado,"2025-02-12 09:44:02","2025-02-19 09:44:02","FAC-002192"
2193,46,"Lubricante Vive Sensitivo 50ml","Lubricantes",9,"Laboratorios Siegfried Colombia S.A",97,entregado,"2023-07-24 00:46:24","2023-08-05 00:46:24","FAC-002193"
2194,40,"Condón Protex x12","Condones",8,"Distribuidora Íntima de Colombia S.A.S",54,entregado,"2024-11-25 01:18:40","2024-12-02 01:18:40","FAC-002194"
2195,38,"Condón Lifestyles Ultra x12","Condones",8,"Distribuidora Íntima de Colombia S.A.S",58,entregado,"2024-01-24 15:40:07","2024-02-08 15:40:07","FAC-002195"
2196,45,"Lubricante Yes OB Natural 80ml","Lubricantes",9,"Laboratorios Siegfried Colombia S.A",29,aceptado,"2024-09-30 07:47:32","",""
2197,9,"Amoxicilina 500mg x21","Antibiótico",5,"Genfar S.A - Grupo Sanofi",55,entregado,"2024-02-05 09:18:26","2024-02-14 09:18:26","FAC-002197"
2198,15,"Cefalexina 500mg x20","Antibiótico",5,"Genfar S.A - Grupo Sanofi",73,entregado,"2023-09-28 21:21:14","2023-10-05 21:21:14","FAC-002198"
2199,42,"Lubricante Íntimo KY 75ml","Lubricantes",9,"Laboratorios Siegfried Colombia S.A",83,en proceso,"2024-07-14 18:04:22","2024-07-29 18:04:22",""
2200,37,"Condón Control Retard x3","Condones",8,"Distribuidora Íntima de Colombia S.A.S",60,aceptado,"2025-09-19 04:51:17","",""
2201,11,"Ciprofloxacino 500mg x10","Antibiótico",5,"Genfar S.A - Grupo Sanofi",98,entregado,"2024-04-28 06:19:08","2024-05-04 06:19:08","FAC-002201"
2202,40,"Condón Protex x12","Condones",8,"Distribuidora Íntima de Colombia S.A.S",58,entregado,"2024-06-09 07:10:36","2024-06-20 07:10:36","FAC-002202"
2203,41,"Lubricante Durex Play 50ml","Lubricantes",9,"Laboratorios Siegfried Colombia S.A",17,entregado,"2025-07-19 13:24:59","2025-08-01 13:24:59","FAC-002203"
2204,22,"Zinc 50mg x30","Vitaminas y suplementos",6,"Tecnoquímicas S.A",23,entregado,"2024-07-25 22:04:35","2024-07-29 22:04:35","FAC-002204"
2205,32,"Gel antibacterial 500ml","Cuidado personal",7,"Bayer S.A Colombia",97,entregado,"2024-11-27 08:00:25","2024-12-04 08:00:25","FAC-002205"
2206,42,"Lubricante Íntimo KY 75ml","Lubricantes",9,"Laboratorios Siegfried Colombia S.A",17,entregado,"2024-09-26 13:22:20","2024-10-08 13:22:20","FAC-002206"
2207,33,"Condón Durex Natural x3","Condones",8,"Distribuidora Íntima de Colombia S.A.S",29,entregado,"2024-12-06 23:01:50","2024-12-13 23:01:50","FAC-002207"
2208,39,"Condón Vive Placer Real x3","Condones",8,"Distribuidora Íntima de Colombia S.A.S",80,entregado,"2025-07-12 08:46:23","2025-07-15 08:46:23","FAC-002208"
2209,27,"Crema hidratante facial 50ml","Cuidado personal",7,"Bayer S.A Colombia",85,entregado,"2023-06-09 20:50:36","2023-06-22 20:50:36","FAC-002209"
2210,31,"Desodorante roll-on 50ml","Cuidado personal",7,"Bayer S.A Colombia",49,en proceso,"2025-06-13 01:25:32","2025-06-20 01:25:32",""
2211,45,"Lubricante Yes OB Natural 80ml","Lubricantes",9,"Laboratorios Siegfried Colombia S.A",60,entregado,"2023-02-16 18:34:54","2023-03-01 18:34:54","FAC-002211"
2212,45,"Lubricante Yes OB Natural 80ml","Lubricantes",9,"Laboratorios Siegfried Colombia S.A",59,aceptado,"2025-08-16 01:13:05","",""
2213,12,"Metronidazol 500mg x14","Antibiótico",5,"Genfar S.A - Grupo Sanofi",30,entregado,"2024-04-14 21:46:08","2024-04-20 21:46:08","FAC-002213"
2214,34,"Condón Durex Extra Fino x3","Condones",8,"Distribuidora Íntima de Colombia S.A.S",42,entregado,"2024-10-11 18:48:52","2024-10-14 18:48:52","FAC-002214"
2215,25,"Protector solar SPF 50 50ml","Cuidado personal",7,"Bayer S.A Colombia",64,aceptado,"2024-03-22 23:00:37","",""
2216,40,"Condón Protex x12","Condones",8,"Distribuidora Íntima de Colombia S.A.S",81,en proceso,"2024-03-06 19:03:39","2024-03-11 19:03:39",""
2217,35,"Condón Condomi Ultra x12","Condones",8,"Distribuidora Íntima de Colombia S.A.S",30,entregado,"2025-12-06 15:46:53","2025-12-12 15:46:53","FAC-002217"
2218,16,"Doxiciclina 100mg x10","Antibiótico",5,"Genfar S.A - Grupo Sanofi",42,aceptado,"2024-10-06 15:08:25","",""
2219,23,"Hierro + Ácido Fólico x30","Vitaminas y suplementos",6,"Tecnoquímicas S.A",62,entregado,"2023-11-03 07:27:47","2023-11-18 07:27:47","FAC-002219"
2220,46,"Lubricante Vive Sensitivo 50ml","Lubricantes",9,"Laboratorios Siegfried Colombia S.A",32,en proceso,"2024-09-24 15:07:20","2024-10-11 15:07:20",""
2221,35,"Condón Condomi Ultra x12","Condones",8,"Distribuidora Íntima de Colombia S.A.S",73,en proceso,"2025-01-09 23:51:04","2025-01-17 23:51:04",""
2222,30,"Crema dental blanqueadora 75ml","Cuidado personal",7,"Bayer S.A Colombia",74,entregado,"2024-06-13 09:22:55","2024-06-22 09:22:55","FAC-002222"
2223,2,"Ibuprofeno 400mg x10","Analgésico",4,"Laboratorios Lafrancol S.A.S",37,aceptado,"2025-04-15 22:05:15","",""
2224,6,"Meloxicam 15mg x10","Analgésico",4,"Laboratorios Lafrancol S.A.S",30,entregado,"2023-02-15 18:18:10","2023-02-25 18:18:10","FAC-002224"
2225,24,"Magnesio 400mg x60","Vitaminas y suplementos",6,"Tecnoquímicas S.A",82,en proceso,"2025-02-17 00:59:28","2025-02-23 00:59:28",""
2226,38,"Condón Lifestyles Ultra x12","Condones",8,"Distribuidora Íntima de Colombia S.A.S",53,aceptado,"2024-03-20 12:50:12","",""
2227,39,"Condón Vive Placer Real x3","Condones",8,"Distribuidora Íntima de Colombia S.A.S",66,entregado,"2024-01-28 20:09:58","2024-02-10 20:09:58","FAC-002227"
2228,40,"Condón Protex x12","Condones",8,"Distribuidora Íntima de Colombia S.A.S",61,entregado,"2024-03-07 17:02:40","2024-03-20 17:02:40","FAC-002228"
2229,12,"Metronidazol 500mg x14","Antibiótico",5,"Genfar S.A - Grupo Sanofi",17,entregado,"2023-07-23 12:04:27","2023-07-27 12:04:27","FAC-002229"
2230,16,"Doxiciclina 100mg x10","Antibiótico",5,"Genfar S.A - Grupo Sanofi",76,entregado,"2023-03-13 21:19:08","2023-03-17 21:19:08","FAC-002230"
2231,47,"Lubricante Prudence Aqua 60ml","Lubricantes",9,"Laboratorios Siegfried Colombia S.A",88,entregado,"2023-05-20 21:11:18","2023-05-27 21:11:18","FAC-002231"
2232,18,"Vitamina D3 2000UI x30","Vitaminas y suplementos",6,"Tecnoquímicas S.A",68,en proceso,"2024-05-07 08:20:11","2024-05-15 08:20:11",""
2233,13,"Clindamicina 300mg x16","Antibiótico",5,"Genfar S.A - Grupo Sanofi",71,entregado,"2024-03-12 17:46:11","2024-03-24 17:46:11","FAC-002233"
2234,41,"Lubricante Durex Play 50ml","Lubricantes",9,"Laboratorios Siegfried Colombia S.A",12,entregado,"2023-06-25 17:14:24","2023-06-29 17:14:24","FAC-002234"
2235,44,"Lubricante Nuei Delay 100ml","Lubricantes",9,"Laboratorios Siegfried Colombia S.A",54,entregado,"2025-11-26 07:25:22","2025-12-10 07:25:22","FAC-002235"
2236,39,"Condón Vive Placer Real x3","Condones",8,"Distribuidora Íntima de Colombia S.A.S",18,en proceso,"2023-07-24 00:58:10","2023-08-02 00:58:10",""
2237,47,"Lubricante Prudence Aqua 60ml","Lubricantes",9,"Laboratorios Siegfried Colombia S.A",76,entregado,"2024-01-19 13:07:27","2024-01-30 13:07:27","FAC-002237"
2238,30,"Crema dental blanqueadora 75ml","Cuidado personal",7,"Bayer S.A Colombia",91,entregado,"2023-03-08 15:07:14","2023-03-11 15:07:14","FAC-002238"
2239,9,"Amoxicilina 500mg x21","Antibiótico",5,"Genfar S.A - Grupo Sanofi",24,aceptado,"2025-07-17 09:24:44","",""
2240,24,"Magnesio 400mg x60","Vitaminas y suplementos",6,"Tecnoquímicas S.A",46,aceptado,"2024-10-17 22:04:00","",""
2241,33,"Condón Durex Natural x3","Condones",8,"Distribuidora Íntima de Colombia S.A.S",46,entregado,"2024-02-05 03:53:44","2024-02-18 03:53:44","FAC-002241"
2242,37,"Condón Control Retard x3","Condones",8,"Distribuidora Íntima de Colombia S.A.S",84,en proceso,"2024-12-31 15:39:50","2025-01-09 15:39:50",""
2243,38,"Condón Lifestyles Ultra x12","Condones",8,"Distribuidora Íntima de Colombia S.A.S",15,entregado,"2025-01-28 15:20:41","2025-02-06 15:20:41","FAC-002243"
2244,26,"Shampoo anticaspa 400ml","Cuidado personal",7,"Bayer S.A Colombia",92,entregado,"2023-10-07 17:31:07","2023-10-15 17:31:07","FAC-002244"
2245,12,"Metronidazol 500mg x14","Antibiótico",5,"Genfar S.A - Grupo Sanofi",69,aceptado,"2023-12-16 01:49:46","",""
2246,15,"Cefalexina 500mg x20","Antibiótico",5,"Genfar S.A - Grupo Sanofi",91,entregado,"2025-12-09 04:46:43","2025-12-22 04:46:43","FAC-002246"
2247,8,"Ketorolaco 10mg x10","Analgésico",4,"Laboratorios Lafrancol S.A.S",27,entregado,"2025-05-22 11:04:06","2025-05-31 11:04:06","FAC-002247"
2248,17,"Vitamina C 1000mg x30","Vitaminas y suplementos",6,"Tecnoquímicas S.A",98,en proceso,"2025-06-01 19:57:48","2025-06-18 19:57:48",""
2249,36,"Condón Prudence Fresa x3","Condones",8,"Distribuidora Íntima de Colombia S.A.S",25,aceptado,"2025-12-21 12:54:56","",""
2250,9,"Amoxicilina 500mg x21","Antibiótico",5,"Genfar S.A - Grupo Sanofi",52,entregado,"2024-02-23 07:48:53","2024-03-09 07:48:53","FAC-002250"
2251,42,"Lubricante Íntimo KY 75ml","Lubricantes",9,"Laboratorios Siegfried Colombia S.A",71,entregado,"2024-11-03 20:41:36","2024-11-10 20:41:36","FAC-002251"
2252,41,"Lubricante Durex Play 50ml","Lubricantes",9,"Laboratorios Siegfried Colombia S.A",26,en proceso,"2023-03-02 19:59:13","2023-03-13 19:59:13",""
2253,4,"Aspirina 100mg x10","Analgésico",4,"Laboratorios Lafrancol S.A.S",82,entregado,"2023-07-02 11:26:14","2023-07-13 11:26:14","FAC-002253"
2254,2,"Ibuprofeno 400mg x10","Analgésico",4,"Laboratorios Lafrancol S.A.S",42,aceptado,"2023-10-05 23:43:14","",""
2255,30,"Crema dental blanqueadora 75ml","Cuidado personal",7,"Bayer S.A Colombia",32,aceptado,"2023-06-09 02:22:04","",""
2256,38,"Condón Lifestyles Ultra x12","Condones",8,"Distribuidora Íntima de Colombia S.A.S",89,entregado,"2023-07-05 19:34:58","2023-07-16 19:34:58","FAC-002256"
2257,42,"Lubricante Íntimo KY 75ml","Lubricantes",9,"Laboratorios Siegfried Colombia S.A",16,en proceso,"2025-09-03 00:19:00","2025-09-12 00:19:00",""
2258,31,"Desodorante roll-on 50ml","Cuidado personal",7,"Bayer S.A Colombia",44,entregado,"2023-06-23 18:59:25","2023-07-07 18:59:25","FAC-002258"
2259,45,"Lubricante Yes OB Natural 80ml","Lubricantes",9,"Laboratorios Siegfried Colombia S.A",62,en proceso,"2025-08-21 20:49:02","2025-09-02 20:49:02",""
2260,21,"Calcio + Vitamina D x60","Vitaminas y suplementos",6,"Tecnoquímicas S.A",18,entregado,"2025-12-04 06:52:18","2025-12-10 06:52:18","FAC-002260"
2261,28,"Jabón antibacterial 250ml","Cuidado personal",7,"Bayer S.A Colombia",86,entregado,"2025-10-06 19:01:45","2025-10-14 19:01:45","FAC-002261"
2262,3,"Naproxeno 500mg x10","Analgésico",4,"Laboratorios Lafrancol S.A.S",12,entregado,"2023-02-23 11:57:58","2023-02-26 11:57:58","FAC-002262"
2263,41,"Lubricante Durex Play 50ml","Lubricantes",9,"Laboratorios Siegfried Colombia S.A",12,entregado,"2023-04-05 18:42:16","2023-04-20 18:42:16","FAC-002263"
2264,33,"Condón Durex Natural x3","Condones",8,"Distribuidora Íntima de Colombia S.A.S",43,entregado,"2023-04-16 21:07:50","2023-04-29 21:07:50","FAC-002264"
2265,19,"Complejo B x30","Vitaminas y suplementos",6,"Tecnoquímicas S.A",45,entregado,"2023-03-29 14:24:35","2023-04-03 14:24:35","FAC-002265"
2266,5,"Diclofenaco 50mg x10","Analgésico",4,"Laboratorios Lafrancol S.A.S",65,entregado,"2023-05-02 08:11:32","2023-05-07 08:11:32","FAC-002266"
2267,9,"Amoxicilina 500mg x21","Antibiótico",5,"Genfar S.A - Grupo Sanofi",44,aceptado,"2024-02-08 10:18:55","",""
2268,10,"Azitromicina 500mg x3","Antibiótico",5,"Genfar S.A - Grupo Sanofi",83,en proceso,"2024-12-21 11:22:04","2024-12-26 11:22:04",""
2269,33,"Condón Durex Natural x3","Condones",8,"Distribuidora Íntima de Colombia S.A.S",38,entregado,"2024-10-15 06:01:05","2024-10-19 06:01:05","FAC-002269"
2270,40,"Condón Protex x12","Condones",8,"Distribuidora Íntima de Colombia S.A.S",20,entregado,"2025-11-12 04:48:59","2025-11-25 04:48:59","FAC-002270"
2271,17,"Vitamina C 1000mg x30","Vitaminas y suplementos",6,"Tecnoquímicas S.A",37,entregado,"2024-12-29 17:52:05","2025-01-02 17:52:05","FAC-002271"
2272,46,"Lubricante Vive Sensitivo 50ml","Lubricantes",9,"Laboratorios Siegfried Colombia S.A",33,entregado,"2023-02-27 10:18:51","2023-03-14 10:18:51","FAC-002272"
2273,44,"Lubricante Nuei Delay 100ml","Lubricantes",9,"Laboratorios Siegfried Colombia S.A",82,entregado,"2023-10-27 03:05:34","2023-10-30 03:05:34","FAC-002273"
2274,12,"Metronidazol 500mg x14","Antibiótico",5,"Genfar S.A - Grupo Sanofi",100,entregado,"2024-12-25 16:12:20","2025-01-08 16:12:20","FAC-002274"
2275,1,"Acetaminofén 500mg x10","Analgésico",4,"Laboratorios Lafrancol S.A.S",60,en proceso,"2023-11-21 09:19:32","2023-11-26 09:19:32",""
2276,16,"Doxiciclina 100mg x10","Antibiótico",5,"Genfar S.A - Grupo Sanofi",89,aceptado,"2025-03-17 18:16:32","",""
2277,39,"Condón Vive Placer Real x3","Condones",8,"Distribuidora Íntima de Colombia S.A.S",42,aceptado,"2023-04-15 21:05:08","",""
2278,6,"Meloxicam 15mg x10","Analgésico",4,"Laboratorios Lafrancol S.A.S",35,entregado,"2025-02-28 15:51:08","2025-03-11 15:51:08","FAC-002278"
2279,19,"Complejo B x30","Vitaminas y suplementos",6,"Tecnoquímicas S.A",67,entregado,"2023-11-01 03:17:58","2023-11-14 03:17:58","FAC-002279"
2280,29,"Hilo dental 50m","Cuidado personal",7,"Bayer S.A Colombia",90,entregado,"2025-06-19 00:35:11","2025-07-02 00:35:11","FAC-002280"
2281,32,"Gel antibacterial 500ml","Cuidado personal",7,"Bayer S.A Colombia",91,entregado,"2024-03-13 16:51:06","2024-03-17 16:51:06","FAC-002281"
2282,28,"Jabón antibacterial 250ml","Cuidado personal",7,"Bayer S.A Colombia",23,entregado,"2023-05-10 00:15:07","2023-05-25 00:15:07","FAC-002282"
2283,37,"Condón Control Retard x3","Condones",8,"Distribuidora Íntima de Colombia S.A.S",56,entregado,"2024-06-28 19:16:59","2024-07-05 19:16:59","FAC-002283"
2284,36,"Condón Prudence Fresa x3","Condones",8,"Distribuidora Íntima de Colombia S.A.S",50,en proceso,"2023-03-27 12:17:29","2023-04-07 12:17:29",""
2285,31,"Desodorante roll-on 50ml","Cuidado personal",7,"Bayer S.A Colombia",63,entregado,"2023-01-06 14:45:11","2023-01-15 14:45:11","FAC-002285"
2286,32,"Gel antibacterial 500ml","Cuidado personal",7,"Bayer S.A Colombia",86,entregado,"2024-12-21 04:36:39","2025-01-04 04:36:39","FAC-002286"
2287,21,"Calcio + Vitamina D x60","Vitaminas y suplementos",6,"Tecnoquímicas S.A",33,en proceso,"2025-10-04 03:22:23","2025-10-16 03:22:23",""
2288,25,"Protector solar SPF 50 50ml","Cuidado personal",7,"Bayer S.A Colombia",36,entregado,"2023-01-22 01:04:17","2023-02-04 01:04:17","FAC-002288"
2289,47,"Lubricante Prudence Aqua 60ml","Lubricantes",9,"Laboratorios Siegfried Colombia S.A",14,entregado,"2024-08-02 22:38:55","2024-08-17 22:38:55","FAC-002289"
2290,33,"Condón Durex Natural x3","Condones",8,"Distribuidora Íntima de Colombia S.A.S",62,entregado,"2023-03-04 17:25:14","2023-03-10 17:25:14","FAC-002290"
2291,45,"Lubricante Yes OB Natural 80ml","Lubricantes",9,"Laboratorios Siegfried Colombia S.A",91,entregado,"2024-04-30 23:26:03","2024-05-09 23:26:03","FAC-002291"
2292,35,"Condón Condomi Ultra x12","Condones",8,"Distribuidora Íntima de Colombia S.A.S",74,aceptado,"2023-09-01 15:25:23","",""
2293,42,"Lubricante Íntimo KY 75ml","Lubricantes",9,"Laboratorios Siegfried Colombia S.A",18,en proceso,"2024-11-04 02:34:19","2024-11-22 02:34:19",""
2294,9,"Amoxicilina 500mg x21","Antibiótico",5,"Genfar S.A - Grupo Sanofi",54,entregado,"2025-05-17 01:20:30","2025-05-25 01:20:30","FAC-002294"
2295,21,"Calcio + Vitamina D x60","Vitaminas y suplementos",6,"Tecnoquímicas S.A",42,entregado,"2023-06-23 22:41:08","2023-07-03 22:41:08","FAC-002295"
2296,22,"Zinc 50mg x30","Vitaminas y suplementos",6,"Tecnoquímicas S.A",76,en proceso,"2023-04-02 04:06:00","2023-04-20 04:06:00",""
2297,27,"Crema hidratante facial 50ml","Cuidado personal",7,"Bayer S.A Colombia",14,entregado,"2023-08-05 16:33:49","2023-08-19 16:33:49","FAC-002297"
2298,39,"Condón Vive Placer Real x3","Condones",8,"Distribuidora Íntima de Colombia S.A.S",32,entregado,"2023-02-14 22:22:06","2023-02-26 22:22:06","FAC-002298"
2299,27,"Crema hidratante facial 50ml","Cuidado personal",7,"Bayer S.A Colombia",42,en proceso,"2023-02-17 16:00:41","2023-03-04 16:00:41",""
2300,20,"Omega 3 1000mg x30","Vitaminas y suplementos",6,"Tecnoquímicas S.A",77,entregado,"2024-07-15 16:32:53","2024-07-19 16:32:53","FAC-002300"
2301,1,"Acetaminofén 500mg x10","Analgésico",4,"Laboratorios Lafrancol S.A.S",69,entregado,"2023-06-06 08:25:44","2023-06-16 08:25:44","FAC-002301"
2302,1,"Acetaminofén 500mg x10","Analgésico",4,"Laboratorios Lafrancol S.A.S",96,entregado,"2023-08-24 02:30:44","2023-08-27 02:30:44","FAC-002302"
2303,3,"Naproxeno 500mg x10","Analgésico",4,"Laboratorios Lafrancol S.A.S",46,aceptado,"2024-11-06 14:43:26","",""
2304,25,"Protector solar SPF 50 50ml","Cuidado personal",7,"Bayer S.A Colombia",29,entregado,"2023-01-14 04:41:25","2023-01-21 04:41:25","FAC-002304"
2305,6,"Meloxicam 15mg x10","Analgésico",4,"Laboratorios Lafrancol S.A.S",37,aceptado,"2024-07-15 00:43:29","",""
2306,15,"Cefalexina 500mg x20","Antibiótico",5,"Genfar S.A - Grupo Sanofi",74,en proceso,"2024-07-06 22:57:36","2024-07-16 22:57:36",""
2307,4,"Aspirina 100mg x10","Analgésico",4,"Laboratorios Lafrancol S.A.S",28,entregado,"2024-06-06 20:40:54","2024-06-18 20:40:54","FAC-002307"
2308,43,"Lubricante Pjur Original 30ml","Lubricantes",9,"Laboratorios Siegfried Colombia S.A",16,entregado,"2025-01-26 10:47:09","2025-02-02 10:47:09","FAC-002308"
2309,3,"Naproxeno 500mg x10","Analgésico",4,"Laboratorios Lafrancol S.A.S",34,en proceso,"2023-06-30 12:06:09","2023-07-16 12:06:09",""
2310,41,"Lubricante Durex Play 50ml","Lubricantes",9,"Laboratorios Siegfried Colombia S.A",93,entregado,"2025-10-05 08:34:49","2025-10-10 08:34:49","FAC-002310"
2311,7,"Tramadol 50mg x10","Analgésico",4,"Laboratorios Lafrancol S.A.S",66,entregado,"2023-04-18 00:15:25","2023-04-27 00:15:25","FAC-002311"
2312,16,"Doxiciclina 100mg x10","Antibiótico",5,"Genfar S.A - Grupo Sanofi",86,entregado,"2025-07-17 10:04:28","2025-07-20 10:04:28","FAC-002312"
2313,35,"Condón Condomi Ultra x12","Condones",8,"Distribuidora Íntima de Colombia S.A.S",25,en proceso,"2023-02-08 08:17:49","2023-02-18 08:17:49",""
2314,23,"Hierro + Ácido Fólico x30","Vitaminas y suplementos",6,"Tecnoquímicas S.A",70,entregado,"2023-03-02 08:20:58","2023-03-13 08:20:58","FAC-002314"
2315,37,"Condón Control Retard x3","Condones",8,"Distribuidora Íntima de Colombia S.A.S",86,en proceso,"2024-12-22 12:20:06","2025-01-09 12:20:06",""
2316,46,"Lubricante Vive Sensitivo 50ml","Lubricantes",9,"Laboratorios Siegfried Colombia S.A",56,entregado,"2023-05-23 03:02:11","2023-06-05 03:02:11","FAC-002316"
2317,36,"Condón Prudence Fresa x3","Condones",8,"Distribuidora Íntima de Colombia S.A.S",70,en proceso,"2025-07-18 03:54:32","2025-08-02 03:54:32",""
2318,1,"Acetaminofén 500mg x10","Analgésico",4,"Laboratorios Lafrancol S.A.S",47,entregado,"2023-10-16 03:02:09","2023-10-21 03:02:09","FAC-002318"
2319,46,"Lubricante Vive Sensitivo 50ml","Lubricantes",9,"Laboratorios Siegfried Colombia S.A",16,aceptado,"2024-06-03 02:18:56","",""
2320,39,"Condón Vive Placer Real x3","Condones",8,"Distribuidora Íntima de Colombia S.A.S",72,aceptado,"2023-05-04 04:11:40","",""
2321,6,"Meloxicam 15mg x10","Analgésico",4,"Laboratorios Lafrancol S.A.S",74,entregado,"2023-11-17 01:36:28","2023-11-24 01:36:28","FAC-002321"
2322,28,"Jabón antibacterial 250ml","Cuidado personal",7,"Bayer S.A Colombia",42,entregado,"2025-02-02 01:14:25","2025-02-13 01:14:25","FAC-002322"
2323,45,"Lubricante Yes OB Natural 80ml","Lubricantes",9,"Laboratorios Siegfried Colombia S.A",28,entregado,"2024-01-25 12:20:54","2024-02-07 12:20:54","FAC-002323"
2324,27,"Crema hidratante facial 50ml","Cuidado personal",7,"Bayer S.A Colombia",12,entregado,"2023-03-20 14:28:41","2023-04-02 14:28:41","FAC-002324"
2325,10,"Azitromicina 500mg x3","Antibiótico",5,"Genfar S.A - Grupo Sanofi",53,aceptado,"2025-11-29 16:44:56","",""
2326,21,"Calcio + Vitamina D x60","Vitaminas y suplementos",6,"Tecnoquímicas S.A",63,en proceso,"2024-06-12 20:58:54","2024-06-24 20:58:54",""
2327,47,"Lubricante Prudence Aqua 60ml","Lubricantes",9,"Laboratorios Siegfried Colombia S.A",64,entregado,"2024-08-25 11:38:22","2024-09-07 11:38:22","FAC-002327"
2328,16,"Doxiciclina 100mg x10","Antibiótico",5,"Genfar S.A - Grupo Sanofi",14,entregado,"2024-02-23 11:20:53","2024-02-29 11:20:53","FAC-002328"
2329,20,"Omega 3 1000mg x30","Vitaminas y suplementos",6,"Tecnoquímicas S.A",89,en proceso,"2024-05-29 18:04:47","2024-06-11 18:04:47",""
2330,47,"Lubricante Prudence Aqua 60ml","Lubricantes",9,"Laboratorios Siegfried Colombia S.A",64,entregado,"2025-10-27 06:16:27","2025-10-30 06:16:27","FAC-002330"
2331,19,"Complejo B x30","Vitaminas y suplementos",6,"Tecnoquímicas S.A",18,entregado,"2023-05-27 13:46:02","2023-06-06 13:46:02","FAC-002331"
2332,48,"Lubricante Control Aqua 75ml","Lubricantes",9,"Laboratorios Siegfried Colombia S.A",55,entregado,"2023-12-18 18:38:52","2023-12-22 18:38:52","FAC-002332"
2333,43,"Lubricante Pjur Original 30ml","Lubricantes",9,"Laboratorios Siegfried Colombia S.A",24,aceptado,"2023-06-08 09:49:14","",""
2334,24,"Magnesio 400mg x60","Vitaminas y suplementos",6,"Tecnoquímicas S.A",61,entregado,"2025-12-27 06:01:59","2025-12-30 06:01:59","FAC-002334"
2335,36,"Condón Prudence Fresa x3","Condones",8,"Distribuidora Íntima de Colombia S.A.S",21,entregado,"2025-02-27 09:19:58","2025-03-08 09:19:58","FAC-002335"
2336,34,"Condón Durex Extra Fino x3","Condones",8,"Distribuidora Íntima de Colombia S.A.S",41,entregado,"2025-11-28 11:47:32","2025-12-13 11:47:32","FAC-002336"
2337,30,"Crema dental blanqueadora 75ml","Cuidado personal",7,"Bayer S.A Colombia",41,entregado,"2025-05-14 16:55:13","2025-05-24 16:55:13","FAC-002337"
2338,14,"Claritromicina 500mg x14","Antibiótico",5,"Genfar S.A - Grupo Sanofi",52,entregado,"2023-01-08 22:03:39","2023-01-17 22:03:39","FAC-002338"
2339,32,"Gel antibacterial 500ml","Cuidado personal",7,"Bayer S.A Colombia",95,en proceso,"2023-05-12 00:09:00","2023-05-28 00:09:00",""
2340,6,"Meloxicam 15mg x10","Analgésico",4,"Laboratorios Lafrancol S.A.S",58,aceptado,"2023-08-23 18:46:54","",""
2341,21,"Calcio + Vitamina D x60","Vitaminas y suplementos",6,"Tecnoquímicas S.A",63,entregado,"2023-11-28 17:22:26","2023-12-06 17:22:26","FAC-002341"
2342,30,"Crema dental blanqueadora 75ml","Cuidado personal",7,"Bayer S.A Colombia",39,entregado,"2024-05-09 01:14:53","2024-05-17 01:14:53","FAC-002342"
2343,33,"Condón Durex Natural x3","Condones",8,"Distribuidora Íntima de Colombia S.A.S",98,entregado,"2023-09-12 21:45:12","2023-09-22 21:45:12","FAC-002343"
2344,28,"Jabón antibacterial 250ml","Cuidado personal",7,"Bayer S.A Colombia",37,en proceso,"2024-07-03 21:40:09","2024-07-23 21:40:09",""
2345,28,"Jabón antibacterial 250ml","Cuidado personal",7,"Bayer S.A Colombia",27,entregado,"2024-08-20 21:25:16","2024-09-01 21:25:16","FAC-002345"
2346,41,"Lubricante Durex Play 50ml","Lubricantes",9,"Laboratorios Siegfried Colombia S.A",69,entregado,"2025-06-02 17:54:15","2025-06-09 17:54:15","FAC-002346"
2347,38,"Condón Lifestyles Ultra x12","Condones",8,"Distribuidora Íntima de Colombia S.A.S",92,entregado,"2024-10-20 20:02:02","2024-11-04 20:02:02","FAC-002347"
2348,26,"Shampoo anticaspa 400ml","Cuidado personal",7,"Bayer S.A Colombia",91,en proceso,"2024-06-20 10:15:50","2024-06-26 10:15:50",""
2349,42,"Lubricante Íntimo KY 75ml","Lubricantes",9,"Laboratorios Siegfried Colombia S.A",41,entregado,"2025-12-07 06:07:20","2025-12-15 06:07:20","FAC-002349"
2350,26,"Shampoo anticaspa 400ml","Cuidado personal",7,"Bayer S.A Colombia",76,entregado,"2025-12-27 06:21:23","2026-01-11 06:21:23","FAC-002350"
2351,1,"Acetaminofén 500mg x10","Analgésico",4,"Laboratorios Lafrancol S.A.S",32,en proceso,"2025-04-25 20:21:28","2025-05-07 20:21:28",""
2352,10,"Azitromicina 500mg x3","Antibiótico",5,"Genfar S.A - Grupo Sanofi",74,en proceso,"2025-04-09 12:46:35","2025-04-14 12:46:35",""
2353,48,"Lubricante Control Aqua 75ml","Lubricantes",9,"Laboratorios Siegfried Colombia S.A",27,en proceso,"2025-05-24 01:20:30","2025-05-29 01:20:30",""
2354,14,"Claritromicina 500mg x14","Antibiótico",5,"Genfar S.A - Grupo Sanofi",25,en proceso,"2025-01-25 13:05:03","2025-02-02 13:05:03",""
2355,7,"Tramadol 50mg x10","Analgésico",4,"Laboratorios Lafrancol S.A.S",32,aceptado,"2024-10-14 20:49:25","",""
2356,31,"Desodorante roll-on 50ml","Cuidado personal",7,"Bayer S.A Colombia",79,en proceso,"2023-02-18 05:52:15","2023-03-01 05:52:15",""
2357,11,"Ciprofloxacino 500mg x10","Antibiótico",5,"Genfar S.A - Grupo Sanofi",70,aceptado,"2023-12-21 03:04:22","",""
2358,17,"Vitamina C 1000mg x30","Vitaminas y suplementos",6,"Tecnoquímicas S.A",92,en proceso,"2023-06-23 13:47:24","2023-07-05 13:47:24",""
2359,10,"Azitromicina 500mg x3","Antibiótico",5,"Genfar S.A - Grupo Sanofi",26,entregado,"2025-04-13 19:06:38","2025-04-19 19:06:38","FAC-002359"
2360,18,"Vitamina D3 2000UI x30","Vitaminas y suplementos",6,"Tecnoquímicas S.A",99,entregado,"2024-02-27 22:18:30","2024-03-11 22:18:30","FAC-002360"
2361,11,"Ciprofloxacino 500mg x10","Antibiótico",5,"Genfar S.A - Grupo Sanofi",26,entregado,"2023-08-19 10:36:29","2023-08-22 10:36:29","FAC-002361"
2362,10,"Azitromicina 500mg x3","Antibiótico",5,"Genfar S.A - Grupo Sanofi",36,entregado,"2025-05-17 00:13:13","2025-05-26 00:13:13","FAC-002362"
2363,30,"Crema dental blanqueadora 75ml","Cuidado personal",7,"Bayer S.A Colombia",10,aceptado,"2024-02-19 15:58:56","",""
2364,47,"Lubricante Prudence Aqua 60ml","Lubricantes",9,"Laboratorios Siegfried Colombia S.A",94,entregado,"2023-08-13 19:11:34","2023-08-21 19:11:34","FAC-002364"
2365,4,"Aspirina 100mg x10","Analgésico",4,"Laboratorios Lafrancol S.A.S",47,entregado,"2025-12-04 08:21:16","2025-12-08 08:21:16","FAC-002365"
2366,37,"Condón Control Retard x3","Condones",8,"Distribuidora Íntima de Colombia S.A.S",21,entregado,"2024-04-02 15:09:22","2024-04-05 15:09:22","FAC-002366"
2367,32,"Gel antibacterial 500ml","Cuidado personal",7,"Bayer S.A Colombia",62,aceptado,"2025-06-28 19:23:49","",""
2368,37,"Condón Control Retard x3","Condones",8,"Distribuidora Íntima de Colombia S.A.S",22,en proceso,"2024-05-22 18:29:51","2024-05-29 18:29:51",""
2369,43,"Lubricante Pjur Original 30ml","Lubricantes",9,"Laboratorios Siegfried Colombia S.A",96,entregado,"2025-07-29 18:03:17","2025-08-08 18:03:17","FAC-002369"
2370,46,"Lubricante Vive Sensitivo 50ml","Lubricantes",9,"Laboratorios Siegfried Colombia S.A",97,entregado,"2025-04-28 09:39:39","2025-05-07 09:39:39","FAC-002370"
2371,37,"Condón Control Retard x3","Condones",8,"Distribuidora Íntima de Colombia S.A.S",48,en proceso,"2025-09-09 20:03:33","2025-09-14 20:03:33",""
2372,5,"Diclofenaco 50mg x10","Analgésico",4,"Laboratorios Lafrancol S.A.S",91,entregado,"2024-05-17 18:15:55","2024-05-30 18:15:55","FAC-002372"
2373,14,"Claritromicina 500mg x14","Antibiótico",5,"Genfar S.A - Grupo Sanofi",66,aceptado,"2025-06-09 04:54:39","",""
2374,45,"Lubricante Yes OB Natural 80ml","Lubricantes",9,"Laboratorios Siegfried Colombia S.A",52,entregado,"2025-12-01 08:02:13","2025-12-16 08:02:13","FAC-002374"
2375,33,"Condón Durex Natural x3","Condones",8,"Distribuidora Íntima de Colombia S.A.S",74,aceptado,"2025-10-19 03:40:49","",""
2376,1,"Acetaminofén 500mg x10","Analgésico",4,"Laboratorios Lafrancol S.A.S",96,entregado,"2023-04-29 19:08:27","2023-05-03 19:08:27","FAC-002376"
2377,48,"Lubricante Control Aqua 75ml","Lubricantes",9,"Laboratorios Siegfried Colombia S.A",36,en proceso,"2023-09-14 06:24:09","2023-09-23 06:24:09",""
2378,48,"Lubricante Control Aqua 75ml","Lubricantes",9,"Laboratorios Siegfried Colombia S.A",18,entregado,"2024-03-18 06:48:24","2024-04-01 06:48:24","FAC-002378"
2379,30,"Crema dental blanqueadora 75ml","Cuidado personal",7,"Bayer S.A Colombia",42,aceptado,"2024-03-29 02:45:05","",""
2380,32,"Gel antibacterial 500ml","Cuidado personal",7,"Bayer S.A Colombia",29,entregado,"2023-01-04 13:53:56","2023-01-08 13:53:56","FAC-002380"
2381,14,"Claritromicina 500mg x14","Antibiótico",5,"Genfar S.A - Grupo Sanofi",22,entregado,"2023-08-03 02:49:04","2023-08-12 02:49:04","FAC-002381"
2382,1,"Acetaminofén 500mg x10","Analgésico",4,"Laboratorios Lafrancol S.A.S",59,entregado,"2025-01-21 03:49:54","2025-02-04 03:49:54","FAC-002382"
2383,41,"Lubricante Durex Play 50ml","Lubricantes",9,"Laboratorios Siegfried Colombia S.A",93,entregado,"2023-11-20 13:10:40","2023-11-27 13:10:40","FAC-002383"
2384,28,"Jabón antibacterial 250ml","Cuidado personal",7,"Bayer S.A Colombia",97,entregado,"2023-06-10 04:28:26","2023-06-20 04:28:26","FAC-002384"
2385,44,"Lubricante Nuei Delay 100ml","Lubricantes",9,"Laboratorios Siegfried Colombia S.A",63,en proceso,"2024-10-11 05:18:48","2024-10-24 05:18:48",""
2386,2,"Ibuprofeno 400mg x10","Analgésico",4,"Laboratorios Lafrancol S.A.S",82,entregado,"2024-05-12 19:12:24","2024-05-25 19:12:24","FAC-002386"
2387,19,"Complejo B x30","Vitaminas y suplementos",6,"Tecnoquímicas S.A",87,entregado,"2023-09-24 12:24:02","2023-09-28 12:24:02","FAC-002387"
2388,21,"Calcio + Vitamina D x60","Vitaminas y suplementos",6,"Tecnoquímicas S.A",96,entregado,"2024-05-10 14:57:12","2024-05-17 14:57:12","FAC-002388"
2389,40,"Condón Protex x12","Condones",8,"Distribuidora Íntima de Colombia S.A.S",61,en proceso,"2023-10-28 16:07:40","2023-11-11 16:07:40",""
2390,27,"Crema hidratante facial 50ml","Cuidado personal",7,"Bayer S.A Colombia",79,aceptado,"2025-04-05 21:33:15","",""
2391,46,"Lubricante Vive Sensitivo 50ml","Lubricantes",9,"Laboratorios Siegfried Colombia S.A",81,entregado,"2025-02-02 19:12:09","2025-02-11 19:12:09","FAC-002391"
2392,43,"Lubricante Pjur Original 30ml","Lubricantes",9,"Laboratorios Siegfried Colombia S.A",50,en proceso,"2024-01-06 06:06:06","2024-01-25 06:06:06",""
2393,27,"Crema hidratante facial 50ml","Cuidado personal",7,"Bayer S.A Colombia",47,aceptado,"2023-08-27 04:05:22","",""
2394,38,"Condón Lifestyles Ultra x12","Condones",8,"Distribuidora Íntima de Colombia S.A.S",59,entregado,"2023-12-26 23:06:56","2024-01-10 23:06:56","FAC-002394"
2395,6,"Meloxicam 15mg x10","Analgésico",4,"Laboratorios Lafrancol S.A.S",43,en proceso,"2024-12-17 19:34:46","2024-12-31 19:34:46",""
2396,34,"Condón Durex Extra Fino x3","Condones",8,"Distribuidora Íntima de Colombia S.A.S",59,en proceso,"2023-11-17 13:15:33","2023-12-04 13:15:33",""
2397,16,"Doxiciclina 100mg x10","Antibiótico",5,"Genfar S.A - Grupo Sanofi",23,entregado,"2024-05-22 21:47:01","2024-05-28 21:47:01","FAC-002397"
2398,39,"Condón Vive Placer Real x3","Condones",8,"Distribuidora Íntima de Colombia S.A.S",92,aceptado,"2024-03-25 02:02:26","",""
2399,5,"Diclofenaco 50mg x10","Analgésico",4,"Laboratorios Lafrancol S.A.S",63,entregado,"2023-11-04 19:54:33","2023-11-07 19:54:33","FAC-002399"
2400,27,"Crema hidratante facial 50ml","Cuidado personal",7,"Bayer S.A Colombia",54,entregado,"2023-08-19 01:02:18","2023-08-22 01:02:18","FAC-002400"
2401,17,"Vitamina C 1000mg x30","Vitaminas y suplementos",6,"Tecnoquímicas S.A",74,entregado,"2024-08-04 07:00:28","2024-08-16 07:00:28","FAC-002401"
2402,24,"Magnesio 400mg x60","Vitaminas y suplementos",6,"Tecnoquímicas S.A",53,entregado,"2024-07-23 20:41:28","2024-07-31 20:41:28","FAC-002402"
2403,45,"Lubricante Yes OB Natural 80ml","Lubricantes",9,"Laboratorios Siegfried Colombia S.A",56,en proceso,"2024-03-25 04:47:28","2024-04-11 04:47:28",""
2404,29,"Hilo dental 50m","Cuidado personal",7,"Bayer S.A Colombia",34,entregado,"2023-01-17 20:19:11","2023-01-29 20:19:11","FAC-002404"
2405,13,"Clindamicina 300mg x16","Antibiótico",5,"Genfar S.A - Grupo Sanofi",95,aceptado,"2025-06-24 16:40:45","",""
2406,7,"Tramadol 50mg x10","Analgésico",4,"Laboratorios Lafrancol S.A.S",38,en proceso,"2025-04-07 03:08:55","2025-04-25 03:08:55",""
2407,24,"Magnesio 400mg x60","Vitaminas y suplementos",6,"Tecnoquímicas S.A",65,aceptado,"2025-05-30 17:48:35","",""
2408,30,"Crema dental blanqueadora 75ml","Cuidado personal",7,"Bayer S.A Colombia",13,en proceso,"2024-01-06 04:49:37","2024-01-14 04:49:37",""
2409,18,"Vitamina D3 2000UI x30","Vitaminas y suplementos",6,"Tecnoquímicas S.A",75,entregado,"2024-07-24 19:53:47","2024-08-06 19:53:47","FAC-002409"
2410,40,"Condón Protex x12","Condones",8,"Distribuidora Íntima de Colombia S.A.S",36,entregado,"2023-10-01 08:09:18","2023-10-16 08:09:18","FAC-002410"
2411,33,"Condón Durex Natural x3","Condones",8,"Distribuidora Íntima de Colombia S.A.S",23,en proceso,"2024-03-08 05:42:59","2024-03-14 05:42:59",""
2412,8,"Ketorolaco 10mg x10","Analgésico",4,"Laboratorios Lafrancol S.A.S",81,entregado,"2024-05-03 02:31:43","2024-05-18 02:31:43","FAC-002412"
2413,8,"Ketorolaco 10mg x10","Analgésico",4,"Laboratorios Lafrancol S.A.S",31,aceptado,"2023-06-27 01:25:58","",""
2414,9,"Amoxicilina 500mg x21","Antibiótico",5,"Genfar S.A - Grupo Sanofi",15,entregado,"2024-02-04 22:47:47","2024-02-07 22:47:47","FAC-002414"
2415,1,"Acetaminofén 500mg x10","Analgésico",4,"Laboratorios Lafrancol S.A.S",84,entregado,"2025-06-03 10:29:49","2025-06-18 10:29:49","FAC-002415"
2416,41,"Lubricante Durex Play 50ml","Lubricantes",9,"Laboratorios Siegfried Colombia S.A",20,entregado,"2024-04-18 01:18:20","2024-04-29 01:18:20","FAC-002416"
2417,41,"Lubricante Durex Play 50ml","Lubricantes",9,"Laboratorios Siegfried Colombia S.A",34,entregado,"2025-08-10 09:50:16","2025-08-17 09:50:16","FAC-002417"
2418,41,"Lubricante Durex Play 50ml","Lubricantes",9,"Laboratorios Siegfried Colombia S.A",67,en proceso,"2024-12-15 19:21:30","2024-12-22 19:21:30",""
2419,28,"Jabón antibacterial 250ml","Cuidado personal",7,"Bayer S.A Colombia",85,entregado,"2025-06-25 17:37:58","2025-07-09 17:37:58","FAC-002419"
2420,21,"Calcio + Vitamina D x60","Vitaminas y suplementos",6,"Tecnoquímicas S.A",38,entregado,"2024-04-30 05:48:16","2024-05-03 05:48:16","FAC-002420"
2421,3,"Naproxeno 500mg x10","Analgésico",4,"Laboratorios Lafrancol S.A.S",53,entregado,"2024-04-29 21:14:07","2024-05-07 21:14:07","FAC-002421"
2422,38,"Condón Lifestyles Ultra x12","Condones",8,"Distribuidora Íntima de Colombia S.A.S",47,entregado,"2024-09-04 16:33:26","2024-09-15 16:33:26","FAC-002422"
2423,8,"Ketorolaco 10mg x10","Analgésico",4,"Laboratorios Lafrancol S.A.S",77,entregado,"2025-04-03 15:21:32","2025-04-16 15:21:32","FAC-002423"
2424,25,"Protector solar SPF 50 50ml","Cuidado personal",7,"Bayer S.A Colombia",61,entregado,"2023-07-27 23:39:05","2023-07-31 23:39:05","FAC-002424"
2425,8,"Ketorolaco 10mg x10","Analgésico",4,"Laboratorios Lafrancol S.A.S",71,entregado,"2024-02-12 07:17:50","2024-02-20 07:17:50","FAC-002425"
2426,32,"Gel antibacterial 500ml","Cuidado personal",7,"Bayer S.A Colombia",59,entregado,"2024-05-02 06:47:15","2024-05-08 06:47:15","FAC-002426"
2427,1,"Acetaminofén 500mg x10","Analgésico",4,"Laboratorios Lafrancol S.A.S",21,en proceso,"2024-04-13 06:03:12","2024-04-27 06:03:12",""
2428,40,"Condón Protex x12","Condones",8,"Distribuidora Íntima de Colombia S.A.S",23,en proceso,"2024-10-27 14:05:35","2024-11-13 14:05:35",""
2429,43,"Lubricante Pjur Original 30ml","Lubricantes",9,"Laboratorios Siegfried Colombia S.A",90,aceptado,"2025-07-01 06:33:36","",""
2430,48,"Lubricante Control Aqua 75ml","Lubricantes",9,"Laboratorios Siegfried Colombia S.A",64,entregado,"2024-01-24 16:21:53","2024-01-27 16:21:53","FAC-002430"
2431,43,"Lubricante Pjur Original 30ml","Lubricantes",9,"Laboratorios Siegfried Colombia S.A",70,en proceso,"2024-04-21 02:54:03","2024-05-10 02:54:03",""
2432,8,"Ketorolaco 10mg x10","Analgésico",4,"Laboratorios Lafrancol S.A.S",85,en proceso,"2024-01-06 01:36:41","2024-01-22 01:36:41",""
2433,2,"Ibuprofeno 400mg x10","Analgésico",4,"Laboratorios Lafrancol S.A.S",51,entregado,"2025-04-03 17:09:18","2025-04-15 17:09:18","FAC-002433"
2434,18,"Vitamina D3 2000UI x30","Vitaminas y suplementos",6,"Tecnoquímicas S.A",16,entregado,"2023-06-23 03:53:19","2023-06-27 03:53:19","FAC-002434"
2435,47,"Lubricante Prudence Aqua 60ml","Lubricantes",9,"Laboratorios Siegfried Colombia S.A",10,aceptado,"2024-11-18 16:49:53","",""
2436,32,"Gel antibacterial 500ml","Cuidado personal",7,"Bayer S.A Colombia",73,entregado,"2023-09-02 11:03:05","2023-09-10 11:03:05","FAC-002436"
2437,46,"Lubricante Vive Sensitivo 50ml","Lubricantes",9,"Laboratorios Siegfried Colombia S.A",35,entregado,"2025-11-10 21:58:05","2025-11-17 21:58:05","FAC-002437"
2438,48,"Lubricante Control Aqua 75ml","Lubricantes",9,"Laboratorios Siegfried Colombia S.A",40,entregado,"2025-11-22 02:32:18","2025-12-04 02:32:18","FAC-002438"
2439,25,"Protector solar SPF 50 50ml","Cuidado personal",7,"Bayer S.A Colombia",10,aceptado,"2023-04-03 09:41:59","",""
2440,26,"Shampoo anticaspa 400ml","Cuidado personal",7,"Bayer S.A Colombia",32,entregado,"2025-04-28 13:33:52","2025-05-06 13:33:52","FAC-002440"
2441,8,"Ketorolaco 10mg x10","Analgésico",4,"Laboratorios Lafrancol S.A.S",16,entregado,"2024-05-02 20:31:54","2024-05-05 20:31:54","FAC-002441"
2442,25,"Protector solar SPF 50 50ml","Cuidado personal",7,"Bayer S.A Colombia",48,aceptado,"2023-07-01 23:37:46","",""
2443,23,"Hierro + Ácido Fólico x30","Vitaminas y suplementos",6,"Tecnoquímicas S.A",82,entregado,"2023-05-26 12:03:17","2023-05-30 12:03:17","FAC-002443"
2444,48,"Lubricante Control Aqua 75ml","Lubricantes",9,"Laboratorios Siegfried Colombia S.A",94,en proceso,"2024-01-23 08:11:21","2024-02-02 08:11:21",""
2445,46,"Lubricante Vive Sensitivo 50ml","Lubricantes",9,"Laboratorios Siegfried Colombia S.A",27,en proceso,"2025-06-16 23:33:34","2025-07-05 23:33:34",""
2446,45,"Lubricante Yes OB Natural 80ml","Lubricantes",9,"Laboratorios Siegfried Colombia S.A",91,aceptado,"2025-03-21 20:58:45","",""
2447,30,"Crema dental blanqueadora 75ml","Cuidado personal",7,"Bayer S.A Colombia",52,entregado,"2025-09-23 02:25:37","2025-09-27 02:25:37","FAC-002447"
2448,30,"Crema dental blanqueadora 75ml","Cuidado personal",7,"Bayer S.A Colombia",95,entregado,"2024-11-21 19:17:13","2024-11-28 19:17:13","FAC-002448"
2449,29,"Hilo dental 50m","Cuidado personal",7,"Bayer S.A Colombia",86,en proceso,"2023-11-17 17:01:27","2023-11-29 17:01:27",""
2450,15,"Cefalexina 500mg x20","Antibiótico",5,"Genfar S.A - Grupo Sanofi",57,aceptado,"2025-01-25 05:54:40","",""
2451,4,"Aspirina 100mg x10","Analgésico",4,"Laboratorios Lafrancol S.A.S",51,en proceso,"2025-10-12 00:00:34","2025-10-19 00:00:34",""
2452,11,"Ciprofloxacino 500mg x10","Antibiótico",5,"Genfar S.A - Grupo Sanofi",43,entregado,"2023-07-15 20:11:43","2023-07-27 20:11:43","FAC-002452"
2453,48,"Lubricante Control Aqua 75ml","Lubricantes",9,"Laboratorios Siegfried Colombia S.A",15,en proceso,"2024-12-15 06:29:39","2025-01-01 06:29:39",""
2454,17,"Vitamina C 1000mg x30","Vitaminas y suplementos",6,"Tecnoquímicas S.A",13,entregado,"2024-10-19 07:25:57","2024-11-02 07:25:57","FAC-002454"
2455,19,"Complejo B x30","Vitaminas y suplementos",6,"Tecnoquímicas S.A",54,en proceso,"2023-04-08 00:40:33","2023-04-27 00:40:33",""
2456,4,"Aspirina 100mg x10","Analgésico",4,"Laboratorios Lafrancol S.A.S",92,aceptado,"2025-10-21 18:45:08","",""
2457,46,"Lubricante Vive Sensitivo 50ml","Lubricantes",9,"Laboratorios Siegfried Colombia S.A",87,entregado,"2025-01-28 12:25:22","2025-02-09 12:25:22","FAC-002457"
2458,40,"Condón Protex x12","Condones",8,"Distribuidora Íntima de Colombia S.A.S",31,aceptado,"2025-04-01 11:51:43","",""
2459,4,"Aspirina 100mg x10","Analgésico",4,"Laboratorios Lafrancol S.A.S",100,entregado,"2023-08-27 14:58:29","2023-09-01 14:58:29","FAC-002459"
2460,21,"Calcio + Vitamina D x60","Vitaminas y suplementos",6,"Tecnoquímicas S.A",90,entregado,"2024-11-24 01:43:39","2024-12-06 01:43:39","FAC-002460"
2461,23,"Hierro + Ácido Fólico x30","Vitaminas y suplementos",6,"Tecnoquímicas S.A",16,entregado,"2025-09-20 12:44:48","2025-10-03 12:44:48","FAC-002461"
2462,12,"Metronidazol 500mg x14","Antibiótico",5,"Genfar S.A - Grupo Sanofi",38,entregado,"2025-01-23 11:55:30","2025-01-26 11:55:30","FAC-002462"
2463,14,"Claritromicina 500mg x14","Antibiótico",5,"Genfar S.A - Grupo Sanofi",78,entregado,"2023-05-24 10:29:56","2023-05-29 10:29:56","FAC-002463"
2464,35,"Condón Condomi Ultra x12","Condones",8,"Distribuidora Íntima de Colombia S.A.S",51,aceptado,"2023-07-22 05:55:16","",""
2465,23,"Hierro + Ácido Fólico x30","Vitaminas y suplementos",6,"Tecnoquímicas S.A",29,aceptado,"2023-10-21 20:08:28","",""
2466,7,"Tramadol 50mg x10","Analgésico",4,"Laboratorios Lafrancol S.A.S",83,entregado,"2024-07-03 12:36:29","2024-07-14 12:36:29","FAC-002466"
2467,30,"Crema dental blanqueadora 75ml","Cuidado personal",7,"Bayer S.A Colombia",21,entregado,"2023-01-04 23:36:17","2023-01-15 23:36:17","FAC-002467"
2468,11,"Ciprofloxacino 500mg x10","Antibiótico",5,"Genfar S.A - Grupo Sanofi",20,en proceso,"2024-06-29 05:26:54","2024-07-14 05:26:54",""
2469,25,"Protector solar SPF 50 50ml","Cuidado personal",7,"Bayer S.A Colombia",77,aceptado,"2023-07-11 02:34:22","",""
2470,44,"Lubricante Nuei Delay 100ml","Lubricantes",9,"Laboratorios Siegfried Colombia S.A",13,entregado,"2023-02-15 22:14:26","2023-02-28 22:14:26","FAC-002470"
2471,27,"Crema hidratante facial 50ml","Cuidado personal",7,"Bayer S.A Colombia",21,entregado,"2025-02-04 05:25:14","2025-02-08 05:25:14","FAC-002471"
2472,5,"Diclofenaco 50mg x10","Analgésico",4,"Laboratorios Lafrancol S.A.S",68,entregado,"2024-12-28 00:48:58","2025-01-08 00:48:58","FAC-002472"
2473,13,"Clindamicina 300mg x16","Antibiótico",5,"Genfar S.A - Grupo Sanofi",21,entregado,"2023-06-28 06:42:04","2023-07-13 06:42:04","FAC-002473"
2474,3,"Naproxeno 500mg x10","Analgésico",4,"Laboratorios Lafrancol S.A.S",10,entregado,"2023-10-19 21:23:42","2023-10-27 21:23:42","FAC-002474"
2475,25,"Protector solar SPF 50 50ml","Cuidado personal",7,"Bayer S.A Colombia",82,en proceso,"2025-02-14 07:46:37","2025-02-26 07:46:37",""
2476,2,"Ibuprofeno 400mg x10","Analgésico",4,"Laboratorios Lafrancol S.A.S",35,en proceso,"2024-09-08 07:30:21","2024-09-23 07:30:21",""
2477,7,"Tramadol 50mg x10","Analgésico",4,"Laboratorios Lafrancol S.A.S",20,en proceso,"2023-11-07 06:51:40","2023-11-21 06:51:40",""
2478,13,"Clindamicina 300mg x16","Antibiótico",5,"Genfar S.A - Grupo Sanofi",33,aceptado,"2024-08-13 08:01:41","",""
2479,22,"Zinc 50mg x30","Vitaminas y suplementos",6,"Tecnoquímicas S.A",26,en proceso,"2023-02-05 01:52:06","2023-02-23 01:52:06",""
2480,28,"Jabón antibacterial 250ml","Cuidado personal",7,"Bayer S.A Colombia",30,entregado,"2023-09-13 22:48:40","2023-09-20 22:48:40","FAC-002480"
2481,23,"Hierro + Ácido Fólico x30","Vitaminas y suplementos",6,"Tecnoquímicas S.A",82,aceptado,"2023-07-17 09:43:15","",""
2482,16,"Doxiciclina 100mg x10","Antibiótico",5,"Genfar S.A - Grupo Sanofi",11,en proceso,"2023-12-04 05:54:30","2023-12-24 05:54:30",""
2483,27,"Crema hidratante facial 50ml","Cuidado personal",7,"Bayer S.A Colombia",100,en proceso,"2023-06-07 10:23:49","2023-06-27 10:23:49",""
2484,39,"Condón Vive Placer Real x3","Condones",8,"Distribuidora Íntima de Colombia S.A.S",40,en proceso,"2024-07-06 14:13:04","2024-07-24 14:13:04",""
2485,1,"Acetaminofén 500mg x10","Analgésico",4,"Laboratorios Lafrancol S.A.S",25,aceptado,"2025-09-05 21:27:00","",""
2486,5,"Diclofenaco 50mg x10","Analgésico",4,"Laboratorios Lafrancol S.A.S",76,entregado,"2023-05-01 19:53:47","2023-05-15 19:53:47","FAC-002486"
2487,48,"Lubricante Control Aqua 75ml","Lubricantes",9,"Laboratorios Siegfried Colombia S.A",89,entregado,"2023-06-29 05:27:27","2023-07-03 05:27:27","FAC-002487"
2488,5,"Diclofenaco 50mg x10","Analgésico",4,"Laboratorios Lafrancol S.A.S",36,entregado,"2023-09-20 15:24:19","2023-10-01 15:24:19","FAC-002488"
2489,21,"Calcio + Vitamina D x60","Vitaminas y suplementos",6,"Tecnoquímicas S.A",83,entregado,"2024-05-01 18:38:29","2024-05-14 18:38:29","FAC-002489"
2490,45,"Lubricante Yes OB Natural 80ml","Lubricantes",9,"Laboratorios Siegfried Colombia S.A",58,en proceso,"2023-04-23 05:38:18","2023-04-30 05:38:18",""
2491,43,"Lubricante Pjur Original 30ml","Lubricantes",9,"Laboratorios Siegfried Colombia S.A",74,aceptado,"2025-05-04 22:28:52","",""
2492,31,"Desodorante roll-on 50ml","Cuidado personal",7,"Bayer S.A Colombia",33,aceptado,"2023-01-14 13:34:47","",""
2493,44,"Lubricante Nuei Delay 100ml","Lubricantes",9,"Laboratorios Siegfried Colombia S.A",63,entregado,"2023-10-28 00:06:20","2023-11-08 00:06:20","FAC-002493"
2494,30,"Crema dental blanqueadora 75ml","Cuidado personal",7,"Bayer S.A Colombia",29,entregado,"2024-06-30 18:40:11","2024-07-08 18:40:11","FAC-002494"
2495,3,"Naproxeno 500mg x10","Analgésico",4,"Laboratorios Lafrancol S.A.S",92,aceptado,"2025-09-05 05:07:19","",""
2496,40,"Condón Protex x12","Condones",8,"Distribuidora Íntima de Colombia S.A.S",56,entregado,"2023-12-16 17:03:30","2023-12-26 17:03:30","FAC-002496"
2497,30,"Crema dental blanqueadora 75ml","Cuidado personal",7,"Bayer S.A Colombia",28,entregado,"2025-08-01 00:53:44","2025-08-07 00:53:44","FAC-002497"
2498,30,"Crema dental blanqueadora 75ml","Cuidado personal",7,"Bayer S.A Colombia",40,en proceso,"2023-01-01 10:05:47","2023-01-15 10:05:47",""
2499,44,"Lubricante Nuei Delay 100ml","Lubricantes",9,"Laboratorios Siegfried Colombia S.A",17,entregado,"2024-07-19 02:10:32","2024-07-22 02:10:32","FAC-002499"
2500,28,"Jabón antibacterial 250ml","Cuidado personal",7,"Bayer S.A Colombia",92,en proceso,"2025-08-07 12:09:59","2025-08-21 12:09:59",""
2501,42,"Lubricante Íntimo KY 75ml","Lubricantes",9,"Laboratorios Siegfried Colombia S.A",46,entregado,"2023-04-27 23:41:17","2023-05-06 23:41:17","FAC-002501"
2502,20,"Omega 3 1000mg x30","Vitaminas y suplementos",6,"Tecnoquímicas S.A",18,aceptado,"2023-10-08 20:01:07","",""
2503,32,"Gel antibacterial 500ml","Cuidado personal",7,"Bayer S.A Colombia",76,en proceso,"2025-07-23 19:14:50","2025-07-31 19:14:50",""
2504,23,"Hierro + Ácido Fólico x30","Vitaminas y suplementos",6,"Tecnoquímicas S.A",29,entregado,"2023-08-14 09:31:29","2023-08-25 09:31:29","FAC-002504"
2505,30,"Crema dental blanqueadora 75ml","Cuidado personal",7,"Bayer S.A Colombia",30,entregado,"2025-08-05 22:12:30","2025-08-15 22:12:30","FAC-002505"
2506,2,"Ibuprofeno 400mg x10","Analgésico",4,"Laboratorios Lafrancol S.A.S",99,en proceso,"2023-04-20 04:24:03","2023-04-25 04:24:03",""
2507,34,"Condón Durex Extra Fino x3","Condones",8,"Distribuidora Íntima de Colombia S.A.S",75,entregado,"2024-04-18 07:12:06","2024-04-30 07:12:06","FAC-002507"
2508,15,"Cefalexina 500mg x20","Antibiótico",5,"Genfar S.A - Grupo Sanofi",56,en proceso,"2025-07-17 00:36:30","2025-07-28 00:36:30",""
2509,13,"Clindamicina 300mg x16","Antibiótico",5,"Genfar S.A - Grupo Sanofi",60,aceptado,"2024-03-30 12:43:51","",""
2510,43,"Lubricante Pjur Original 30ml","Lubricantes",9,"Laboratorios Siegfried Colombia S.A",52,en proceso,"2024-04-26 15:34:33","2024-05-01 15:34:33",""
2511,3,"Naproxeno 500mg x10","Analgésico",4,"Laboratorios Lafrancol S.A.S",25,entregado,"2023-03-11 07:49:06","2023-03-14 07:49:06","FAC-002511"
2512,48,"Lubricante Control Aqua 75ml","Lubricantes",9,"Laboratorios Siegfried Colombia S.A",16,entregado,"2025-02-21 10:07:59","2025-03-08 10:07:59","FAC-002512"
2513,6,"Meloxicam 15mg x10","Analgésico",4,"Laboratorios Lafrancol S.A.S",97,en proceso,"2025-06-16 02:30:01","2025-06-29 02:30:01",""
2514,12,"Metronidazol 500mg x14","Antibiótico",5,"Genfar S.A - Grupo Sanofi",67,en proceso,"2023-09-28 21:18:27","2023-10-12 21:18:27",""
2515,48,"Lubricante Control Aqua 75ml","Lubricantes",9,"Laboratorios Siegfried Colombia S.A",96,entregado,"2025-05-13 16:07:30","2025-05-25 16:07:30","FAC-002515"
2516,46,"Lubricante Vive Sensitivo 50ml","Lubricantes",9,"Laboratorios Siegfried Colombia S.A",83,aceptado,"2024-08-21 18:57:30","",""
2517,12,"Metronidazol 500mg x14","Antibiótico",5,"Genfar S.A - Grupo Sanofi",73,entregado,"2024-11-25 14:01:20","2024-12-10 14:01:20","FAC-002517"
2518,24,"Magnesio 400mg x60","Vitaminas y suplementos",6,"Tecnoquímicas S.A",61,en proceso,"2025-01-25 11:23:21","2025-02-08 11:23:21",""
2519,7,"Tramadol 50mg x10","Analgésico",4,"Laboratorios Lafrancol S.A.S",39,entregado,"2023-04-26 02:03:23","2023-05-10 02:03:23","FAC-002519"
2520,48,"Lubricante Control Aqua 75ml","Lubricantes",9,"Laboratorios Siegfried Colombia S.A",30,entregado,"2025-11-05 06:55:13","2025-11-16 06:55:13","FAC-002520"
2521,32,"Gel antibacterial 500ml","Cuidado personal",7,"Bayer S.A Colombia",79,en proceso,"2025-04-21 04:29:32","2025-05-09 04:29:32",""
2522,1,"Acetaminofén 500mg x10","Analgésico",4,"Laboratorios Lafrancol S.A.S",12,entregado,"2023-06-21 03:24:43","2023-06-25 03:24:43","FAC-002522"
2523,29,"Hilo dental 50m","Cuidado personal",7,"Bayer S.A Colombia",98,entregado,"2024-02-19 00:13:53","2024-03-03 00:13:53","FAC-002523"
2524,42,"Lubricante Íntimo KY 75ml","Lubricantes",9,"Laboratorios Siegfried Colombia S.A",18,aceptado,"2025-05-27 19:05:04","",""
2525,2,"Ibuprofeno 400mg x10","Analgésico",4,"Laboratorios Lafrancol S.A.S",17,entregado,"2024-09-04 01:20:03","2024-09-17 01:20:03","FAC-002525"
2526,11,"Ciprofloxacino 500mg x10","Antibiótico",5,"Genfar S.A - Grupo Sanofi",84,en proceso,"2023-12-12 21:28:11","2023-12-17 21:28:11",""
2527,1,"Acetaminofén 500mg x10","Analgésico",4,"Laboratorios Lafrancol S.A.S",75,entregado,"2023-12-07 09:49:08","2023-12-12 09:49:08","FAC-002527"
2528,16,"Doxiciclina 100mg x10","Antibiótico",5,"Genfar S.A - Grupo Sanofi",87,entregado,"2023-01-02 04:34:03","2023-01-10 04:34:03","FAC-002528"
2529,35,"Condón Condomi Ultra x12","Condones",8,"Distribuidora Íntima de Colombia S.A.S",56,aceptado,"2023-03-22 01:36:18","",""
2530,2,"Ibuprofeno 400mg x10","Analgésico",4,"Laboratorios Lafrancol S.A.S",36,aceptado,"2025-05-18 00:36:17","",""
2531,4,"Aspirina 100mg x10","Analgésico",4,"Laboratorios Lafrancol S.A.S",70,entregado,"2025-05-07 10:08:32","2025-05-19 10:08:32","FAC-002531"
2532,22,"Zinc 50mg x30","Vitaminas y suplementos",6,"Tecnoquímicas S.A",72,entregado,"2024-12-14 11:53:45","2024-12-22 11:53:45","FAC-002532"
2533,4,"Aspirina 100mg x10","Analgésico",4,"Laboratorios Lafrancol S.A.S",88,en proceso,"2025-10-13 03:47:07","2025-11-02 03:47:07",""
2534,20,"Omega 3 1000mg x30","Vitaminas y suplementos",6,"Tecnoquímicas S.A",33,entregado,"2025-09-12 14:50:29","2025-09-22 14:50:29","FAC-002534"
2535,14,"Claritromicina 500mg x14","Antibiótico",5,"Genfar S.A - Grupo Sanofi",44,en proceso,"2023-05-18 21:51:24","2023-06-06 21:51:24",""
2536,23,"Hierro + Ácido Fólico x30","Vitaminas y suplementos",6,"Tecnoquímicas S.A",22,en proceso,"2025-04-01 20:36:25","2025-04-12 20:36:25",""
2537,36,"Condón Prudence Fresa x3","Condones",8,"Distribuidora Íntima de Colombia S.A.S",79,entregado,"2025-03-31 03:42:08","2025-04-08 03:42:08","FAC-002537"
2538,25,"Protector solar SPF 50 50ml","Cuidado personal",7,"Bayer S.A Colombia",10,entregado,"2025-03-26 21:39:49","2025-03-29 21:39:49","FAC-002538"
2539,39,"Condón Vive Placer Real x3","Condones",8,"Distribuidora Íntima de Colombia S.A.S",40,entregado,"2023-07-14 10:56:41","2023-07-27 10:56:41","FAC-002539"
2540,8,"Ketorolaco 10mg x10","Analgésico",4,"Laboratorios Lafrancol S.A.S",51,entregado,"2023-07-28 10:35:35","2023-08-05 10:35:35","FAC-002540"
2541,4,"Aspirina 100mg x10","Analgésico",4,"Laboratorios Lafrancol S.A.S",44,entregado,"2025-01-23 00:42:02","2025-01-31 00:42:02","FAC-002541"
2542,20,"Omega 3 1000mg x30","Vitaminas y suplementos",6,"Tecnoquímicas S.A",93,en proceso,"2024-08-12 14:56:05","2024-08-17 14:56:05",""
2543,41,"Lubricante Durex Play 50ml","Lubricantes",9,"Laboratorios Siegfried Colombia S.A",48,entregado,"2023-11-30 21:11:06","2023-12-09 21:11:06","FAC-002543"
2544,18,"Vitamina D3 2000UI x30","Vitaminas y suplementos",6,"Tecnoquímicas S.A",95,en proceso,"2024-07-19 01:59:22","2024-08-04 01:59:22",""
2545,40,"Condón Protex x12","Condones",8,"Distribuidora Íntima de Colombia S.A.S",80,aceptado,"2023-10-23 11:39:04","",""
2546,42,"Lubricante Íntimo KY 75ml","Lubricantes",9,"Laboratorios Siegfried Colombia S.A",12,entregado,"2024-02-16 22:33:06","2024-02-19 22:33:06","FAC-002546"
2547,3,"Naproxeno 500mg x10","Analgésico",4,"Laboratorios Lafrancol S.A.S",86,entregado,"2025-11-12 21:20:50","2025-11-21 21:20:50","FAC-002547"
2548,6,"Meloxicam 15mg x10","Analgésico",4,"Laboratorios Lafrancol S.A.S",24,entregado,"2024-07-12 18:47:33","2024-07-19 18:47:33","FAC-002548"
2549,37,"Condón Control Retard x3","Condones",8,"Distribuidora Íntima de Colombia S.A.S",71,entregado,"2025-03-07 19:29:30","2025-03-16 19:29:30","FAC-002549"
2550,14,"Claritromicina 500mg x14","Antibiótico",5,"Genfar S.A - Grupo Sanofi",95,entregado,"2025-03-03 09:07:50","2025-03-12 09:07:50","FAC-002550"
2551,17,"Vitamina C 1000mg x30","Vitaminas y suplementos",6,"Tecnoquímicas S.A",60,aceptado,"2024-12-09 09:37:47","",""
2552,2,"Ibuprofeno 400mg x10","Analgésico",4,"Laboratorios Lafrancol S.A.S",40,entregado,"2025-09-24 04:39:00","2025-10-07 04:39:00","FAC-002552"
2553,3,"Naproxeno 500mg x10","Analgésico",4,"Laboratorios Lafrancol S.A.S",29,entregado,"2023-10-29 18:31:52","2023-11-02 18:31:52","FAC-002553"
2554,48,"Lubricante Control Aqua 75ml","Lubricantes",9,"Laboratorios Siegfried Colombia S.A",97,en proceso,"2024-03-22 01:18:32","2024-03-27 01:18:32",""
2555,5,"Diclofenaco 50mg x10","Analgésico",4,"Laboratorios Lafrancol S.A.S",10,entregado,"2025-09-29 05:23:58","2025-10-10 05:23:58","FAC-002555"
2556,23,"Hierro + Ácido Fólico x30","Vitaminas y suplementos",6,"Tecnoquímicas S.A",60,en proceso,"2023-06-01 00:09:55","2023-06-11 00:09:55",""
2557,40,"Condón Protex x12","Condones",8,"Distribuidora Íntima de Colombia S.A.S",56,entregado,"2025-01-10 22:33:36","2025-01-23 22:33:36","FAC-002557"
2558,7,"Tramadol 50mg x10","Analgésico",4,"Laboratorios Lafrancol S.A.S",17,entregado,"2023-05-14 07:29:32","2023-05-26 07:29:32","FAC-002558"
2559,17,"Vitamina C 1000mg x30","Vitaminas y suplementos",6,"Tecnoquímicas S.A",86,en proceso,"2024-06-28 03:08:56","2024-07-10 03:08:56",""
2560,41,"Lubricante Durex Play 50ml","Lubricantes",9,"Laboratorios Siegfried Colombia S.A",67,en proceso,"2023-01-23 18:09:55","2023-01-28 18:09:55",""
2561,21,"Calcio + Vitamina D x60","Vitaminas y suplementos",6,"Tecnoquímicas S.A",84,aceptado,"2023-05-19 14:47:35","",""
2562,5,"Diclofenaco 50mg x10","Analgésico",4,"Laboratorios Lafrancol S.A.S",71,entregado,"2024-07-16 23:25:51","2024-07-21 23:25:51","FAC-002562"
2563,18,"Vitamina D3 2000UI x30","Vitaminas y suplementos",6,"Tecnoquímicas S.A",22,entregado,"2024-07-27 14:43:19","2024-08-07 14:43:19","FAC-002563"
2564,8,"Ketorolaco 10mg x10","Analgésico",4,"Laboratorios Lafrancol S.A.S",10,entregado,"2024-08-18 04:15:16","2024-08-28 04:15:16","FAC-002564"
2565,1,"Acetaminofén 500mg x10","Analgésico",4,"Laboratorios Lafrancol S.A.S",84,aceptado,"2024-05-05 12:10:26","",""
2566,39,"Condón Vive Placer Real x3","Condones",8,"Distribuidora Íntima de Colombia S.A.S",59,entregado,"2025-07-20 16:06:28","2025-07-25 16:06:28","FAC-002566"
2567,42,"Lubricante Íntimo KY 75ml","Lubricantes",9,"Laboratorios Siegfried Colombia S.A",95,en proceso,"2023-09-04 09:35:07","2023-09-16 09:35:07",""
2568,21,"Calcio + Vitamina D x60","Vitaminas y suplementos",6,"Tecnoquímicas S.A",36,entregado,"2023-12-25 15:11:47","2024-01-03 15:11:47","FAC-002568"
2569,7,"Tramadol 50mg x10","Analgésico",4,"Laboratorios Lafrancol S.A.S",41,entregado,"2025-08-08 03:20:51","2025-08-22 03:20:51","FAC-002569"
2570,33,"Condón Durex Natural x3","Condones",8,"Distribuidora Íntima de Colombia S.A.S",81,en proceso,"2023-06-25 00:48:02","2023-07-06 00:48:02",""
2571,9,"Amoxicilina 500mg x21","Antibiótico",5,"Genfar S.A - Grupo Sanofi",84,entregado,"2023-07-03 09:49:03","2023-07-15 09:49:03","FAC-002571"
2572,44,"Lubricante Nuei Delay 100ml","Lubricantes",9,"Laboratorios Siegfried Colombia S.A",14,entregado,"2025-05-14 23:32:06","2025-05-25 23:32:06","FAC-002572"
2573,22,"Zinc 50mg x30","Vitaminas y suplementos",6,"Tecnoquímicas S.A",52,entregado,"2023-09-28 22:23:05","2023-10-04 22:23:05","FAC-002573"
2574,19,"Complejo B x30","Vitaminas y suplementos",6,"Tecnoquímicas S.A",23,entregado,"2024-08-20 08:44:07","2024-08-30 08:44:07","FAC-002574"
2575,7,"Tramadol 50mg x10","Analgésico",4,"Laboratorios Lafrancol S.A.S",24,entregado,"2025-06-23 04:54:18","2025-06-30 04:54:18","FAC-002575"
2576,34,"Condón Durex Extra Fino x3","Condones",8,"Distribuidora Íntima de Colombia S.A.S",49,en proceso,"2024-02-29 18:13:40","2024-03-07 18:13:40",""
2577,1,"Acetaminofén 500mg x10","Analgésico",4,"Laboratorios Lafrancol S.A.S",70,aceptado,"2025-07-29 12:49:26","",""
2578,12,"Metronidazol 500mg x14","Antibiótico",5,"Genfar S.A - Grupo Sanofi",66,entregado,"2025-07-28 01:24:19","2025-07-31 01:24:19","FAC-002578"
2579,12,"Metronidazol 500mg x14","Antibiótico",5,"Genfar S.A - Grupo Sanofi",16,entregado,"2023-05-03 01:14:53","2023-05-13 01:14:53","FAC-002579"
2580,11,"Ciprofloxacino 500mg x10","Antibiótico",5,"Genfar S.A - Grupo Sanofi",49,entregado,"2024-07-18 04:16:08","2024-07-25 04:16:08","FAC-002580"
2581,16,"Doxiciclina 100mg x10","Antibiótico",5,"Genfar S.A - Grupo Sanofi",37,entregado,"2025-08-07 08:21:29","2025-08-15 08:21:29","FAC-002581"
2582,26,"Shampoo anticaspa 400ml","Cuidado personal",7,"Bayer S.A Colombia",79,entregado,"2023-03-16 01:20:57","2023-03-25 01:20:57","FAC-002582"
2583,42,"Lubricante Íntimo KY 75ml","Lubricantes",9,"Laboratorios Siegfried Colombia S.A",82,entregado,"2023-12-13 03:46:31","2023-12-28 03:46:31","FAC-002583"
2584,13,"Clindamicina 300mg x16","Antibiótico",5,"Genfar S.A - Grupo Sanofi",20,entregado,"2024-06-07 08:13:36","2024-06-19 08:13:36","FAC-002584"
2585,37,"Condón Control Retard x3","Condones",8,"Distribuidora Íntima de Colombia S.A.S",98,en proceso,"2023-11-07 17:50:37","2023-11-24 17:50:37",""
2586,9,"Amoxicilina 500mg x21","Antibiótico",5,"Genfar S.A - Grupo Sanofi",37,entregado,"2025-07-08 22:58:04","2025-07-15 22:58:04","FAC-002586"
2587,23,"Hierro + Ácido Fólico x30","Vitaminas y suplementos",6,"Tecnoquímicas S.A",16,entregado,"2025-02-25 08:51:07","2025-03-09 08:51:07","FAC-002587"
2588,42,"Lubricante Íntimo KY 75ml","Lubricantes",9,"Laboratorios Siegfried Colombia S.A",96,en proceso,"2024-09-19 22:18:03","2024-10-08 22:18:03",""
2589,8,"Ketorolaco 10mg x10","Analgésico",4,"Laboratorios Lafrancol S.A.S",85,entregado,"2024-01-25 09:02:28","2024-02-01 09:02:28","FAC-002589"
2590,46,"Lubricante Vive Sensitivo 50ml","Lubricantes",9,"Laboratorios Siegfried Colombia S.A",81,entregado,"2024-02-10 00:46:09","2024-02-15 00:46:09","FAC-002590"
2591,42,"Lubricante Íntimo KY 75ml","Lubricantes",9,"Laboratorios Siegfried Colombia S.A",46,entregado,"2023-08-12 22:12:34","2023-08-19 22:12:34","FAC-002591"
2592,4,"Aspirina 100mg x10","Analgésico",4,"Laboratorios Lafrancol S.A.S",44,entregado,"2025-01-19 16:16:18","2025-01-29 16:16:18","FAC-002592"
2593,17,"Vitamina C 1000mg x30","Vitaminas y suplementos",6,"Tecnoquímicas S.A",41,entregado,"2023-11-14 02:48:57","2023-11-21 02:48:57","FAC-002593"
2594,18,"Vitamina D3 2000UI x30","Vitaminas y suplementos",6,"Tecnoquímicas S.A",15,entregado,"2023-12-13 19:50:55","2023-12-26 19:50:55","FAC-002594"
2595,15,"Cefalexina 500mg x20","Antibiótico",5,"Genfar S.A - Grupo Sanofi",78,en proceso,"2024-11-21 22:14:18","2024-11-27 22:14:18",""
2596,14,"Claritromicina 500mg x14","Antibiótico",5,"Genfar S.A - Grupo Sanofi",38,aceptado,"2023-02-12 18:27:59","",""
2597,19,"Complejo B x30","Vitaminas y suplementos",6,"Tecnoquímicas S.A",41,en proceso,"2025-02-11 23:13:53","2025-02-25 23:13:53",""
2598,30,"Crema dental blanqueadora 75ml","Cuidado personal",7,"Bayer S.A Colombia",45,entregado,"2023-08-26 12:53:29","2023-09-08 12:53:29","FAC-002598"
2599,19,"Complejo B x30","Vitaminas y suplementos",6,"Tecnoquímicas S.A",73,entregado,"2024-06-22 02:41:09","2024-06-28 02:41:09","FAC-002599"
2600,9,"Amoxicilina 500mg x21","Antibiótico",5,"Genfar S.A - Grupo Sanofi",81,entregado,"2023-09-11 12:26:37","2023-09-22 12:26:37","FAC-002600"
2601,22,"Zinc 50mg x30","Vitaminas y suplementos",6,"Tecnoquímicas S.A",66,entregado,"2025-05-11 09:44:14","2025-05-21 09:44:14","FAC-002601"
2602,29,"Hilo dental 50m","Cuidado personal",7,"Bayer S.A Colombia",19,en proceso,"2025-11-18 10:23:28","2025-11-24 10:23:28",""
2603,34,"Condón Durex Extra Fino x3","Condones",8,"Distribuidora Íntima de Colombia S.A.S",48,aceptado,"2023-03-13 12:05:53","",""
2604,45,"Lubricante Yes OB Natural 80ml","Lubricantes",9,"Laboratorios Siegfried Colombia S.A",98,en proceso,"2023-07-21 08:32:33","2023-08-10 08:32:33",""
2605,13,"Clindamicina 300mg x16","Antibiótico",5,"Genfar S.A - Grupo Sanofi",100,aceptado,"2025-03-31 12:58:56","",""
2606,23,"Hierro + Ácido Fólico x30","Vitaminas y suplementos",6,"Tecnoquímicas S.A",57,en proceso,"2024-03-06 03:09:48","2024-03-17 03:09:48",""
2607,31,"Desodorante roll-on 50ml","Cuidado personal",7,"Bayer S.A Colombia",31,entregado,"2025-07-02 10:06:43","2025-07-14 10:06:43","FAC-002607"
2608,42,"Lubricante Íntimo KY 75ml","Lubricantes",9,"Laboratorios Siegfried Colombia S.A",66,entregado,"2023-04-12 00:58:08","2023-04-27 00:58:08","FAC-002608"
2609,40,"Condón Protex x12","Condones",8,"Distribuidora Íntima de Colombia S.A.S",42,aceptado,"2024-10-28 17:01:50","",""
2610,44,"Lubricante Nuei Delay 100ml","Lubricantes",9,"Laboratorios Siegfried Colombia S.A",90,entregado,"2024-01-30 09:45:45","2024-02-12 09:45:45","FAC-002610"
2611,4,"Aspirina 100mg x10","Analgésico",4,"Laboratorios Lafrancol S.A.S",67,aceptado,"2025-11-23 08:54:30","",""
2612,4,"Aspirina 100mg x10","Analgésico",4,"Laboratorios Lafrancol S.A.S",91,en proceso,"2023-02-04 19:56:04","2023-02-19 19:56:04",""
2613,12,"Metronidazol 500mg x14","Antibiótico",5,"Genfar S.A - Grupo Sanofi",23,entregado,"2023-06-13 18:32:28","2023-06-18 18:32:28","FAC-002613"
2614,18,"Vitamina D3 2000UI x30","Vitaminas y suplementos",6,"Tecnoquímicas S.A",34,entregado,"2023-12-03 21:17:37","2023-12-08 21:17:37","FAC-002614"
2615,48,"Lubricante Control Aqua 75ml","Lubricantes",9,"Laboratorios Siegfried Colombia S.A",39,aceptado,"2023-11-09 19:02:50","",""
2616,27,"Crema hidratante facial 50ml","Cuidado personal",7,"Bayer S.A Colombia",83,en proceso,"2025-05-14 23:37:28","2025-05-29 23:37:28",""
2617,9,"Amoxicilina 500mg x21","Antibiótico",5,"Genfar S.A - Grupo Sanofi",54,entregado,"2024-02-13 20:34:42","2024-02-18 20:34:42","FAC-002617"
2618,6,"Meloxicam 15mg x10","Analgésico",4,"Laboratorios Lafrancol S.A.S",28,en proceso,"2025-09-16 05:57:27","2025-09-27 05:57:27",""
2619,46,"Lubricante Vive Sensitivo 50ml","Lubricantes",9,"Laboratorios Siegfried Colombia S.A",17,entregado,"2024-04-21 08:31:00","2024-05-06 08:31:00","FAC-002619"
2620,19,"Complejo B x30","Vitaminas y suplementos",6,"Tecnoquímicas S.A",26,entregado,"2025-12-05 08:23:40","2025-12-10 08:23:40","FAC-002620"
2621,12,"Metronidazol 500mg x14","Antibiótico",5,"Genfar S.A - Grupo Sanofi",38,en proceso,"2023-05-20 20:28:34","2023-05-26 20:28:34",""
2622,13,"Clindamicina 300mg x16","Antibiótico",5,"Genfar S.A - Grupo Sanofi",73,entregado,"2024-09-13 19:34:45","2024-09-27 19:34:45","FAC-002622"
2623,45,"Lubricante Yes OB Natural 80ml","Lubricantes",9,"Laboratorios Siegfried Colombia S.A",65,en proceso,"2024-05-25 20:18:46","2024-06-03 20:18:46",""
2624,8,"Ketorolaco 10mg x10","Analgésico",4,"Laboratorios Lafrancol S.A.S",83,aceptado,"2024-03-09 03:31:09","",""
2625,1,"Acetaminofén 500mg x10","Analgésico",4,"Laboratorios Lafrancol S.A.S",24,en proceso,"2025-12-16 01:09:34","2026-01-01 01:09:34",""
2626,21,"Calcio + Vitamina D x60","Vitaminas y suplementos",6,"Tecnoquímicas S.A",59,en proceso,"2024-07-11 05:46:45","2024-07-20 05:46:45",""
2627,7,"Tramadol 50mg x10","Analgésico",4,"Laboratorios Lafrancol S.A.S",81,entregado,"2023-04-16 00:52:35","2023-04-26 00:52:35","FAC-002627"
2628,28,"Jabón antibacterial 250ml","Cuidado personal",7,"Bayer S.A Colombia",68,entregado,"2025-09-19 12:36:02","2025-10-03 12:36:02","FAC-002628"
2629,33,"Condón Durex Natural x3","Condones",8,"Distribuidora Íntima de Colombia S.A.S",27,entregado,"2024-11-20 01:01:53","2024-11-26 01:01:53","FAC-002629"
2630,38,"Condón Lifestyles Ultra x12","Condones",8,"Distribuidora Íntima de Colombia S.A.S",81,entregado,"2025-11-09 23:35:54","2025-11-12 23:35:54","FAC-002630"
2631,45,"Lubricante Yes OB Natural 80ml","Lubricantes",9,"Laboratorios Siegfried Colombia S.A",67,entregado,"2025-08-21 10:18:18","2025-08-27 10:18:18","FAC-002631"
2632,44,"Lubricante Nuei Delay 100ml","Lubricantes",9,"Laboratorios Siegfried Colombia S.A",27,en proceso,"2025-02-10 16:51:06","2025-02-17 16:51:06",""
2633,25,"Protector solar SPF 50 50ml","Cuidado personal",7,"Bayer S.A Colombia",92,entregado,"2023-03-30 18:55:01","2023-04-14 18:55:01","FAC-002633"
2634,25,"Protector solar SPF 50 50ml","Cuidado personal",7,"Bayer S.A Colombia",32,entregado,"2025-02-03 21:00:20","2025-02-10 21:00:20","FAC-002634"
2635,12,"Metronidazol 500mg x14","Antibiótico",5,"Genfar S.A - Grupo Sanofi",93,entregado,"2025-01-27 03:16:07","2025-02-10 03:16:07","FAC-002635"
2636,42,"Lubricante Íntimo KY 75ml","Lubricantes",9,"Laboratorios Siegfried Colombia S.A",97,entregado,"2025-06-25 15:03:26","2025-07-02 15:03:26","FAC-002636"
2637,42,"Lubricante Íntimo KY 75ml","Lubricantes",9,"Laboratorios Siegfried Colombia S.A",71,entregado,"2025-10-09 16:30:24","2025-10-13 16:30:24","FAC-002637"
2638,38,"Condón Lifestyles Ultra x12","Condones",8,"Distribuidora Íntima de Colombia S.A.S",16,entregado,"2024-08-03 22:14:54","2024-08-06 22:14:54","FAC-002638"
2639,19,"Complejo B x30","Vitaminas y suplementos",6,"Tecnoquímicas S.A",79,entregado,"2023-11-30 14:16:51","2023-12-07 14:16:51","FAC-002639"
2640,36,"Condón Prudence Fresa x3","Condones",8,"Distribuidora Íntima de Colombia S.A.S",91,en proceso,"2023-06-18 00:15:18","2023-07-05 00:15:18",""
2641,19,"Complejo B x30","Vitaminas y suplementos",6,"Tecnoquímicas S.A",40,entregado,"2025-09-29 05:00:40","2025-10-07 05:00:40","FAC-002641"
2642,5,"Diclofenaco 50mg x10","Analgésico",4,"Laboratorios Lafrancol S.A.S",59,entregado,"2025-04-12 07:12:03","2025-04-24 07:12:03","FAC-002642"
2643,27,"Crema hidratante facial 50ml","Cuidado personal",7,"Bayer S.A Colombia",52,aceptado,"2024-08-08 08:54:46","",""
2644,1,"Acetaminofén 500mg x10","Analgésico",4,"Laboratorios Lafrancol S.A.S",27,entregado,"2023-05-11 16:59:29","2023-05-23 16:59:29","FAC-002644"
2645,38,"Condón Lifestyles Ultra x12","Condones",8,"Distribuidora Íntima de Colombia S.A.S",31,entregado,"2023-09-05 09:38:19","2023-09-15 09:38:19","FAC-002645"
2646,27,"Crema hidratante facial 50ml","Cuidado personal",7,"Bayer S.A Colombia",92,en proceso,"2024-07-30 16:32:47","2024-08-08 16:32:47",""
2647,33,"Condón Durex Natural x3","Condones",8,"Distribuidora Íntima de Colombia S.A.S",23,entregado,"2023-10-08 21:17:03","2023-10-18 21:17:03","FAC-002647"
2648,3,"Naproxeno 500mg x10","Analgésico",4,"Laboratorios Lafrancol S.A.S",52,en proceso,"2025-01-14 11:47:49","2025-01-27 11:47:49",""
2649,42,"Lubricante Íntimo KY 75ml","Lubricantes",9,"Laboratorios Siegfried Colombia S.A",21,entregado,"2025-09-30 03:17:11","2025-10-03 03:17:11","FAC-002649"
2650,7,"Tramadol 50mg x10","Analgésico",4,"Laboratorios Lafrancol S.A.S",57,en proceso,"2025-01-28 06:25:22","2025-02-02 06:25:22",""
2651,43,"Lubricante Pjur Original 30ml","Lubricantes",9,"Laboratorios Siegfried Colombia S.A",83,en proceso,"2025-04-10 23:06:07","2025-04-24 23:06:07",""
2652,22,"Zinc 50mg x30","Vitaminas y suplementos",6,"Tecnoquímicas S.A",28,entregado,"2025-03-11 16:41:11","2025-03-22 16:41:11","FAC-002652"
2653,6,"Meloxicam 15mg x10","Analgésico",4,"Laboratorios Lafrancol S.A.S",57,en proceso,"2025-03-15 10:52:27","2025-04-02 10:52:27",""
2654,24,"Magnesio 400mg x60","Vitaminas y suplementos",6,"Tecnoquímicas S.A",30,en proceso,"2025-07-25 22:10:11","2025-08-08 22:10:11",""
2655,43,"Lubricante Pjur Original 30ml","Lubricantes",9,"Laboratorios Siegfried Colombia S.A",96,en proceso,"2023-05-01 15:25:02","2023-05-21 15:25:02",""
2656,48,"Lubricante Control Aqua 75ml","Lubricantes",9,"Laboratorios Siegfried Colombia S.A",29,entregado,"2024-06-11 15:27:31","2024-06-23 15:27:31","FAC-002656"
2657,2,"Ibuprofeno 400mg x10","Analgésico",4,"Laboratorios Lafrancol S.A.S",75,en proceso,"2023-03-15 21:47:49","2023-03-23 21:47:49",""
2658,17,"Vitamina C 1000mg x30","Vitaminas y suplementos",6,"Tecnoquímicas S.A",86,entregado,"2025-03-16 06:54:14","2025-03-20 06:54:14","FAC-002658"
2659,45,"Lubricante Yes OB Natural 80ml","Lubricantes",9,"Laboratorios Siegfried Colombia S.A",60,entregado,"2024-03-06 15:35:47","2024-03-10 15:35:47","FAC-002659"
2660,37,"Condón Control Retard x3","Condones",8,"Distribuidora Íntima de Colombia S.A.S",20,entregado,"2024-10-30 18:53:57","2024-11-02 18:53:57","FAC-002660"
2661,30,"Crema dental blanqueadora 75ml","Cuidado personal",7,"Bayer S.A Colombia",31,entregado,"2025-08-27 13:41:15","2025-09-05 13:41:15","FAC-002661"
2662,46,"Lubricante Vive Sensitivo 50ml","Lubricantes",9,"Laboratorios Siegfried Colombia S.A",34,entregado,"2025-03-12 12:51:17","2025-03-19 12:51:17","FAC-002662"
2663,25,"Protector solar SPF 50 50ml","Cuidado personal",7,"Bayer S.A Colombia",71,aceptado,"2025-10-13 02:49:54","",""
2664,26,"Shampoo anticaspa 400ml","Cuidado personal",7,"Bayer S.A Colombia",88,entregado,"2024-05-24 10:34:48","2024-05-31 10:34:48","FAC-002664"
2665,44,"Lubricante Nuei Delay 100ml","Lubricantes",9,"Laboratorios Siegfried Colombia S.A",78,en proceso,"2025-03-21 01:04:59","2025-04-05 01:04:59",""
2666,24,"Magnesio 400mg x60","Vitaminas y suplementos",6,"Tecnoquímicas S.A",37,entregado,"2024-11-01 10:58:46","2024-11-10 10:58:46","FAC-002666"
2667,27,"Crema hidratante facial 50ml","Cuidado personal",7,"Bayer S.A Colombia",24,en proceso,"2023-09-25 07:49:22","2023-10-04 07:49:22",""
2668,7,"Tramadol 50mg x10","Analgésico",4,"Laboratorios Lafrancol S.A.S",73,entregado,"2023-06-05 17:50:54","2023-06-15 17:50:54","FAC-002668"
2669,25,"Protector solar SPF 50 50ml","Cuidado personal",7,"Bayer S.A Colombia",60,en proceso,"2023-12-10 04:51:12","2023-12-28 04:51:12",""
2670,44,"Lubricante Nuei Delay 100ml","Lubricantes",9,"Laboratorios Siegfried Colombia S.A",18,aceptado,"2024-06-14 22:47:30","",""
2671,24,"Magnesio 400mg x60","Vitaminas y suplementos",6,"Tecnoquímicas S.A",20,entregado,"2023-03-12 22:19:04","2023-03-25 22:19:04","FAC-002671"
2672,35,"Condón Condomi Ultra x12","Condones",8,"Distribuidora Íntima de Colombia S.A.S",75,entregado,"2023-01-09 19:49:21","2023-01-22 19:49:21","FAC-002672"
2673,5,"Diclofenaco 50mg x10","Analgésico",4,"Laboratorios Lafrancol S.A.S",67,entregado,"2023-12-06 09:53:56","2023-12-10 09:53:56","FAC-002673"
2674,12,"Metronidazol 500mg x14","Antibiótico",5,"Genfar S.A - Grupo Sanofi",64,entregado,"2025-07-23 14:03:03","2025-08-03 14:03:03","FAC-002674"
2675,41,"Lubricante Durex Play 50ml","Lubricantes",9,"Laboratorios Siegfried Colombia S.A",95,aceptado,"2024-09-20 15:10:03","",""
2676,1,"Acetaminofén 500mg x10","Analgésico",4,"Laboratorios Lafrancol S.A.S",74,entregado,"2025-06-21 01:44:13","2025-06-30 01:44:13","FAC-002676"
2677,13,"Clindamicina 300mg x16","Antibiótico",5,"Genfar S.A - Grupo Sanofi",71,en proceso,"2025-04-16 09:33:36","2025-04-23 09:33:36",""
2678,11,"Ciprofloxacino 500mg x10","Antibiótico",5,"Genfar S.A - Grupo Sanofi",60,entregado,"2025-07-07 14:28:57","2025-07-10 14:28:57","FAC-002678"
2679,28,"Jabón antibacterial 250ml","Cuidado personal",7,"Bayer S.A Colombia",60,aceptado,"2024-10-02 15:42:55","",""
2680,47,"Lubricante Prudence Aqua 60ml","Lubricantes",9,"Laboratorios Siegfried Colombia S.A",42,en proceso,"2024-05-10 02:12:34","2024-05-21 02:12:34",""
2681,36,"Condón Prudence Fresa x3","Condones",8,"Distribuidora Íntima de Colombia S.A.S",99,entregado,"2025-02-05 10:45:35","2025-02-09 10:45:35","FAC-002681"
2682,33,"Condón Durex Natural x3","Condones",8,"Distribuidora Íntima de Colombia S.A.S",38,aceptado,"2023-07-08 00:32:38","",""
2683,43,"Lubricante Pjur Original 30ml","Lubricantes",9,"Laboratorios Siegfried Colombia S.A",54,aceptado,"2024-02-21 17:59:26","",""
2684,25,"Protector solar SPF 50 50ml","Cuidado personal",7,"Bayer S.A Colombia",96,aceptado,"2025-05-01 21:36:55","",""
2685,38,"Condón Lifestyles Ultra x12","Condones",8,"Distribuidora Íntima de Colombia S.A.S",44,en proceso,"2023-07-02 03:59:47","2023-07-19 03:59:47",""
2686,27,"Crema hidratante facial 50ml","Cuidado personal",7,"Bayer S.A Colombia",94,aceptado,"2023-01-29 10:58:19","",""
2687,24,"Magnesio 400mg x60","Vitaminas y suplementos",6,"Tecnoquímicas S.A",73,entregado,"2025-08-13 08:32:03","2025-08-27 08:32:03","FAC-002687"
2688,27,"Crema hidratante facial 50ml","Cuidado personal",7,"Bayer S.A Colombia",37,entregado,"2025-06-14 15:35:37","2025-06-17 15:35:37","FAC-002688"
2689,5,"Diclofenaco 50mg x10","Analgésico",4,"Laboratorios Lafrancol S.A.S",32,entregado,"2025-06-28 08:49:37","2025-07-01 08:49:37","FAC-002689"
2690,7,"Tramadol 50mg x10","Analgésico",4,"Laboratorios Lafrancol S.A.S",25,entregado,"2025-09-22 22:04:10","2025-09-25 22:04:10","FAC-002690"
2691,34,"Condón Durex Extra Fino x3","Condones",8,"Distribuidora Íntima de Colombia S.A.S",53,entregado,"2025-05-20 10:43:09","2025-05-24 10:43:09","FAC-002691"
2692,47,"Lubricante Prudence Aqua 60ml","Lubricantes",9,"Laboratorios Siegfried Colombia S.A",83,en proceso,"2025-01-23 02:42:10","2025-02-10 02:42:10",""
2693,32,"Gel antibacterial 500ml","Cuidado personal",7,"Bayer S.A Colombia",97,en proceso,"2023-12-17 23:01:28","2024-01-04 23:01:28",""
2694,7,"Tramadol 50mg x10","Analgésico",4,"Laboratorios Lafrancol S.A.S",83,en proceso,"2024-03-08 09:16:54","2024-03-19 09:16:54",""
2695,22,"Zinc 50mg x30","Vitaminas y suplementos",6,"Tecnoquímicas S.A",13,entregado,"2023-12-16 02:01:02","2023-12-19 02:01:02","FAC-002695"
2696,21,"Calcio + Vitamina D x60","Vitaminas y suplementos",6,"Tecnoquímicas S.A",99,aceptado,"2025-04-07 18:50:26","",""
2697,21,"Calcio + Vitamina D x60","Vitaminas y suplementos",6,"Tecnoquímicas S.A",81,aceptado,"2023-12-19 08:57:16","",""
2698,15,"Cefalexina 500mg x20","Antibiótico",5,"Genfar S.A - Grupo Sanofi",25,entregado,"2023-08-11 17:22:00","2023-08-19 17:22:00","FAC-002698"
2699,28,"Jabón antibacterial 250ml","Cuidado personal",7,"Bayer S.A Colombia",86,entregado,"2024-07-18 22:06:49","2024-07-28 22:06:49","FAC-002699"
2700,19,"Complejo B x30","Vitaminas y suplementos",6,"Tecnoquímicas S.A",51,entregado,"2024-09-23 17:58:57","2024-10-05 17:58:57","FAC-002700"
2701,24,"Magnesio 400mg x60","Vitaminas y suplementos",6,"Tecnoquímicas S.A",18,entregado,"2025-08-30 19:56:05","2025-09-09 19:56:05","FAC-002701"
2702,42,"Lubricante Íntimo KY 75ml","Lubricantes",9,"Laboratorios Siegfried Colombia S.A",91,entregado,"2025-06-20 14:50:40","2025-06-29 14:50:40","FAC-002702"
2703,22,"Zinc 50mg x30","Vitaminas y suplementos",6,"Tecnoquímicas S.A",75,entregado,"2024-09-21 07:55:52","2024-10-06 07:55:52","FAC-002703"
2704,16,"Doxiciclina 100mg x10","Antibiótico",5,"Genfar S.A - Grupo Sanofi",10,entregado,"2023-09-20 08:51:42","2023-10-02 08:51:42","FAC-002704"
2705,34,"Condón Durex Extra Fino x3","Condones",8,"Distribuidora Íntima de Colombia S.A.S",78,entregado,"2023-08-08 19:29:05","2023-08-11 19:29:05","FAC-002705"
2706,40,"Condón Protex x12","Condones",8,"Distribuidora Íntima de Colombia S.A.S",11,entregado,"2023-10-16 01:30:25","2023-10-27 01:30:25","FAC-002706"
2707,33,"Condón Durex Natural x3","Condones",8,"Distribuidora Íntima de Colombia S.A.S",66,aceptado,"2024-09-25 06:37:48","",""
2708,29,"Hilo dental 50m","Cuidado personal",7,"Bayer S.A Colombia",42,en proceso,"2025-07-13 10:57:41","2025-07-27 10:57:41",""
2709,25,"Protector solar SPF 50 50ml","Cuidado personal",7,"Bayer S.A Colombia",56,aceptado,"2024-07-21 03:08:53","",""
2710,35,"Condón Condomi Ultra x12","Condones",8,"Distribuidora Íntima de Colombia S.A.S",49,entregado,"2023-10-09 17:44:45","2023-10-20 17:44:45","FAC-002710"
2711,17,"Vitamina C 1000mg x30","Vitaminas y suplementos",6,"Tecnoquímicas S.A",12,entregado,"2025-01-09 00:20:25","2025-01-16 00:20:25","FAC-002711"
2712,35,"Condón Condomi Ultra x12","Condones",8,"Distribuidora Íntima de Colombia S.A.S",92,entregado,"2024-03-19 20:52:01","2024-03-26 20:52:01","FAC-002712"
2713,16,"Doxiciclina 100mg x10","Antibiótico",5,"Genfar S.A - Grupo Sanofi",47,en proceso,"2024-08-12 12:26:27","2024-08-23 12:26:27",""
2714,45,"Lubricante Yes OB Natural 80ml","Lubricantes",9,"Laboratorios Siegfried Colombia S.A",63,entregado,"2025-05-08 12:52:14","2025-05-14 12:52:14","FAC-002714"
2715,18,"Vitamina D3 2000UI x30","Vitaminas y suplementos",6,"Tecnoquímicas S.A",59,en proceso,"2024-04-09 18:04:26","2024-04-18 18:04:26",""
2716,43,"Lubricante Pjur Original 30ml","Lubricantes",9,"Laboratorios Siegfried Colombia S.A",61,aceptado,"2025-04-25 11:16:01","",""
2717,9,"Amoxicilina 500mg x21","Antibiótico",5,"Genfar S.A - Grupo Sanofi",69,entregado,"2025-08-09 08:40:02","2025-08-16 08:40:02","FAC-002717"
2718,10,"Azitromicina 500mg x3","Antibiótico",5,"Genfar S.A - Grupo Sanofi",57,entregado,"2025-12-10 13:36:49","2025-12-17 13:36:49","FAC-002718"
2719,45,"Lubricante Yes OB Natural 80ml","Lubricantes",9,"Laboratorios Siegfried Colombia S.A",77,entregado,"2025-05-04 15:59:52","2025-05-16 15:59:52","FAC-002719"
2720,36,"Condón Prudence Fresa x3","Condones",8,"Distribuidora Íntima de Colombia S.A.S",49,en proceso,"2025-06-05 13:14:16","2025-06-19 13:14:16",""
2721,13,"Clindamicina 300mg x16","Antibiótico",5,"Genfar S.A - Grupo Sanofi",29,entregado,"2025-06-30 02:47:40","2025-07-14 02:47:40","FAC-002721"
2722,22,"Zinc 50mg x30","Vitaminas y suplementos",6,"Tecnoquímicas S.A",98,entregado,"2024-11-22 09:08:21","2024-12-05 09:08:21","FAC-002722"
2723,4,"Aspirina 100mg x10","Analgésico",4,"Laboratorios Lafrancol S.A.S",52,entregado,"2025-12-08 08:03:33","2025-12-12 08:03:33","FAC-002723"
2724,32,"Gel antibacterial 500ml","Cuidado personal",7,"Bayer S.A Colombia",20,aceptado,"2024-02-21 10:53:22","",""
2725,47,"Lubricante Prudence Aqua 60ml","Lubricantes",9,"Laboratorios Siegfried Colombia S.A",27,entregado,"2025-07-14 20:45:02","2025-07-29 20:45:02","FAC-002725"
2726,13,"Clindamicina 300mg x16","Antibiótico",5,"Genfar S.A - Grupo Sanofi",100,entregado,"2025-12-17 15:11:17","2025-12-28 15:11:17","FAC-002726"
2727,39,"Condón Vive Placer Real x3","Condones",8,"Distribuidora Íntima de Colombia S.A.S",80,en proceso,"2025-03-07 19:11:53","2025-03-17 19:11:53",""
2728,1,"Acetaminofén 500mg x10","Analgésico",4,"Laboratorios Lafrancol S.A.S",57,en proceso,"2024-09-18 10:52:34","2024-09-29 10:52:34",""
2729,25,"Protector solar SPF 50 50ml","Cuidado personal",7,"Bayer S.A Colombia",76,aceptado,"2024-12-30 16:18:07","",""
2730,38,"Condón Lifestyles Ultra x12","Condones",8,"Distribuidora Íntima de Colombia S.A.S",67,entregado,"2024-03-17 00:13:07","2024-03-28 00:13:07","FAC-002730"
2731,31,"Desodorante roll-on 50ml","Cuidado personal",7,"Bayer S.A Colombia",73,entregado,"2023-04-05 13:16:23","2023-04-19 13:16:23","FAC-002731"
2732,3,"Naproxeno 500mg x10","Analgésico",4,"Laboratorios Lafrancol S.A.S",76,entregado,"2025-03-23 12:48:01","2025-04-05 12:48:01","FAC-002732"
2733,20,"Omega 3 1000mg x30","Vitaminas y suplementos",6,"Tecnoquímicas S.A",56,en proceso,"2023-03-03 21:53:26","2023-03-11 21:53:26",""
2734,16,"Doxiciclina 100mg x10","Antibiótico",5,"Genfar S.A - Grupo Sanofi",36,entregado,"2023-09-22 01:24:14","2023-10-02 01:24:14","FAC-002734"
2735,11,"Ciprofloxacino 500mg x10","Antibiótico",5,"Genfar S.A - Grupo Sanofi",67,entregado,"2025-07-12 05:46:33","2025-07-16 05:46:33","FAC-002735"
2736,2,"Ibuprofeno 400mg x10","Analgésico",4,"Laboratorios Lafrancol S.A.S",30,entregado,"2024-11-23 19:59:21","2024-12-06 19:59:21","FAC-002736"
2737,24,"Magnesio 400mg x60","Vitaminas y suplementos",6,"Tecnoquímicas S.A",57,entregado,"2024-11-10 12:23:05","2024-11-20 12:23:05","FAC-002737"
2738,23,"Hierro + Ácido Fólico x30","Vitaminas y suplementos",6,"Tecnoquímicas S.A",34,entregado,"2025-10-02 04:17:19","2025-10-14 04:17:19","FAC-002738"
2739,42,"Lubricante Íntimo KY 75ml","Lubricantes",9,"Laboratorios Siegfried Colombia S.A",64,entregado,"2023-02-25 15:45:13","2023-03-05 15:45:13","FAC-002739"
2740,6,"Meloxicam 15mg x10","Analgésico",4,"Laboratorios Lafrancol S.A.S",94,en proceso,"2024-11-16 09:19:29","2024-11-28 09:19:29",""
2741,12,"Metronidazol 500mg x14","Antibiótico",5,"Genfar S.A - Grupo Sanofi",95,entregado,"2025-12-22 23:24:18","2026-01-05 23:24:18","FAC-002741"
2742,19,"Complejo B x30","Vitaminas y suplementos",6,"Tecnoquímicas S.A",91,en proceso,"2023-10-04 19:42:55","2023-10-16 19:42:55",""
2743,13,"Clindamicina 300mg x16","Antibiótico",5,"Genfar S.A - Grupo Sanofi",67,en proceso,"2023-12-18 03:01:37","2023-12-28 03:01:37",""
2744,16,"Doxiciclina 100mg x10","Antibiótico",5,"Genfar S.A - Grupo Sanofi",34,en proceso,"2025-05-26 21:16:44","2025-06-14 21:16:44",""
2745,15,"Cefalexina 500mg x20","Antibiótico",5,"Genfar S.A - Grupo Sanofi",36,en proceso,"2024-08-24 04:36:09","2024-09-12 04:36:09",""
2746,1,"Acetaminofén 500mg x10","Analgésico",4,"Laboratorios Lafrancol S.A.S",85,entregado,"2023-06-27 18:52:08","2023-07-05 18:52:08","FAC-002746"
2747,8,"Ketorolaco 10mg x10","Analgésico",4,"Laboratorios Lafrancol S.A.S",49,entregado,"2024-09-10 07:02:31","2024-09-24 07:02:31","FAC-002747"
2748,7,"Tramadol 50mg x10","Analgésico",4,"Laboratorios Lafrancol S.A.S",51,entregado,"2023-01-19 17:44:21","2023-01-30 17:44:21","FAC-002748"
2749,26,"Shampoo anticaspa 400ml","Cuidado personal",7,"Bayer S.A Colombia",55,entregado,"2023-02-06 05:52:40","2023-02-21 05:52:40","FAC-002749"
2750,16,"Doxiciclina 100mg x10","Antibiótico",5,"Genfar S.A - Grupo Sanofi",16,entregado,"2024-05-01 19:42:14","2024-05-13 19:42:14","FAC-002750"
2751,10,"Azitromicina 500mg x3","Antibiótico",5,"Genfar S.A - Grupo Sanofi",56,entregado,"2023-07-10 11:07:41","2023-07-25 11:07:41","FAC-002751"
2752,10,"Azitromicina 500mg x3","Antibiótico",5,"Genfar S.A - Grupo Sanofi",43,entregado,"2025-05-13 05:57:58","2025-05-23 05:57:58","FAC-002752"
2753,33,"Condón Durex Natural x3","Condones",8,"Distribuidora Íntima de Colombia S.A.S",87,entregado,"2023-02-14 11:28:20","2023-02-27 11:28:20","FAC-002753"
2754,8,"Ketorolaco 10mg x10","Analgésico",4,"Laboratorios Lafrancol S.A.S",71,en proceso,"2024-06-25 05:45:38","2024-07-04 05:45:38",""
2755,9,"Amoxicilina 500mg x21","Antibiótico",5,"Genfar S.A - Grupo Sanofi",45,aceptado,"2025-05-12 23:12:30","",""
2756,11,"Ciprofloxacino 500mg x10","Antibiótico",5,"Genfar S.A - Grupo Sanofi",42,entregado,"2024-11-04 02:05:11","2024-11-12 02:05:11","FAC-002756"
2757,42,"Lubricante Íntimo KY 75ml","Lubricantes",9,"Laboratorios Siegfried Colombia S.A",72,en proceso,"2024-03-23 10:01:28","2024-04-01 10:01:28",""
2758,15,"Cefalexina 500mg x20","Antibiótico",5,"Genfar S.A - Grupo Sanofi",63,entregado,"2024-04-23 13:39:35","2024-05-04 13:39:35","FAC-002758"
2759,14,"Claritromicina 500mg x14","Antibiótico",5,"Genfar S.A - Grupo Sanofi",46,entregado,"2025-06-12 12:50:56","2025-06-16 12:50:56","FAC-002759"
2760,1,"Acetaminofén 500mg x10","Analgésico",4,"Laboratorios Lafrancol S.A.S",50,en proceso,"2024-01-30 13:12:59","2024-02-07 13:12:59",""
2761,15,"Cefalexina 500mg x20","Antibiótico",5,"Genfar S.A - Grupo Sanofi",17,entregado,"2024-06-24 06:00:59","2024-07-04 06:00:59","FAC-002761"
2762,2,"Ibuprofeno 400mg x10","Analgésico",4,"Laboratorios Lafrancol S.A.S",23,entregado,"2025-11-18 00:30:57","2025-11-29 00:30:57","FAC-002762"
2763,29,"Hilo dental 50m","Cuidado personal",7,"Bayer S.A Colombia",30,entregado,"2023-11-01 22:30:25","2023-11-11 22:30:25","FAC-002763"
2764,10,"Azitromicina 500mg x3","Antibiótico",5,"Genfar S.A - Grupo Sanofi",55,aceptado,"2024-06-02 18:05:16","",""
2765,30,"Crema dental blanqueadora 75ml","Cuidado personal",7,"Bayer S.A Colombia",86,entregado,"2024-09-10 02:40:32","2024-09-17 02:40:32","FAC-002765"
2766,12,"Metronidazol 500mg x14","Antibiótico",5,"Genfar S.A - Grupo Sanofi",45,entregado,"2023-09-03 01:09:53","2023-09-11 01:09:53","FAC-002766"
2767,6,"Meloxicam 15mg x10","Analgésico",4,"Laboratorios Lafrancol S.A.S",35,entregado,"2024-09-18 00:50:43","2024-09-21 00:50:43","FAC-002767"
2768,3,"Naproxeno 500mg x10","Analgésico",4,"Laboratorios Lafrancol S.A.S",40,en proceso,"2025-03-18 13:24:50","2025-04-07 13:24:50",""
2769,22,"Zinc 50mg x30","Vitaminas y suplementos",6,"Tecnoquímicas S.A",58,aceptado,"2023-01-10 03:53:26","",""
2770,18,"Vitamina D3 2000UI x30","Vitaminas y suplementos",6,"Tecnoquímicas S.A",86,entregado,"2025-03-12 20:02:46","2025-03-17 20:02:46","FAC-002770"
2771,10,"Azitromicina 500mg x3","Antibiótico",5,"Genfar S.A - Grupo Sanofi",82,entregado,"2023-12-18 03:33:54","2023-12-23 03:33:54","FAC-002771"
2772,25,"Protector solar SPF 50 50ml","Cuidado personal",7,"Bayer S.A Colombia",42,entregado,"2023-04-15 02:42:58","2023-04-19 02:42:58","FAC-002772"
2773,9,"Amoxicilina 500mg x21","Antibiótico",5,"Genfar S.A - Grupo Sanofi",82,entregado,"2024-12-05 03:30:34","2024-12-09 03:30:34","FAC-002773"
2774,28,"Jabón antibacterial 250ml","Cuidado personal",7,"Bayer S.A Colombia",62,entregado,"2023-10-24 00:40:54","2023-10-31 00:40:54","FAC-002774"
2775,23,"Hierro + Ácido Fólico x30","Vitaminas y suplementos",6,"Tecnoquímicas S.A",60,entregado,"2025-01-19 03:11:01","2025-01-28 03:11:01","FAC-002775"
2776,20,"Omega 3 1000mg x30","Vitaminas y suplementos",6,"Tecnoquímicas S.A",10,entregado,"2023-08-28 19:04:29","2023-09-04 19:04:29","FAC-002776"
2777,29,"Hilo dental 50m","Cuidado personal",7,"Bayer S.A Colombia",75,entregado,"2025-08-24 09:17:26","2025-09-02 09:17:26","FAC-002777"
2778,8,"Ketorolaco 10mg x10","Analgésico",4,"Laboratorios Lafrancol S.A.S",77,entregado,"2024-06-30 08:20:04","2024-07-05 08:20:04","FAC-002778"
2779,28,"Jabón antibacterial 250ml","Cuidado personal",7,"Bayer S.A Colombia",52,entregado,"2024-07-04 23:45:43","2024-07-09 23:45:43","FAC-002779"
2780,23,"Hierro + Ácido Fólico x30","Vitaminas y suplementos",6,"Tecnoquímicas S.A",73,entregado,"2025-08-31 15:42:33","2025-09-15 15:42:33","FAC-002780"
2781,48,"Lubricante Control Aqua 75ml","Lubricantes",9,"Laboratorios Siegfried Colombia S.A",35,entregado,"2023-09-27 03:01:57","2023-10-03 03:01:57","FAC-002781"
2782,24,"Magnesio 400mg x60","Vitaminas y suplementos",6,"Tecnoquímicas S.A",55,entregado,"2023-06-28 10:33:39","2023-07-12 10:33:39","FAC-002782"
2783,43,"Lubricante Pjur Original 30ml","Lubricantes",9,"Laboratorios Siegfried Colombia S.A",11,entregado,"2025-04-27 04:34:44","2025-05-06 04:34:44","FAC-002783"
2784,42,"Lubricante Íntimo KY 75ml","Lubricantes",9,"Laboratorios Siegfried Colombia S.A",43,entregado,"2025-04-15 13:18:46","2025-04-18 13:18:46","FAC-002784"
2785,42,"Lubricante Íntimo KY 75ml","Lubricantes",9,"Laboratorios Siegfried Colombia S.A",62,entregado,"2024-11-19 17:28:01","2024-11-28 17:28:01","FAC-002785"
2786,38,"Condón Lifestyles Ultra x12","Condones",8,"Distribuidora Íntima de Colombia S.A.S",67,entregado,"2023-01-15 16:52:43","2023-01-18 16:52:43","FAC-002786"
2787,40,"Condón Protex x12","Condones",8,"Distribuidora Íntima de Colombia S.A.S",64,entregado,"2025-06-09 15:20:11","2025-06-19 15:20:11","FAC-002787"
2788,14,"Claritromicina 500mg x14","Antibiótico",5,"Genfar S.A - Grupo Sanofi",22,aceptado,"2025-03-16 02:16:44","",""
2789,19,"Complejo B x30","Vitaminas y suplementos",6,"Tecnoquímicas S.A",51,entregado,"2023-02-02 08:50:07","2023-02-10 08:50:07","FAC-002789"
2790,48,"Lubricante Control Aqua 75ml","Lubricantes",9,"Laboratorios Siegfried Colombia S.A",34,entregado,"2023-11-29 16:08:07","2023-12-11 16:08:07","FAC-002790"
2791,13,"Clindamicina 300mg x16","Antibiótico",5,"Genfar S.A - Grupo Sanofi",95,aceptado,"2023-06-06 01:20:05","",""
2792,16,"Doxiciclina 100mg x10","Antibiótico",5,"Genfar S.A - Grupo Sanofi",17,en proceso,"2024-02-08 22:36:23","2024-02-16 22:36:23",""
2793,20,"Omega 3 1000mg x30","Vitaminas y suplementos",6,"Tecnoquímicas S.A",55,entregado,"2025-04-18 22:13:21","2025-04-29 22:13:21","FAC-002793"
2794,5,"Diclofenaco 50mg x10","Analgésico",4,"Laboratorios Lafrancol S.A.S",89,aceptado,"2025-07-23 00:21:41","",""
2795,45,"Lubricante Yes OB Natural 80ml","Lubricantes",9,"Laboratorios Siegfried Colombia S.A",34,entregado,"2023-05-08 03:49:57","2023-05-17 03:49:57","FAC-002795"
2796,4,"Aspirina 100mg x10","Analgésico",4,"Laboratorios Lafrancol S.A.S",58,entregado,"2023-09-17 04:51:07","2023-09-27 04:51:07","FAC-002796"
2797,7,"Tramadol 50mg x10","Analgésico",4,"Laboratorios Lafrancol S.A.S",35,entregado,"2025-04-05 02:14:16","2025-04-17 02:14:16","FAC-002797"
2798,6,"Meloxicam 15mg x10","Analgésico",4,"Laboratorios Lafrancol S.A.S",65,entregado,"2023-07-07 23:01:19","2023-07-16 23:01:19","FAC-002798"
2799,38,"Condón Lifestyles Ultra x12","Condones",8,"Distribuidora Íntima de Colombia S.A.S",18,en proceso,"2023-08-17 22:55:40","2023-09-06 22:55:40",""
2800,7,"Tramadol 50mg x10","Analgésico",4,"Laboratorios Lafrancol S.A.S",49,entregado,"2023-06-26 15:49:22","2023-07-04 15:49:22","FAC-002800"
2801,29,"Hilo dental 50m","Cuidado personal",7,"Bayer S.A Colombia",55,entregado,"2024-06-30 23:08:48","2024-07-08 23:08:48","FAC-002801"
2802,20,"Omega 3 1000mg x30","Vitaminas y suplementos",6,"Tecnoquímicas S.A",24,entregado,"2025-10-20 22:05:46","2025-10-23 22:05:46","FAC-002802"
2803,30,"Crema dental blanqueadora 75ml","Cuidado personal",7,"Bayer S.A Colombia",57,entregado,"2023-11-24 20:21:40","2023-11-27 20:21:40","FAC-002803"
2804,14,"Claritromicina 500mg x14","Antibiótico",5,"Genfar S.A - Grupo Sanofi",59,aceptado,"2024-12-20 07:01:09","",""
2805,3,"Naproxeno 500mg x10","Analgésico",4,"Laboratorios Lafrancol S.A.S",72,en proceso,"2025-04-18 21:03:05","2025-04-23 21:03:05",""
2806,18,"Vitamina D3 2000UI x30","Vitaminas y suplementos",6,"Tecnoquímicas S.A",83,en proceso,"2024-04-07 19:05:17","2024-04-15 19:05:17",""
2807,43,"Lubricante Pjur Original 30ml","Lubricantes",9,"Laboratorios Siegfried Colombia S.A",95,en proceso,"2023-06-04 12:28:28","2023-06-16 12:28:28",""
2808,14,"Claritromicina 500mg x14","Antibiótico",5,"Genfar S.A - Grupo Sanofi",27,aceptado,"2025-03-13 20:38:11","",""
2809,44,"Lubricante Nuei Delay 100ml","Lubricantes",9,"Laboratorios Siegfried Colombia S.A",51,en proceso,"2024-09-27 20:31:30","2024-10-04 20:31:30",""
2810,5,"Diclofenaco 50mg x10","Analgésico",4,"Laboratorios Lafrancol S.A.S",26,en proceso,"2025-05-31 08:58:36","2025-06-10 08:58:36",""
2811,48,"Lubricante Control Aqua 75ml","Lubricantes",9,"Laboratorios Siegfried Colombia S.A",44,entregado,"2024-01-29 22:26:36","2024-02-05 22:26:36","FAC-002811"
2812,33,"Condón Durex Natural x3","Condones",8,"Distribuidora Íntima de Colombia S.A.S",63,entregado,"2025-09-21 18:46:36","2025-09-27 18:46:36","FAC-002812"
2813,4,"Aspirina 100mg x10","Analgésico",4,"Laboratorios Lafrancol S.A.S",100,aceptado,"2023-01-12 16:28:42","",""
2814,7,"Tramadol 50mg x10","Analgésico",4,"Laboratorios Lafrancol S.A.S",44,aceptado,"2023-05-10 01:12:58","",""
2815,1,"Acetaminofén 500mg x10","Analgésico",4,"Laboratorios Lafrancol S.A.S",95,en proceso,"2023-10-22 22:18:34","2023-10-27 22:18:34",""
2816,11,"Ciprofloxacino 500mg x10","Antibiótico",5,"Genfar S.A - Grupo Sanofi",67,entregado,"2025-08-18 13:16:49","2025-09-01 13:16:49","FAC-002816"
2817,23,"Hierro + Ácido Fólico x30","Vitaminas y suplementos",6,"Tecnoquímicas S.A",38,entregado,"2024-03-14 10:38:52","2024-03-26 10:38:52","FAC-002817"
2818,24,"Magnesio 400mg x60","Vitaminas y suplementos",6,"Tecnoquímicas S.A",91,en proceso,"2024-09-29 13:35:31","2024-10-15 13:35:31",""
2819,12,"Metronidazol 500mg x14","Antibiótico",5,"Genfar S.A - Grupo Sanofi",54,entregado,"2024-08-07 21:33:15","2024-08-12 21:33:15","FAC-002819"
2820,35,"Condón Condomi Ultra x12","Condones",8,"Distribuidora Íntima de Colombia S.A.S",48,entregado,"2023-10-21 02:31:32","2023-11-03 02:31:32","FAC-002820"
2821,21,"Calcio + Vitamina D x60","Vitaminas y suplementos",6,"Tecnoquímicas S.A",32,entregado,"2024-10-27 08:53:51","2024-11-01 08:53:51","FAC-002821"
2822,8,"Ketorolaco 10mg x10","Analgésico",4,"Laboratorios Lafrancol S.A.S",29,entregado,"2024-12-31 09:06:48","2025-01-12 09:06:48","FAC-002822"
2823,12,"Metronidazol 500mg x14","Antibiótico",5,"Genfar S.A - Grupo Sanofi",78,aceptado,"2023-10-20 00:32:35","",""
2824,36,"Condón Prudence Fresa x3","Condones",8,"Distribuidora Íntima de Colombia S.A.S",96,en proceso,"2023-11-23 01:25:59","2023-12-04 01:25:59",""
2825,33,"Condón Durex Natural x3","Condones",8,"Distribuidora Íntima de Colombia S.A.S",20,aceptado,"2025-03-24 23:23:10","",""
2826,40,"Condón Protex x12","Condones",8,"Distribuidora Íntima de Colombia S.A.S",26,en proceso,"2025-03-17 03:48:21","2025-04-05 03:48:21",""
2827,43,"Lubricante Pjur Original 30ml","Lubricantes",9,"Laboratorios Siegfried Colombia S.A",90,aceptado,"2024-09-03 15:26:49","",""
2828,10,"Azitromicina 500mg x3","Antibiótico",5,"Genfar S.A - Grupo Sanofi",64,entregado,"2023-04-10 07:11:25","2023-04-16 07:11:25","FAC-002828"
2829,11,"Ciprofloxacino 500mg x10","Antibiótico",5,"Genfar S.A - Grupo Sanofi",62,entregado,"2023-11-16 03:58:38","2023-11-20 03:58:38","FAC-002829"
2830,35,"Condón Condomi Ultra x12","Condones",8,"Distribuidora Íntima de Colombia S.A.S",100,entregado,"2024-01-02 21:11:43","2024-01-10 21:11:43","FAC-002830"
2831,19,"Complejo B x30","Vitaminas y suplementos",6,"Tecnoquímicas S.A",48,aceptado,"2025-01-09 08:57:02","",""
2832,15,"Cefalexina 500mg x20","Antibiótico",5,"Genfar S.A - Grupo Sanofi",75,entregado,"2023-04-24 14:37:38","2023-05-03 14:37:38","FAC-002832"
2833,40,"Condón Protex x12","Condones",8,"Distribuidora Íntima de Colombia S.A.S",14,aceptado,"2024-03-03 12:57:22","",""
2834,34,"Condón Durex Extra Fino x3","Condones",8,"Distribuidora Íntima de Colombia S.A.S",19,entregado,"2025-01-01 22:00:57","2025-01-15 22:00:57","FAC-002834"
2835,12,"Metronidazol 500mg x14","Antibiótico",5,"Genfar S.A - Grupo Sanofi",89,en proceso,"2025-08-18 08:00:12","2025-08-24 08:00:12",""
2836,20,"Omega 3 1000mg x30","Vitaminas y suplementos",6,"Tecnoquímicas S.A",40,entregado,"2023-08-27 13:59:46","2023-09-02 13:59:46","FAC-002836"
2837,28,"Jabón antibacterial 250ml","Cuidado personal",7,"Bayer S.A Colombia",48,en proceso,"2023-05-02 13:55:26","2023-05-21 13:55:26",""
2838,35,"Condón Condomi Ultra x12","Condones",8,"Distribuidora Íntima de Colombia S.A.S",78,en proceso,"2024-03-09 11:10:39","2024-03-25 11:10:39",""
2839,42,"Lubricante Íntimo KY 75ml","Lubricantes",9,"Laboratorios Siegfried Colombia S.A",82,entregado,"2024-07-31 16:27:55","2024-08-13 16:27:55","FAC-002839"
2840,6,"Meloxicam 15mg x10","Analgésico",4,"Laboratorios Lafrancol S.A.S",64,entregado,"2023-08-15 04:41:03","2023-08-18 04:41:03","FAC-002840"
2841,19,"Complejo B x30","Vitaminas y suplementos",6,"Tecnoquímicas S.A",34,entregado,"2023-08-07 16:46:39","2023-08-17 16:46:39","FAC-002841"
2842,29,"Hilo dental 50m","Cuidado personal",7,"Bayer S.A Colombia",76,entregado,"2023-10-10 06:29:19","2023-10-22 06:29:19","FAC-002842"
2843,32,"Gel antibacterial 500ml","Cuidado personal",7,"Bayer S.A Colombia",72,en proceso,"2024-09-21 11:29:04","2024-10-01 11:29:04",""
2844,11,"Ciprofloxacino 500mg x10","Antibiótico",5,"Genfar S.A - Grupo Sanofi",74,entregado,"2025-08-13 04:12:50","2025-08-20 04:12:50","FAC-002844"
2845,12,"Metronidazol 500mg x14","Antibiótico",5,"Genfar S.A - Grupo Sanofi",32,en proceso,"2024-03-23 23:17:49","2024-04-09 23:17:49",""
2846,26,"Shampoo anticaspa 400ml","Cuidado personal",7,"Bayer S.A Colombia",41,entregado,"2024-04-18 01:28:32","2024-04-21 01:28:32","FAC-002846"
2847,6,"Meloxicam 15mg x10","Analgésico",4,"Laboratorios Lafrancol S.A.S",33,entregado,"2024-05-07 20:34:56","2024-05-22 20:34:56","FAC-002847"
2848,32,"Gel antibacterial 500ml","Cuidado personal",7,"Bayer S.A Colombia",82,aceptado,"2025-05-24 16:21:38","",""
2849,3,"Naproxeno 500mg x10","Analgésico",4,"Laboratorios Lafrancol S.A.S",66,entregado,"2025-08-24 21:56:33","2025-08-27 21:56:33","FAC-002849"
2850,2,"Ibuprofeno 400mg x10","Analgésico",4,"Laboratorios Lafrancol S.A.S",59,entregado,"2024-08-19 22:50:53","2024-08-22 22:50:53","FAC-002850"
2851,22,"Zinc 50mg x30","Vitaminas y suplementos",6,"Tecnoquímicas S.A",73,en proceso,"2025-10-10 17:46:29","2025-10-16 17:46:29",""
2852,3,"Naproxeno 500mg x10","Analgésico",4,"Laboratorios Lafrancol S.A.S",83,en proceso,"2023-08-23 16:57:44","2023-08-30 16:57:44",""
2853,34,"Condón Durex Extra Fino x3","Condones",8,"Distribuidora Íntima de Colombia S.A.S",95,entregado,"2023-12-25 12:30:07","2023-12-29 12:30:07","FAC-002853"
2854,16,"Doxiciclina 100mg x10","Antibiótico",5,"Genfar S.A - Grupo Sanofi",29,aceptado,"2024-07-03 22:32:44","",""
2855,39,"Condón Vive Placer Real x3","Condones",8,"Distribuidora Íntima de Colombia S.A.S",82,entregado,"2025-11-02 03:02:30","2025-11-12 03:02:30","FAC-002855"
2856,32,"Gel antibacterial 500ml","Cuidado personal",7,"Bayer S.A Colombia",12,en proceso,"2025-07-08 02:59:42","2025-07-20 02:59:42",""
2857,40,"Condón Protex x12","Condones",8,"Distribuidora Íntima de Colombia S.A.S",88,en proceso,"2024-05-28 06:18:13","2024-06-14 06:18:13",""
2858,28,"Jabón antibacterial 250ml","Cuidado personal",7,"Bayer S.A Colombia",75,entregado,"2024-09-02 09:34:59","2024-09-15 09:34:59","FAC-002858"
2859,8,"Ketorolaco 10mg x10","Analgésico",4,"Laboratorios Lafrancol S.A.S",96,en proceso,"2024-03-13 01:59:30","2024-03-27 01:59:30",""
2860,32,"Gel antibacterial 500ml","Cuidado personal",7,"Bayer S.A Colombia",86,entregado,"2024-01-21 16:21:34","2024-01-24 16:21:34","FAC-002860"
2861,23,"Hierro + Ácido Fólico x30","Vitaminas y suplementos",6,"Tecnoquímicas S.A",37,entregado,"2024-02-13 04:27:47","2024-02-23 04:27:47","FAC-002861"
2862,1,"Acetaminofén 500mg x10","Analgésico",4,"Laboratorios Lafrancol S.A.S",55,en proceso,"2023-12-02 20:52:44","2023-12-15 20:52:44",""
2863,8,"Ketorolaco 10mg x10","Analgésico",4,"Laboratorios Lafrancol S.A.S",76,entregado,"2025-09-02 23:24:51","2025-09-12 23:24:51","FAC-002863"
2864,33,"Condón Durex Natural x3","Condones",8,"Distribuidora Íntima de Colombia S.A.S",94,en proceso,"2025-09-20 09:14:42","2025-10-03 09:14:42",""
2865,33,"Condón Durex Natural x3","Condones",8,"Distribuidora Íntima de Colombia S.A.S",53,entregado,"2024-07-29 21:15:09","2024-08-11 21:15:09","FAC-002865"
2866,16,"Doxiciclina 100mg x10","Antibiótico",5,"Genfar S.A - Grupo Sanofi",31,aceptado,"2024-07-04 12:41:36","",""
2867,19,"Complejo B x30","Vitaminas y suplementos",6,"Tecnoquímicas S.A",59,entregado,"2023-05-20 13:42:32","2023-06-01 13:42:32","FAC-002867"
2868,33,"Condón Durex Natural x3","Condones",8,"Distribuidora Íntima de Colombia S.A.S",11,entregado,"2025-03-17 01:15:39","2025-03-21 01:15:39","FAC-002868"
2869,15,"Cefalexina 500mg x20","Antibiótico",5,"Genfar S.A - Grupo Sanofi",85,entregado,"2024-06-30 08:05:15","2024-07-11 08:05:15","FAC-002869"
2870,11,"Ciprofloxacino 500mg x10","Antibiótico",5,"Genfar S.A - Grupo Sanofi",45,en proceso,"2023-02-28 22:52:26","2023-03-14 22:52:26",""
2871,27,"Crema hidratante facial 50ml","Cuidado personal",7,"Bayer S.A Colombia",82,aceptado,"2023-11-25 06:11:35","",""
2872,1,"Acetaminofén 500mg x10","Analgésico",4,"Laboratorios Lafrancol S.A.S",81,entregado,"2025-10-13 08:14:32","2025-10-21 08:14:32","FAC-002872"
2873,37,"Condón Control Retard x3","Condones",8,"Distribuidora Íntima de Colombia S.A.S",26,entregado,"2023-09-27 02:15:45","2023-10-10 02:15:45","FAC-002873"
2874,8,"Ketorolaco 10mg x10","Analgésico",4,"Laboratorios Lafrancol S.A.S",44,entregado,"2023-09-13 05:58:26","2023-09-27 05:58:26","FAC-002874"
2875,25,"Protector solar SPF 50 50ml","Cuidado personal",7,"Bayer S.A Colombia",19,entregado,"2023-10-03 01:08:36","2023-10-15 01:08:36","FAC-002875"
2876,2,"Ibuprofeno 400mg x10","Analgésico",4,"Laboratorios Lafrancol S.A.S",51,entregado,"2023-02-08 21:07:33","2023-02-11 21:07:33","FAC-002876"
2877,24,"Magnesio 400mg x60","Vitaminas y suplementos",6,"Tecnoquímicas S.A",34,aceptado,"2023-10-12 00:52:45","",""
2878,37,"Condón Control Retard x3","Condones",8,"Distribuidora Íntima de Colombia S.A.S",98,entregado,"2023-10-05 20:30:23","2023-10-16 20:30:23","FAC-002878"
2879,7,"Tramadol 50mg x10","Analgésico",4,"Laboratorios Lafrancol S.A.S",37,entregado,"2025-05-13 21:23:33","2025-05-24 21:23:33","FAC-002879"
2880,42,"Lubricante Íntimo KY 75ml","Lubricantes",9,"Laboratorios Siegfried Colombia S.A",44,en proceso,"2024-08-31 13:46:06","2024-09-09 13:46:06",""
2881,18,"Vitamina D3 2000UI x30","Vitaminas y suplementos",6,"Tecnoquímicas S.A",94,entregado,"2023-08-19 22:25:30","2023-09-02 22:25:30","FAC-002881"
2882,15,"Cefalexina 500mg x20","Antibiótico",5,"Genfar S.A - Grupo Sanofi",29,en proceso,"2023-12-01 19:39:11","2023-12-12 19:39:11",""
2883,21,"Calcio + Vitamina D x60","Vitaminas y suplementos",6,"Tecnoquímicas S.A",73,en proceso,"2024-05-27 09:45:06","2024-06-14 09:45:06",""
2884,9,"Amoxicilina 500mg x21","Antibiótico",5,"Genfar S.A - Grupo Sanofi",85,entregado,"2025-02-16 16:41:07","2025-02-19 16:41:07","FAC-002884"
2885,38,"Condón Lifestyles Ultra x12","Condones",8,"Distribuidora Íntima de Colombia S.A.S",20,entregado,"2024-04-24 05:06:02","2024-04-27 05:06:02","FAC-002885"
2886,6,"Meloxicam 15mg x10","Analgésico",4,"Laboratorios Lafrancol S.A.S",25,entregado,"2024-09-06 03:29:56","2024-09-19 03:29:56","FAC-002886"
2887,26,"Shampoo anticaspa 400ml","Cuidado personal",7,"Bayer S.A Colombia",46,entregado,"2024-04-29 11:12:11","2024-05-03 11:12:11","FAC-002887"
2888,2,"Ibuprofeno 400mg x10","Analgésico",4,"Laboratorios Lafrancol S.A.S",75,entregado,"2023-11-13 06:44:27","2023-11-21 06:44:27","FAC-002888"
2889,22,"Zinc 50mg x30","Vitaminas y suplementos",6,"Tecnoquímicas S.A",59,entregado,"2024-04-29 19:33:43","2024-05-03 19:33:43","FAC-002889"
2890,19,"Complejo B x30","Vitaminas y suplementos",6,"Tecnoquímicas S.A",32,entregado,"2025-03-10 14:28:46","2025-03-17 14:28:46","FAC-002890"
2891,9,"Amoxicilina 500mg x21","Antibiótico",5,"Genfar S.A - Grupo Sanofi",13,entregado,"2023-01-10 01:21:15","2023-01-25 01:21:15","FAC-002891"
2892,2,"Ibuprofeno 400mg x10","Analgésico",4,"Laboratorios Lafrancol S.A.S",43,en proceso,"2025-12-20 16:42:24","2026-01-02 16:42:24",""
2893,22,"Zinc 50mg x30","Vitaminas y suplementos",6,"Tecnoquímicas S.A",76,entregado,"2023-10-01 04:59:30","2023-10-10 04:59:30","FAC-002893"
2894,7,"Tramadol 50mg x10","Analgésico",4,"Laboratorios Lafrancol S.A.S",81,entregado,"2023-09-11 17:34:09","2023-09-23 17:34:09","FAC-002894"
2895,34,"Condón Durex Extra Fino x3","Condones",8,"Distribuidora Íntima de Colombia S.A.S",56,entregado,"2023-02-06 06:34:01","2023-02-15 06:34:01","FAC-002895"
2896,22,"Zinc 50mg x30","Vitaminas y suplementos",6,"Tecnoquímicas S.A",34,entregado,"2023-11-26 02:35:29","2023-12-07 02:35:29","FAC-002896"
2897,15,"Cefalexina 500mg x20","Antibiótico",5,"Genfar S.A - Grupo Sanofi",45,en proceso,"2023-07-10 16:19:04","2023-07-22 16:19:04",""
2898,24,"Magnesio 400mg x60","Vitaminas y suplementos",6,"Tecnoquímicas S.A",14,entregado,"2024-03-25 06:54:23","2024-04-05 06:54:23","FAC-002898"
2899,21,"Calcio + Vitamina D x60","Vitaminas y suplementos",6,"Tecnoquímicas S.A",89,en proceso,"2024-04-17 11:01:38","2024-05-07 11:01:38",""
2900,21,"Calcio + Vitamina D x60","Vitaminas y suplementos",6,"Tecnoquímicas S.A",41,entregado,"2023-09-20 05:46:21","2023-10-03 05:46:21","FAC-002900"
2901,46,"Lubricante Vive Sensitivo 50ml","Lubricantes",9,"Laboratorios Siegfried Colombia S.A",79,aceptado,"2023-01-11 09:47:42","",""
2902,17,"Vitamina C 1000mg x30","Vitaminas y suplementos",6,"Tecnoquímicas S.A",10,entregado,"2025-09-25 17:05:52","2025-10-07 17:05:52","FAC-002902"
2903,12,"Metronidazol 500mg x14","Antibiótico",5,"Genfar S.A - Grupo Sanofi",85,entregado,"2023-05-28 00:39:06","2023-06-05 00:39:06","FAC-002903"
2904,10,"Azitromicina 500mg x3","Antibiótico",5,"Genfar S.A - Grupo Sanofi",23,entregado,"2024-05-22 23:01:35","2024-05-28 23:01:35","FAC-002904"
2905,48,"Lubricante Control Aqua 75ml","Lubricantes",9,"Laboratorios Siegfried Colombia S.A",38,en proceso,"2025-06-15 03:13:07","2025-06-30 03:13:07",""
2906,47,"Lubricante Prudence Aqua 60ml","Lubricantes",9,"Laboratorios Siegfried Colombia S.A",40,entregado,"2024-05-18 22:07:19","2024-06-01 22:07:19","FAC-002906"
2907,47,"Lubricante Prudence Aqua 60ml","Lubricantes",9,"Laboratorios Siegfried Colombia S.A",29,entregado,"2024-10-30 19:23:50","2024-11-07 19:23:50","FAC-002907"
2908,19,"Complejo B x30","Vitaminas y suplementos",6,"Tecnoquímicas S.A",96,aceptado,"2024-06-24 02:16:08","",""
2909,24,"Magnesio 400mg x60","Vitaminas y suplementos",6,"Tecnoquímicas S.A",91,en proceso,"2025-05-25 04:50:06","2025-05-31 04:50:06",""
2910,6,"Meloxicam 15mg x10","Analgésico",4,"Laboratorios Lafrancol S.A.S",86,aceptado,"2024-03-08 09:32:46","",""
2911,16,"Doxiciclina 100mg x10","Antibiótico",5,"Genfar S.A - Grupo Sanofi",48,entregado,"2023-07-11 15:45:53","2023-07-20 15:45:53","FAC-002911"
2912,45,"Lubricante Yes OB Natural 80ml","Lubricantes",9,"Laboratorios Siegfried Colombia S.A",25,entregado,"2025-04-08 17:56:22","2025-04-15 17:56:22","FAC-002912"
2913,14,"Claritromicina 500mg x14","Antibiótico",5,"Genfar S.A - Grupo Sanofi",27,entregado,"2024-03-22 23:13:08","2024-03-31 23:13:08","FAC-002913"
2914,9,"Amoxicilina 500mg x21","Antibiótico",5,"Genfar S.A - Grupo Sanofi",92,entregado,"2025-05-28 01:03:36","2025-06-01 01:03:36","FAC-002914"
2915,16,"Doxiciclina 100mg x10","Antibiótico",5,"Genfar S.A - Grupo Sanofi",85,entregado,"2023-03-10 17:12:28","2023-03-24 17:12:28","FAC-002915"
2916,5,"Diclofenaco 50mg x10","Analgésico",4,"Laboratorios Lafrancol S.A.S",62,entregado,"2025-05-08 13:01:59","2025-05-15 13:01:59","FAC-002916"
2917,1,"Acetaminofén 500mg x10","Analgésico",4,"Laboratorios Lafrancol S.A.S",42,aceptado,"2025-05-16 13:25:00","",""
2918,3,"Naproxeno 500mg x10","Analgésico",4,"Laboratorios Lafrancol S.A.S",54,entregado,"2023-02-13 16:21:12","2023-02-23 16:21:12","FAC-002918"
2919,33,"Condón Durex Natural x3","Condones",8,"Distribuidora Íntima de Colombia S.A.S",79,entregado,"2023-04-20 22:41:24","2023-04-23 22:41:24","FAC-002919"
2920,1,"Acetaminofén 500mg x10","Analgésico",4,"Laboratorios Lafrancol S.A.S",54,en proceso,"2023-08-10 21:19:09","2023-08-28 21:19:09",""
2921,8,"Ketorolaco 10mg x10","Analgésico",4,"Laboratorios Lafrancol S.A.S",49,en proceso,"2023-03-23 17:57:58","2023-03-31 17:57:58",""
2922,45,"Lubricante Yes OB Natural 80ml","Lubricantes",9,"Laboratorios Siegfried Colombia S.A",26,entregado,"2025-05-29 05:22:52","2025-06-07 05:22:52","FAC-002922"
2923,48,"Lubricante Control Aqua 75ml","Lubricantes",9,"Laboratorios Siegfried Colombia S.A",10,en proceso,"2024-01-31 06:46:00","2024-02-05 06:46:00",""
2924,2,"Ibuprofeno 400mg x10","Analgésico",4,"Laboratorios Lafrancol S.A.S",60,en proceso,"2024-07-15 01:43:29","2024-07-25 01:43:29",""
2925,41,"Lubricante Durex Play 50ml","Lubricantes",9,"Laboratorios Siegfried Colombia S.A",39,entregado,"2025-08-12 08:40:04","2025-08-25 08:40:04","FAC-002925"
2926,1,"Acetaminofén 500mg x10","Analgésico",4,"Laboratorios Lafrancol S.A.S",38,entregado,"2023-07-20 05:35:21","2023-08-04 05:35:21","FAC-002926"
2927,10,"Azitromicina 500mg x3","Antibiótico",5,"Genfar S.A - Grupo Sanofi",35,entregado,"2025-06-02 19:14:10","2025-06-15 19:14:10","FAC-002927"
2928,18,"Vitamina D3 2000UI x30","Vitaminas y suplementos",6,"Tecnoquímicas S.A",54,en proceso,"2025-11-22 19:34:51","2025-12-09 19:34:51",""
2929,32,"Gel antibacterial 500ml","Cuidado personal",7,"Bayer S.A Colombia",16,entregado,"2025-03-22 22:07:41","2025-03-31 22:07:41","FAC-002929"
2930,35,"Condón Condomi Ultra x12","Condones",8,"Distribuidora Íntima de Colombia S.A.S",82,entregado,"2025-02-19 20:09:11","2025-03-01 20:09:11","FAC-002930"
2931,4,"Aspirina 100mg x10","Analgésico",4,"Laboratorios Lafrancol S.A.S",93,en proceso,"2024-09-29 02:49:26","2024-10-13 02:49:26",""
2932,36,"Condón Prudence Fresa x3","Condones",8,"Distribuidora Íntima de Colombia S.A.S",22,entregado,"2024-09-07 10:40:13","2024-09-18 10:40:13","FAC-002932"
2933,28,"Jabón antibacterial 250ml","Cuidado personal",7,"Bayer S.A Colombia",45,en proceso,"2023-01-23 03:30:02","2023-02-03 03:30:02",""
2934,12,"Metronidazol 500mg x14","Antibiótico",5,"Genfar S.A - Grupo Sanofi",64,entregado,"2024-05-16 12:37:01","2024-05-28 12:37:01","FAC-002934"
2935,15,"Cefalexina 500mg x20","Antibiótico",5,"Genfar S.A - Grupo Sanofi",12,entregado,"2025-07-07 06:43:35","2025-07-19 06:43:35","FAC-002935"
2936,19,"Complejo B x30","Vitaminas y suplementos",6,"Tecnoquímicas S.A",58,entregado,"2025-05-10 06:09:45","2025-05-16 06:09:45","FAC-002936"
2937,2,"Ibuprofeno 400mg x10","Analgésico",4,"Laboratorios Lafrancol S.A.S",83,aceptado,"2024-01-02 09:40:15","",""
2938,9,"Amoxicilina 500mg x21","Antibiótico",5,"Genfar S.A - Grupo Sanofi",27,entregado,"2023-06-15 11:17:14","2023-06-24 11:17:14","FAC-002938"
2939,43,"Lubricante Pjur Original 30ml","Lubricantes",9,"Laboratorios Siegfried Colombia S.A",95,en proceso,"2023-05-05 01:06:20","2023-05-17 01:06:20",""
2940,33,"Condón Durex Natural x3","Condones",8,"Distribuidora Íntima de Colombia S.A.S",94,en proceso,"2023-07-02 06:18:09","2023-07-13 06:18:09",""
2941,31,"Desodorante roll-on 50ml","Cuidado personal",7,"Bayer S.A Colombia",11,entregado,"2025-11-06 08:06:30","2025-11-19 08:06:30","FAC-002941"
2942,44,"Lubricante Nuei Delay 100ml","Lubricantes",9,"Laboratorios Siegfried Colombia S.A",50,entregado,"2023-11-18 21:45:33","2023-11-25 21:45:33","FAC-002942"
2943,42,"Lubricante Íntimo KY 75ml","Lubricantes",9,"Laboratorios Siegfried Colombia S.A",92,entregado,"2024-02-12 18:31:46","2024-02-23 18:31:46","FAC-002943"
2944,39,"Condón Vive Placer Real x3","Condones",8,"Distribuidora Íntima de Colombia S.A.S",31,aceptado,"2025-06-23 10:53:05","",""
2945,23,"Hierro + Ácido Fólico x30","Vitaminas y suplementos",6,"Tecnoquímicas S.A",64,entregado,"2023-01-29 10:01:58","2023-02-11 10:01:58","FAC-002945"
2946,34,"Condón Durex Extra Fino x3","Condones",8,"Distribuidora Íntima de Colombia S.A.S",19,entregado,"2025-11-25 09:31:44","2025-12-10 09:31:44","FAC-002946"
2947,29,"Hilo dental 50m","Cuidado personal",7,"Bayer S.A Colombia",59,entregado,"2024-03-11 15:41:27","2024-03-19 15:41:27","FAC-002947"
2948,19,"Complejo B x30","Vitaminas y suplementos",6,"Tecnoquímicas S.A",78,entregado,"2024-05-24 14:09:45","2024-05-29 14:09:45","FAC-002948"
2949,7,"Tramadol 50mg x10","Analgésico",4,"Laboratorios Lafrancol S.A.S",63,en proceso,"2023-02-23 15:37:51","2023-03-06 15:37:51",""
2950,33,"Condón Durex Natural x3","Condones",8,"Distribuidora Íntima de Colombia S.A.S",38,aceptado,"2023-05-30 22:36:34","",""
2951,40,"Condón Protex x12","Condones",8,"Distribuidora Íntima de Colombia S.A.S",69,en proceso,"2024-08-17 03:09:00","2024-09-03 03:09:00",""
2952,13,"Clindamicina 300mg x16","Antibiótico",5,"Genfar S.A - Grupo Sanofi",14,entregado,"2025-03-16 07:30:31","2025-03-22 07:30:31","FAC-002952"
2953,22,"Zinc 50mg x30","Vitaminas y suplementos",6,"Tecnoquímicas S.A",40,en proceso,"2024-12-19 06:45:30","2025-01-04 06:45:30",""
2954,38,"Condón Lifestyles Ultra x12","Condones",8,"Distribuidora Íntima de Colombia S.A.S",40,aceptado,"2023-01-11 21:15:05","",""
2955,16,"Doxiciclina 100mg x10","Antibiótico",5,"Genfar S.A - Grupo Sanofi",76,aceptado,"2025-07-04 05:55:02","",""
2956,7,"Tramadol 50mg x10","Analgésico",4,"Laboratorios Lafrancol S.A.S",89,entregado,"2023-06-17 02:31:56","2023-06-21 02:31:56","FAC-002956"
2957,7,"Tramadol 50mg x10","Analgésico",4,"Laboratorios Lafrancol S.A.S",34,entregado,"2025-08-10 14:31:04","2025-08-16 14:31:04","FAC-002957"
2958,16,"Doxiciclina 100mg x10","Antibiótico",5,"Genfar S.A - Grupo Sanofi",30,entregado,"2025-10-04 20:58:43","2025-10-16 20:58:43","FAC-002958"
2959,38,"Condón Lifestyles Ultra x12","Condones",8,"Distribuidora Íntima de Colombia S.A.S",60,en proceso,"2023-03-04 00:52:09","2023-03-21 00:52:09",""
2960,33,"Condón Durex Natural x3","Condones",8,"Distribuidora Íntima de Colombia S.A.S",57,aceptado,"2023-08-11 02:46:15","",""
2961,6,"Meloxicam 15mg x10","Analgésico",4,"Laboratorios Lafrancol S.A.S",48,entregado,"2025-08-19 13:27:35","2025-08-22 13:27:35","FAC-002961"
2962,46,"Lubricante Vive Sensitivo 50ml","Lubricantes",9,"Laboratorios Siegfried Colombia S.A",46,entregado,"2024-06-18 17:23:50","2024-06-29 17:23:50","FAC-002962"
2963,20,"Omega 3 1000mg x30","Vitaminas y suplementos",6,"Tecnoquímicas S.A",54,entregado,"2025-11-07 08:41:46","2025-11-17 08:41:46","FAC-002963"
2964,39,"Condón Vive Placer Real x3","Condones",8,"Distribuidora Íntima de Colombia S.A.S",52,entregado,"2023-04-12 19:07:37","2023-04-20 19:07:37","FAC-002964"
2965,47,"Lubricante Prudence Aqua 60ml","Lubricantes",9,"Laboratorios Siegfried Colombia S.A",40,aceptado,"2024-12-31 16:52:58","",""
2966,48,"Lubricante Control Aqua 75ml","Lubricantes",9,"Laboratorios Siegfried Colombia S.A",18,en proceso,"2024-01-05 11:23:00","2024-01-18 11:23:00",""
2967,24,"Magnesio 400mg x60","Vitaminas y suplementos",6,"Tecnoquímicas S.A",54,en proceso,"2025-07-19 22:32:01","2025-08-01 22:32:01",""
2968,23,"Hierro + Ácido Fólico x30","Vitaminas y suplementos",6,"Tecnoquímicas S.A",64,en proceso,"2023-03-27 20:31:21","2023-04-12 20:31:21",""
2969,11,"Ciprofloxacino 500mg x10","Antibiótico",5,"Genfar S.A - Grupo Sanofi",31,entregado,"2023-11-05 01:24:36","2023-11-18 01:24:36","FAC-002969"
2970,45,"Lubricante Yes OB Natural 80ml","Lubricantes",9,"Laboratorios Siegfried Colombia S.A",81,entregado,"2023-01-28 17:10:57","2023-02-05 17:10:57","FAC-002970"
2971,17,"Vitamina C 1000mg x30","Vitaminas y suplementos",6,"Tecnoquímicas S.A",14,entregado,"2024-04-01 05:17:36","2024-04-13 05:17:36","FAC-002971"
2972,29,"Hilo dental 50m","Cuidado personal",7,"Bayer S.A Colombia",84,entregado,"2023-09-30 22:05:18","2023-10-05 22:05:18","FAC-002972"
2973,23,"Hierro + Ácido Fólico x30","Vitaminas y suplementos",6,"Tecnoquímicas S.A",33,entregado,"2024-03-28 01:35:15","2024-04-07 01:35:15","FAC-002973"
2974,43,"Lubricante Pjur Original 30ml","Lubricantes",9,"Laboratorios Siegfried Colombia S.A",14,entregado,"2024-04-14 17:48:18","2024-04-29 17:48:18","FAC-002974"
2975,26,"Shampoo anticaspa 400ml","Cuidado personal",7,"Bayer S.A Colombia",61,entregado,"2023-12-30 11:19:30","2024-01-13 11:19:30","FAC-002975"
2976,21,"Calcio + Vitamina D x60","Vitaminas y suplementos",6,"Tecnoquímicas S.A",55,entregado,"2025-06-02 01:35:06","2025-06-09 01:35:06","FAC-002976"
2977,37,"Condón Control Retard x3","Condones",8,"Distribuidora Íntima de Colombia S.A.S",65,aceptado,"2024-08-22 10:37:31","",""
2978,24,"Magnesio 400mg x60","Vitaminas y suplementos",6,"Tecnoquímicas S.A",16,en proceso,"2024-05-11 21:01:49","2024-05-20 21:01:49",""
2979,46,"Lubricante Vive Sensitivo 50ml","Lubricantes",9,"Laboratorios Siegfried Colombia S.A",72,entregado,"2025-08-30 01:20:24","2025-09-06 01:20:24","FAC-002979"
2980,6,"Meloxicam 15mg x10","Analgésico",4,"Laboratorios Lafrancol S.A.S",10,en proceso,"2023-09-13 01:24:46","2023-09-29 01:24:46",""
2981,19,"Complejo B x30","Vitaminas y suplementos",6,"Tecnoquímicas S.A",95,en proceso,"2024-12-27 01:34:16","2025-01-07 01:34:16",""
2982,47,"Lubricante Prudence Aqua 60ml","Lubricantes",9,"Laboratorios Siegfried Colombia S.A",73,entregado,"2025-03-26 20:51:15","2025-04-05 20:51:15","FAC-002982"
2983,23,"Hierro + Ácido Fólico x30","Vitaminas y suplementos",6,"Tecnoquímicas S.A",97,entregado,"2025-01-31 16:44:52","2025-02-12 16:44:52","FAC-002983"
2984,13,"Clindamicina 300mg x16","Antibiótico",5,"Genfar S.A - Grupo Sanofi",18,en proceso,"2025-12-23 18:42:12","2025-12-29 18:42:12",""
2985,37,"Condón Control Retard x3","Condones",8,"Distribuidora Íntima de Colombia S.A.S",84,en proceso,"2025-12-16 00:35:14","2026-01-03 00:35:14",""
2986,36,"Condón Prudence Fresa x3","Condones",8,"Distribuidora Íntima de Colombia S.A.S",86,entregado,"2024-09-18 19:39:16","2024-09-21 19:39:16","FAC-002986"
2987,48,"Lubricante Control Aqua 75ml","Lubricantes",9,"Laboratorios Siegfried Colombia S.A",29,aceptado,"2025-11-30 13:27:16","",""
2988,3,"Naproxeno 500mg x10","Analgésico",4,"Laboratorios Lafrancol S.A.S",13,entregado,"2025-12-17 09:14:43","2025-12-26 09:14:43","FAC-002988"
2989,42,"Lubricante Íntimo KY 75ml","Lubricantes",9,"Laboratorios Siegfried Colombia S.A",86,entregado,"2023-01-17 14:01:54","2023-01-20 14:01:54","FAC-002989"
2990,39,"Condón Vive Placer Real x3","Condones",8,"Distribuidora Íntima de Colombia S.A.S",14,entregado,"2023-01-08 13:56:35","2023-01-21 13:56:35","FAC-002990"
2991,39,"Condón Vive Placer Real x3","Condones",8,"Distribuidora Íntima de Colombia S.A.S",24,entregado,"2023-03-27 06:43:52","2023-04-04 06:43:52","FAC-002991"
2992,12,"Metronidazol 500mg x14","Antibiótico",5,"Genfar S.A - Grupo Sanofi",69,en proceso,"2024-02-11 09:48:59","2024-02-21 09:48:59",""
2993,17,"Vitamina C 1000mg x30","Vitaminas y suplementos",6,"Tecnoquímicas S.A",35,aceptado,"2025-02-04 13:29:41","",""
2994,4,"Aspirina 100mg x10","Analgésico",4,"Laboratorios Lafrancol S.A.S",60,aceptado,"2025-01-26 05:43:57","",""
2995,41,"Lubricante Durex Play 50ml","Lubricantes",9,"Laboratorios Siegfried Colombia S.A",45,en proceso,"2023-09-20 23:16:05","2023-10-04 23:16:05",""
2996,26,"Shampoo anticaspa 400ml","Cuidado personal",7,"Bayer S.A Colombia",35,entregado,"2025-07-10 07:50:19","2025-07-24 07:50:19","FAC-002996"
2997,24,"Magnesio 400mg x60","Vitaminas y suplementos",6,"Tecnoquímicas S.A",70,entregado,"2025-07-04 19:17:22","2025-07-14 19:17:22","FAC-002997"
2998,46,"Lubricante Vive Sensitivo 50ml","Lubricantes",9,"Laboratorios Siegfried Colombia S.A",92,aceptado,"2024-04-04 20:04:18","",""
2999,3,"Naproxeno 500mg x10","Analgésico",4,"Laboratorios Lafrancol S.A.S",48,entregado,"2024-08-19 22:43:30","2024-09-01 22:43:30","FAC-002999"
3000,32,"Gel antibacterial 500ml","Cuidado personal",7,"Bayer S.A Colombia",46,entregado,"2023-04-02 07:09:46","2023-04-09 07:09:46","FAC-003000"
3001,29,"Hilo dental 50m","Cuidado personal",7,"Bayer S.A Colombia",53,entregado,"2025-10-12 04:44:50","2025-10-16 04:44:50","FAC-003001"
3002,21,"Calcio + Vitamina D x60","Vitaminas y suplementos",6,"Tecnoquímicas S.A",17,aceptado,"2024-03-19 23:49:26","",""
3003,47,"Lubricante Prudence Aqua 60ml","Lubricantes",9,"Laboratorios Siegfried Colombia S.A",56,entregado,"2023-08-03 12:35:12","2023-08-11 12:35:12","FAC-003003"
3004,35,"Condón Condomi Ultra x12","Condones",8,"Distribuidora Íntima de Colombia S.A.S",79,aceptado,"2024-02-06 01:50:47","",""
3005,15,"Cefalexina 500mg x20","Antibiótico",5,"Genfar S.A - Grupo Sanofi",77,entregado,"2023-06-28 03:19:29","2023-07-08 03:19:29","FAC-003005"
3006,30,"Crema dental blanqueadora 75ml","Cuidado personal",7,"Bayer S.A Colombia",75,aceptado,"2025-01-22 18:12:13","",""
3007,8,"Ketorolaco 10mg x10","Analgésico",4,"Laboratorios Lafrancol S.A.S",71,entregado,"2025-05-13 07:26:57","2025-05-28 07:26:57","FAC-003007"
3008,38,"Condón Lifestyles Ultra x12","Condones",8,"Distribuidora Íntima de Colombia S.A.S",67,entregado,"2023-08-28 23:25:52","2023-09-02 23:25:52","FAC-003008"
3009,30,"Crema dental blanqueadora 75ml","Cuidado personal",7,"Bayer S.A Colombia",27,aceptado,"2025-03-17 20:12:44","",""
3010,5,"Diclofenaco 50mg x10","Analgésico",4,"Laboratorios Lafrancol S.A.S",80,entregado,"2025-02-11 16:55:03","2025-02-22 16:55:03","FAC-003010"
3011,2,"Ibuprofeno 400mg x10","Analgésico",4,"Laboratorios Lafrancol S.A.S",21,entregado,"2025-08-07 11:07:41","2025-08-12 11:07:41","FAC-003011"
3012,3,"Naproxeno 500mg x10","Analgésico",4,"Laboratorios Lafrancol S.A.S",54,en proceso,"2024-02-25 09:00:36","2024-03-06 09:00:36",""
3013,45,"Lubricante Yes OB Natural 80ml","Lubricantes",9,"Laboratorios Siegfried Colombia S.A",45,en proceso,"2023-11-26 04:03:13","2023-12-11 04:03:13",""
3014,28,"Jabón antibacterial 250ml","Cuidado personal",7,"Bayer S.A Colombia",81,entregado,"2025-05-02 23:46:44","2025-05-14 23:46:44","FAC-003014"
3015,9,"Amoxicilina 500mg x21","Antibiótico",5,"Genfar S.A - Grupo Sanofi",59,entregado,"2025-01-28 08:06:49","2025-02-02 08:06:49","FAC-003015"
3016,25,"Protector solar SPF 50 50ml","Cuidado personal",7,"Bayer S.A Colombia",63,entregado,"2025-03-10 22:19:25","2025-03-16 22:19:25","FAC-003016"
3017,43,"Lubricante Pjur Original 30ml","Lubricantes",9,"Laboratorios Siegfried Colombia S.A",51,entregado,"2024-02-03 03:49:32","2024-02-09 03:49:32","FAC-003017"
3018,18,"Vitamina D3 2000UI x30","Vitaminas y suplementos",6,"Tecnoquímicas S.A",45,entregado,"2024-06-23 16:32:12","2024-07-02 16:32:12","FAC-003018"
3019,35,"Condón Condomi Ultra x12","Condones",8,"Distribuidora Íntima de Colombia S.A.S",47,en proceso,"2025-01-05 09:24:46","2025-01-12 09:24:46",""
3020,25,"Protector solar SPF 50 50ml","Cuidado personal",7,"Bayer S.A Colombia",27,entregado,"2023-11-21 11:26:23","2023-11-29 11:26:23","FAC-003020"
3021,28,"Jabón antibacterial 250ml","Cuidado personal",7,"Bayer S.A Colombia",37,en proceso,"2024-11-10 17:15:46","2024-11-26 17:15:46",""
3022,13,"Clindamicina 300mg x16","Antibiótico",5,"Genfar S.A - Grupo Sanofi",100,aceptado,"2023-06-09 18:47:21","",""
3023,4,"Aspirina 100mg x10","Analgésico",4,"Laboratorios Lafrancol S.A.S",42,entregado,"2024-04-07 15:40:06","2024-04-11 15:40:06","FAC-003023"
3024,38,"Condón Lifestyles Ultra x12","Condones",8,"Distribuidora Íntima de Colombia S.A.S",58,entregado,"2024-05-16 12:45:32","2024-05-26 12:45:32","FAC-003024"
3025,17,"Vitamina C 1000mg x30","Vitaminas y suplementos",6,"Tecnoquímicas S.A",36,entregado,"2023-05-01 01:49:16","2023-05-14 01:49:16","FAC-003025"
3026,40,"Condón Protex x12","Condones",8,"Distribuidora Íntima de Colombia S.A.S",92,entregado,"2025-07-21 08:45:06","2025-07-29 08:45:06","FAC-003026"
3027,25,"Protector solar SPF 50 50ml","Cuidado personal",7,"Bayer S.A Colombia",82,entregado,"2025-06-12 20:25:27","2025-06-27 20:25:27","FAC-003027"
3028,25,"Protector solar SPF 50 50ml","Cuidado personal",7,"Bayer S.A Colombia",12,en proceso,"2024-11-17 22:18:26","2024-12-07 22:18:26",""
3029,48,"Lubricante Control Aqua 75ml","Lubricantes",9,"Laboratorios Siegfried Colombia S.A",73,aceptado,"2023-12-12 03:55:04","",""
3030,26,"Shampoo anticaspa 400ml","Cuidado personal",7,"Bayer S.A Colombia",78,en proceso,"2025-08-23 23:17:21","2025-09-10 23:17:21",""
3031,45,"Lubricante Yes OB Natural 80ml","Lubricantes",9,"Laboratorios Siegfried Colombia S.A",19,aceptado,"2023-04-01 07:00:21","",""
3032,13,"Clindamicina 300mg x16","Antibiótico",5,"Genfar S.A - Grupo Sanofi",27,aceptado,"2024-04-17 20:26:49","",""
3033,2,"Ibuprofeno 400mg x10","Analgésico",4,"Laboratorios Lafrancol S.A.S",99,entregado,"2025-03-17 17:46:24","2025-03-22 17:46:24","FAC-003033"
3034,37,"Condón Control Retard x3","Condones",8,"Distribuidora Íntima de Colombia S.A.S",82,en proceso,"2023-09-04 16:33:43","2023-09-14 16:33:43",""
3035,46,"Lubricante Vive Sensitivo 50ml","Lubricantes",9,"Laboratorios Siegfried Colombia S.A",79,en proceso,"2024-10-22 06:00:18","2024-11-02 06:00:18",""
3036,22,"Zinc 50mg x30","Vitaminas y suplementos",6,"Tecnoquímicas S.A",76,entregado,"2025-05-24 00:16:27","2025-06-07 00:16:27","FAC-003036"
3037,6,"Meloxicam 15mg x10","Analgésico",4,"Laboratorios Lafrancol S.A.S",82,entregado,"2025-05-04 01:57:54","2025-05-15 01:57:54","FAC-003037"
3038,4,"Aspirina 100mg x10","Analgésico",4,"Laboratorios Lafrancol S.A.S",96,aceptado,"2023-11-01 06:16:00","",""
3039,31,"Desodorante roll-on 50ml","Cuidado personal",7,"Bayer S.A Colombia",59,entregado,"2024-11-01 21:46:42","2024-11-09 21:46:42","FAC-003039"
3040,35,"Condón Condomi Ultra x12","Condones",8,"Distribuidora Íntima de Colombia S.A.S",78,entregado,"2023-05-12 03:52:48","2023-05-18 03:52:48","FAC-003040"
3041,39,"Condón Vive Placer Real x3","Condones",8,"Distribuidora Íntima de Colombia S.A.S",92,en proceso,"2024-05-03 21:51:07","2024-05-21 21:51:07",""
3042,46,"Lubricante Vive Sensitivo 50ml","Lubricantes",9,"Laboratorios Siegfried Colombia S.A",57,entregado,"2024-03-29 05:59:52","2024-04-04 05:59:52","FAC-003042"
3043,42,"Lubricante Íntimo KY 75ml","Lubricantes",9,"Laboratorios Siegfried Colombia S.A",99,en proceso,"2025-02-10 06:05:36","2025-02-16 06:05:36",""
3044,46,"Lubricante Vive Sensitivo 50ml","Lubricantes",9,"Laboratorios Siegfried Colombia S.A",22,entregado,"2025-06-14 01:52:41","2025-06-22 01:52:41","FAC-003044"
3045,1,"Acetaminofén 500mg x10","Analgésico",4,"Laboratorios Lafrancol S.A.S",70,aceptado,"2023-06-12 01:35:27","",""
3046,26,"Shampoo anticaspa 400ml","Cuidado personal",7,"Bayer S.A Colombia",29,entregado,"2024-06-07 15:33:32","2024-06-12 15:33:32","FAC-003046"
3047,2,"Ibuprofeno 400mg x10","Analgésico",4,"Laboratorios Lafrancol S.A.S",33,entregado,"2023-11-13 23:06:55","2023-11-18 23:06:55","FAC-003047"
3048,44,"Lubricante Nuei Delay 100ml","Lubricantes",9,"Laboratorios Siegfried Colombia S.A",61,aceptado,"2023-09-27 16:44:38","",""
3049,38,"Condón Lifestyles Ultra x12","Condones",8,"Distribuidora Íntima de Colombia S.A.S",13,entregado,"2023-07-08 15:35:47","2023-07-23 15:35:47","FAC-003049"
3050,31,"Desodorante roll-on 50ml","Cuidado personal",7,"Bayer S.A Colombia",72,entregado,"2024-06-19 14:15:09","2024-06-27 14:15:09","FAC-003050"
3051,22,"Zinc 50mg x30","Vitaminas y suplementos",6,"Tecnoquímicas S.A",32,entregado,"2025-05-27 22:19:53","2025-06-02 22:19:53","FAC-003051"
3052,20,"Omega 3 1000mg x30","Vitaminas y suplementos",6,"Tecnoquímicas S.A",25,en proceso,"2024-09-03 08:54:34","2024-09-19 08:54:34",""
3053,1,"Acetaminofén 500mg x10","Analgésico",4,"Laboratorios Lafrancol S.A.S",62,aceptado,"2024-12-15 14:31:43","",""
3054,29,"Hilo dental 50m","Cuidado personal",7,"Bayer S.A Colombia",94,entregado,"2025-12-22 01:11:53","2025-12-28 01:11:53","FAC-003054"
3055,41,"Lubricante Durex Play 50ml","Lubricantes",9,"Laboratorios Siegfried Colombia S.A",48,aceptado,"2023-05-27 03:02:18","",""
3056,17,"Vitamina C 1000mg x30","Vitaminas y suplementos",6,"Tecnoquímicas S.A",71,entregado,"2025-10-20 03:35:49","2025-10-23 03:35:49","FAC-003056"
3057,22,"Zinc 50mg x30","Vitaminas y suplementos",6,"Tecnoquímicas S.A",100,aceptado,"2025-09-09 23:38:51","",""
3058,42,"Lubricante Íntimo KY 75ml","Lubricantes",9,"Laboratorios Siegfried Colombia S.A",13,en proceso,"2024-11-12 23:04:16","2024-12-01 23:04:16",""
3059,18,"Vitamina D3 2000UI x30","Vitaminas y suplementos",6,"Tecnoquímicas S.A",20,entregado,"2024-01-14 15:28:05","2024-01-23 15:28:05","FAC-003059"
3060,2,"Ibuprofeno 400mg x10","Analgésico",4,"Laboratorios Lafrancol S.A.S",17,entregado,"2024-05-31 13:17:40","2024-06-08 13:17:40","FAC-003060"
3061,35,"Condón Condomi Ultra x12","Condones",8,"Distribuidora Íntima de Colombia S.A.S",97,aceptado,"2023-01-08 14:30:28","",""
3062,34,"Condón Durex Extra Fino x3","Condones",8,"Distribuidora Íntima de Colombia S.A.S",63,entregado,"2024-07-07 11:23:38","2024-07-14 11:23:38","FAC-003062"
3063,41,"Lubricante Durex Play 50ml","Lubricantes",9,"Laboratorios Siegfried Colombia S.A",55,en proceso,"2025-09-13 12:34:39","2025-09-18 12:34:39",""
3064,7,"Tramadol 50mg x10","Analgésico",4,"Laboratorios Lafrancol S.A.S",36,entregado,"2024-08-02 01:18:36","2024-08-11 01:18:36","FAC-003064"
3065,44,"Lubricante Nuei Delay 100ml","Lubricantes",9,"Laboratorios Siegfried Colombia S.A",18,entregado,"2025-09-01 17:16:58","2025-09-15 17:16:58","FAC-003065"
3066,1,"Acetaminofén 500mg x10","Analgésico",4,"Laboratorios Lafrancol S.A.S",30,entregado,"2024-02-07 18:42:35","2024-02-22 18:42:35","FAC-003066"
3067,17,"Vitamina C 1000mg x30","Vitaminas y suplementos",6,"Tecnoquímicas S.A",34,entregado,"2024-01-31 10:39:53","2024-02-15 10:39:53","FAC-003067"
3068,9,"Amoxicilina 500mg x21","Antibiótico",5,"Genfar S.A - Grupo Sanofi",56,entregado,"2023-07-17 11:19:14","2023-07-24 11:19:14","FAC-003068"
3069,41,"Lubricante Durex Play 50ml","Lubricantes",9,"Laboratorios Siegfried Colombia S.A",74,entregado,"2023-06-02 01:57:20","2023-06-13 01:57:20","FAC-003069"
3070,26,"Shampoo anticaspa 400ml","Cuidado personal",7,"Bayer S.A Colombia",16,en proceso,"2023-03-18 16:08:33","2023-04-04 16:08:33",""
3071,43,"Lubricante Pjur Original 30ml","Lubricantes",9,"Laboratorios Siegfried Colombia S.A",24,entregado,"2023-02-25 15:38:47","2023-03-09 15:38:47","FAC-003071"
3072,30,"Crema dental blanqueadora 75ml","Cuidado personal",7,"Bayer S.A Colombia",55,en proceso,"2025-10-08 07:43:19","2025-10-26 07:43:19",""
3073,43,"Lubricante Pjur Original 30ml","Lubricantes",9,"Laboratorios Siegfried Colombia S.A",72,aceptado,"2025-04-03 00:34:54","",""
3074,28,"Jabón antibacterial 250ml","Cuidado personal",7,"Bayer S.A Colombia",82,entregado,"2024-04-07 19:34:52","2024-04-10 19:34:52","FAC-003074"
3075,30,"Crema dental blanqueadora 75ml","Cuidado personal",7,"Bayer S.A Colombia",29,en proceso,"2023-05-17 13:45:11","2023-06-06 13:45:11",""
3076,44,"Lubricante Nuei Delay 100ml","Lubricantes",9,"Laboratorios Siegfried Colombia S.A",64,en proceso,"2023-06-07 12:53:49","2023-06-21 12:53:49",""
3077,28,"Jabón antibacterial 250ml","Cuidado personal",7,"Bayer S.A Colombia",64,en proceso,"2023-01-02 15:38:32","2023-01-18 15:38:32",""
3078,23,"Hierro + Ácido Fólico x30","Vitaminas y suplementos",6,"Tecnoquímicas S.A",14,entregado,"2024-11-30 18:34:48","2024-12-08 18:34:48","FAC-003078"
3079,5,"Diclofenaco 50mg x10","Analgésico",4,"Laboratorios Lafrancol S.A.S",82,entregado,"2025-12-06 22:19:03","2025-12-10 22:19:03","FAC-003079"
3080,18,"Vitamina D3 2000UI x30","Vitaminas y suplementos",6,"Tecnoquímicas S.A",28,entregado,"2024-04-07 04:03:53","2024-04-11 04:03:53","FAC-003080"
3081,38,"Condón Lifestyles Ultra x12","Condones",8,"Distribuidora Íntima de Colombia S.A.S",31,aceptado,"2025-08-29 05:29:42","",""
3082,28,"Jabón antibacterial 250ml","Cuidado personal",7,"Bayer S.A Colombia",76,aceptado,"2023-07-03 14:16:11","",""
3083,15,"Cefalexina 500mg x20","Antibiótico",5,"Genfar S.A - Grupo Sanofi",59,aceptado,"2024-12-21 18:00:23","",""
3084,34,"Condón Durex Extra Fino x3","Condones",8,"Distribuidora Íntima de Colombia S.A.S",27,entregado,"2025-07-16 10:28:23","2025-07-21 10:28:23","FAC-003084"
3085,15,"Cefalexina 500mg x20","Antibiótico",5,"Genfar S.A - Grupo Sanofi",92,entregado,"2024-06-20 14:29:13","2024-07-05 14:29:13","FAC-003085"
3086,37,"Condón Control Retard x3","Condones",8,"Distribuidora Íntima de Colombia S.A.S",81,entregado,"2024-01-09 16:58:14","2024-01-13 16:58:14","FAC-003086"
3087,12,"Metronidazol 500mg x14","Antibiótico",5,"Genfar S.A - Grupo Sanofi",89,en proceso,"2024-09-08 18:02:54","2024-09-13 18:02:54",""
3088,9,"Amoxicilina 500mg x21","Antibiótico",5,"Genfar S.A - Grupo Sanofi",10,entregado,"2025-08-02 05:55:22","2025-08-11 05:55:22","FAC-003088"
3089,32,"Gel antibacterial 500ml","Cuidado personal",7,"Bayer S.A Colombia",79,entregado,"2025-07-20 02:04:21","2025-07-29 02:04:21","FAC-003089"
3090,16,"Doxiciclina 100mg x10","Antibiótico",5,"Genfar S.A - Grupo Sanofi",79,en proceso,"2023-09-02 23:13:13","2023-09-14 23:13:13",""
3091,48,"Lubricante Control Aqua 75ml","Lubricantes",9,"Laboratorios Siegfried Colombia S.A",62,entregado,"2024-07-10 22:11:08","2024-07-21 22:11:08","FAC-003091"
3092,28,"Jabón antibacterial 250ml","Cuidado personal",7,"Bayer S.A Colombia",62,en proceso,"2024-04-29 20:20:57","2024-05-08 20:20:57",""
3093,16,"Doxiciclina 100mg x10","Antibiótico",5,"Genfar S.A - Grupo Sanofi",84,entregado,"2024-02-26 22:03:48","2024-03-09 22:03:48","FAC-003093"
3094,15,"Cefalexina 500mg x20","Antibiótico",5,"Genfar S.A - Grupo Sanofi",25,en proceso,"2024-03-23 13:01:28","2024-04-12 13:01:28",""
3095,40,"Condón Protex x12","Condones",8,"Distribuidora Íntima de Colombia S.A.S",14,en proceso,"2023-06-17 07:51:06","2023-07-01 07:51:06",""
3096,34,"Condón Durex Extra Fino x3","Condones",8,"Distribuidora Íntima de Colombia S.A.S",47,entregado,"2023-12-19 11:29:22","2023-12-24 11:29:22","FAC-003096"
3097,4,"Aspirina 100mg x10","Analgésico",4,"Laboratorios Lafrancol S.A.S",43,entregado,"2025-10-20 08:47:25","2025-11-03 08:47:25","FAC-003097"
3098,47,"Lubricante Prudence Aqua 60ml","Lubricantes",9,"Laboratorios Siegfried Colombia S.A",95,entregado,"2023-06-09 09:30:32","2023-06-16 09:30:32","FAC-003098"
3099,20,"Omega 3 1000mg x30","Vitaminas y suplementos",6,"Tecnoquímicas S.A",88,en proceso,"2025-08-17 10:35:15","2025-09-04 10:35:15",""
3100,30,"Crema dental blanqueadora 75ml","Cuidado personal",7,"Bayer S.A Colombia",20,en proceso,"2025-03-28 19:27:47","2025-04-16 19:27:47",""
3101,18,"Vitamina D3 2000UI x30","Vitaminas y suplementos",6,"Tecnoquímicas S.A",58,entregado,"2025-09-07 20:57:03","2025-09-20 20:57:03","FAC-003101"
3102,38,"Condón Lifestyles Ultra x12","Condones",8,"Distribuidora Íntima de Colombia S.A.S",68,entregado,"2025-03-08 08:08:28","2025-03-22 08:08:28","FAC-003102"
3103,14,"Claritromicina 500mg x14","Antibiótico",5,"Genfar S.A - Grupo Sanofi",28,aceptado,"2024-05-28 08:51:54","",""
3104,38,"Condón Lifestyles Ultra x12","Condones",8,"Distribuidora Íntima de Colombia S.A.S",39,en proceso,"2023-05-14 00:20:48","2023-05-19 00:20:48",""
3105,25,"Protector solar SPF 50 50ml","Cuidado personal",7,"Bayer S.A Colombia",54,entregado,"2025-05-05 10:18:04","2025-05-18 10:18:04","FAC-003105"
3106,38,"Condón Lifestyles Ultra x12","Condones",8,"Distribuidora Íntima de Colombia S.A.S",100,entregado,"2025-11-11 09:12:27","2025-11-25 09:12:27","FAC-003106"
3107,9,"Amoxicilina 500mg x21","Antibiótico",5,"Genfar S.A - Grupo Sanofi",58,entregado,"2024-11-16 18:26:21","2024-11-26 18:26:21","FAC-003107"
3108,3,"Naproxeno 500mg x10","Analgésico",4,"Laboratorios Lafrancol S.A.S",90,aceptado,"2023-10-04 05:06:28","",""
3109,6,"Meloxicam 15mg x10","Analgésico",4,"Laboratorios Lafrancol S.A.S",94,entregado,"2024-07-13 06:29:03","2024-07-16 06:29:03","FAC-003109"
3110,3,"Naproxeno 500mg x10","Analgésico",4,"Laboratorios Lafrancol S.A.S",95,entregado,"2023-02-14 01:42:31","2023-03-01 01:42:31","FAC-003110"
3111,28,"Jabón antibacterial 250ml","Cuidado personal",7,"Bayer S.A Colombia",22,entregado,"2023-01-21 20:15:34","2023-02-02 20:15:34","FAC-003111"
3112,15,"Cefalexina 500mg x20","Antibiótico",5,"Genfar S.A - Grupo Sanofi",54,en proceso,"2024-04-15 04:42:05","2024-05-04 04:42:05",""
3113,23,"Hierro + Ácido Fólico x30","Vitaminas y suplementos",6,"Tecnoquímicas S.A",92,aceptado,"2025-09-17 02:26:44","",""
3114,37,"Condón Control Retard x3","Condones",8,"Distribuidora Íntima de Colombia S.A.S",51,en proceso,"2023-01-30 22:25:34","2023-02-19 22:25:34",""
3115,19,"Complejo B x30","Vitaminas y suplementos",6,"Tecnoquímicas S.A",87,aceptado,"2023-02-23 18:30:14","",""
3116,47,"Lubricante Prudence Aqua 60ml","Lubricantes",9,"Laboratorios Siegfried Colombia S.A",90,entregado,"2024-07-22 07:23:47","2024-07-26 07:23:47","FAC-003116"
3117,25,"Protector solar SPF 50 50ml","Cuidado personal",7,"Bayer S.A Colombia",99,en proceso,"2025-11-12 05:17:37","2025-11-28 05:17:37",""
3118,39,"Condón Vive Placer Real x3","Condones",8,"Distribuidora Íntima de Colombia S.A.S",69,en proceso,"2025-01-11 00:29:39","2025-01-17 00:29:39",""
3119,29,"Hilo dental 50m","Cuidado personal",7,"Bayer S.A Colombia",58,entregado,"2025-01-29 20:04:20","2025-02-04 20:04:20","FAC-003119"
3120,29,"Hilo dental 50m","Cuidado personal",7,"Bayer S.A Colombia",44,en proceso,"2023-02-24 12:43:08","2023-03-02 12:43:08",""
3121,42,"Lubricante Íntimo KY 75ml","Lubricantes",9,"Laboratorios Siegfried Colombia S.A",63,aceptado,"2023-12-19 01:23:58","",""
3122,3,"Naproxeno 500mg x10","Analgésico",4,"Laboratorios Lafrancol S.A.S",64,en proceso,"2023-08-07 23:36:57","2023-08-22 23:36:57",""
3123,2,"Ibuprofeno 400mg x10","Analgésico",4,"Laboratorios Lafrancol S.A.S",16,entregado,"2025-06-25 05:32:18","2025-07-05 05:32:18","FAC-003123"
3124,13,"Clindamicina 300mg x16","Antibiótico",5,"Genfar S.A - Grupo Sanofi",70,entregado,"2025-01-08 11:50:01","2025-01-17 11:50:01","FAC-003124"
3125,34,"Condón Durex Extra Fino x3","Condones",8,"Distribuidora Íntima de Colombia S.A.S",40,entregado,"2023-01-17 01:26:56","2023-01-26 01:26:56","FAC-003125"
3126,36,"Condón Prudence Fresa x3","Condones",8,"Distribuidora Íntima de Colombia S.A.S",24,entregado,"2023-02-24 01:15:07","2023-03-05 01:15:07","FAC-003126"
3127,31,"Desodorante roll-on 50ml","Cuidado personal",7,"Bayer S.A Colombia",32,entregado,"2025-02-01 08:55:42","2025-02-12 08:55:42","FAC-003127"
3128,28,"Jabón antibacterial 250ml","Cuidado personal",7,"Bayer S.A Colombia",30,entregado,"2024-05-01 05:47:22","2024-05-16 05:47:22","FAC-003128"
3129,9,"Amoxicilina 500mg x21","Antibiótico",5,"Genfar S.A - Grupo Sanofi",76,en proceso,"2024-05-19 10:31:04","2024-05-27 10:31:04",""
3130,8,"Ketorolaco 10mg x10","Analgésico",4,"Laboratorios Lafrancol S.A.S",58,entregado,"2024-07-05 18:18:10","2024-07-09 18:18:10","FAC-003130"
3131,26,"Shampoo anticaspa 400ml","Cuidado personal",7,"Bayer S.A Colombia",28,en proceso,"2025-09-26 23:07:44","2025-10-06 23:07:44",""
3132,13,"Clindamicina 300mg x16","Antibiótico",5,"Genfar S.A - Grupo Sanofi",92,entregado,"2024-09-02 16:49:49","2024-09-13 16:49:49","FAC-003132"
3133,1,"Acetaminofén 500mg x10","Analgésico",4,"Laboratorios Lafrancol S.A.S",31,entregado,"2023-02-28 00:41:49","2023-03-12 00:41:49","FAC-003133"
3134,30,"Crema dental blanqueadora 75ml","Cuidado personal",7,"Bayer S.A Colombia",22,en proceso,"2023-08-20 07:19:40","2023-08-29 07:19:40",""
3135,32,"Gel antibacterial 500ml","Cuidado personal",7,"Bayer S.A Colombia",38,entregado,"2024-03-10 09:14:25","2024-03-21 09:14:25","FAC-003135"
3136,19,"Complejo B x30","Vitaminas y suplementos",6,"Tecnoquímicas S.A",99,entregado,"2025-05-05 05:49:29","2025-05-10 05:49:29","FAC-003136"
3137,5,"Diclofenaco 50mg x10","Analgésico",4,"Laboratorios Lafrancol S.A.S",67,entregado,"2025-09-06 21:39:55","2025-09-21 21:39:55","FAC-003137"
3138,15,"Cefalexina 500mg x20","Antibiótico",5,"Genfar S.A - Grupo Sanofi",88,aceptado,"2025-06-19 23:51:48","",""
3139,43,"Lubricante Pjur Original 30ml","Lubricantes",9,"Laboratorios Siegfried Colombia S.A",38,en proceso,"2023-02-26 12:59:19","2023-03-08 12:59:19",""
3140,16,"Doxiciclina 100mg x10","Antibiótico",5,"Genfar S.A - Grupo Sanofi",52,entregado,"2024-09-08 20:46:43","2024-09-21 20:46:43","FAC-003140"
3141,7,"Tramadol 50mg x10","Analgésico",4,"Laboratorios Lafrancol S.A.S",85,entregado,"2024-08-09 10:34:25","2024-08-13 10:34:25","FAC-003141"
3142,11,"Ciprofloxacino 500mg x10","Antibiótico",5,"Genfar S.A - Grupo Sanofi",11,aceptado,"2025-08-14 10:52:04","",""
3143,37,"Condón Control Retard x3","Condones",8,"Distribuidora Íntima de Colombia S.A.S",78,en proceso,"2023-09-09 23:57:41","2023-09-25 23:57:41",""
3144,14,"Claritromicina 500mg x14","Antibiótico",5,"Genfar S.A - Grupo Sanofi",30,en proceso,"2025-07-26 17:54:12","2025-08-03 17:54:12",""
3145,38,"Condón Lifestyles Ultra x12","Condones",8,"Distribuidora Íntima de Colombia S.A.S",89,entregado,"2025-11-20 22:15:38","2025-12-02 22:15:38","FAC-003145"
3146,7,"Tramadol 50mg x10","Analgésico",4,"Laboratorios Lafrancol S.A.S",16,entregado,"2023-08-05 15:49:08","2023-08-14 15:49:08","FAC-003146"
3147,24,"Magnesio 400mg x60","Vitaminas y suplementos",6,"Tecnoquímicas S.A",91,entregado,"2024-07-05 03:53:41","2024-07-14 03:53:41","FAC-003147"
3148,48,"Lubricante Control Aqua 75ml","Lubricantes",9,"Laboratorios Siegfried Colombia S.A",67,entregado,"2023-01-14 15:53:50","2023-01-22 15:53:50","FAC-003148"
3149,9,"Amoxicilina 500mg x21","Antibiótico",5,"Genfar S.A - Grupo Sanofi",73,entregado,"2023-08-16 00:59:29","2023-08-23 00:59:29","FAC-003149"
3150,28,"Jabón antibacterial 250ml","Cuidado personal",7,"Bayer S.A Colombia",57,en proceso,"2024-11-21 23:33:23","2024-11-29 23:33:23",""
3151,36,"Condón Prudence Fresa x3","Condones",8,"Distribuidora Íntima de Colombia S.A.S",68,entregado,"2023-08-07 19:06:33","2023-08-21 19:06:33","FAC-003151"
3152,4,"Aspirina 100mg x10","Analgésico",4,"Laboratorios Lafrancol S.A.S",53,entregado,"2025-04-06 04:37:52","2025-04-21 04:37:52","FAC-003152"
3153,23,"Hierro + Ácido Fólico x30","Vitaminas y suplementos",6,"Tecnoquímicas S.A",16,entregado,"2023-09-14 04:07:26","2023-09-23 04:07:26","FAC-003153"
3154,47,"Lubricante Prudence Aqua 60ml","Lubricantes",9,"Laboratorios Siegfried Colombia S.A",14,en proceso,"2025-12-21 16:39:10","2025-12-28 16:39:10",""
3155,18,"Vitamina D3 2000UI x30","Vitaminas y suplementos",6,"Tecnoquímicas S.A",46,entregado,"2023-09-07 02:22:12","2023-09-10 02:22:12","FAC-003155"
3156,5,"Diclofenaco 50mg x10","Analgésico",4,"Laboratorios Lafrancol S.A.S",25,en proceso,"2025-05-07 23:02:51","2025-05-14 23:02:51",""
3157,12,"Metronidazol 500mg x14","Antibiótico",5,"Genfar S.A - Grupo Sanofi",56,entregado,"2023-01-13 16:02:10","2023-01-17 16:02:10","FAC-003157"
3158,35,"Condón Condomi Ultra x12","Condones",8,"Distribuidora Íntima de Colombia S.A.S",29,en proceso,"2024-05-25 01:06:40","2024-05-31 01:06:40",""
3159,42,"Lubricante Íntimo KY 75ml","Lubricantes",9,"Laboratorios Siegfried Colombia S.A",100,entregado,"2025-04-12 06:02:41","2025-04-15 06:02:41","FAC-003159"
3160,12,"Metronidazol 500mg x14","Antibiótico",5,"Genfar S.A - Grupo Sanofi",59,entregado,"2023-09-17 10:40:22","2023-09-21 10:40:22","FAC-003160"
3161,23,"Hierro + Ácido Fólico x30","Vitaminas y suplementos",6,"Tecnoquímicas S.A",51,entregado,"2024-08-07 21:25:22","2024-08-12 21:25:22","FAC-003161"
3162,45,"Lubricante Yes OB Natural 80ml","Lubricantes",9,"Laboratorios Siegfried Colombia S.A",53,entregado,"2025-11-03 10:44:39","2025-11-10 10:44:39","FAC-003162"
3163,14,"Claritromicina 500mg x14","Antibiótico",5,"Genfar S.A - Grupo Sanofi",13,entregado,"2024-04-12 14:34:03","2024-04-22 14:34:03","FAC-003163"
3164,1,"Acetaminofén 500mg x10","Analgésico",4,"Laboratorios Lafrancol S.A.S",30,entregado,"2023-02-21 12:53:00","2023-03-06 12:53:00","FAC-003164"
3165,28,"Jabón antibacterial 250ml","Cuidado personal",7,"Bayer S.A Colombia",59,entregado,"2025-06-27 19:15:34","2025-07-07 19:15:34","FAC-003165"
3166,36,"Condón Prudence Fresa x3","Condones",8,"Distribuidora Íntima de Colombia S.A.S",44,en proceso,"2024-06-09 05:54:21","2024-06-19 05:54:21",""
3167,24,"Magnesio 400mg x60","Vitaminas y suplementos",6,"Tecnoquímicas S.A",14,aceptado,"2025-10-31 21:30:04","",""
3168,27,"Crema hidratante facial 50ml","Cuidado personal",7,"Bayer S.A Colombia",63,entregado,"2023-06-22 08:16:17","2023-07-06 08:16:17","FAC-003168"
3169,20,"Omega 3 1000mg x30","Vitaminas y suplementos",6,"Tecnoquímicas S.A",67,aceptado,"2025-08-11 23:23:27","",""
3170,16,"Doxiciclina 100mg x10","Antibiótico",5,"Genfar S.A - Grupo Sanofi",99,entregado,"2025-03-28 23:42:44","2025-04-11 23:42:44","FAC-003170"
3171,22,"Zinc 50mg x30","Vitaminas y suplementos",6,"Tecnoquímicas S.A",59,entregado,"2025-04-09 06:57:17","2025-04-14 06:57:17","FAC-003171"
3172,3,"Naproxeno 500mg x10","Analgésico",4,"Laboratorios Lafrancol S.A.S",57,entregado,"2024-03-02 19:36:22","2024-03-06 19:36:22","FAC-003172"
3173,1,"Acetaminofén 500mg x10","Analgésico",4,"Laboratorios Lafrancol S.A.S",60,aceptado,"2024-08-07 00:39:10","",""
3174,31,"Desodorante roll-on 50ml","Cuidado personal",7,"Bayer S.A Colombia",24,aceptado,"2024-10-05 09:16:00","",""
3175,18,"Vitamina D3 2000UI x30","Vitaminas y suplementos",6,"Tecnoquímicas S.A",87,entregado,"2023-02-04 09:51:59","2023-02-11 09:51:59","FAC-003175"
3176,12,"Metronidazol 500mg x14","Antibiótico",5,"Genfar S.A - Grupo Sanofi",31,entregado,"2024-06-30 11:00:53","2024-07-05 11:00:53","FAC-003176"
3177,44,"Lubricante Nuei Delay 100ml","Lubricantes",9,"Laboratorios Siegfried Colombia S.A",100,entregado,"2023-04-21 08:42:37","2023-04-30 08:42:37","FAC-003177"
3178,7,"Tramadol 50mg x10","Analgésico",4,"Laboratorios Lafrancol S.A.S",53,entregado,"2023-04-26 13:34:31","2023-05-07 13:34:31","FAC-003178"
3179,26,"Shampoo anticaspa 400ml","Cuidado personal",7,"Bayer S.A Colombia",64,aceptado,"2025-04-06 05:31:49","",""
3180,21,"Calcio + Vitamina D x60","Vitaminas y suplementos",6,"Tecnoquímicas S.A",28,en proceso,"2023-05-18 02:19:34","2023-05-25 02:19:34",""
3181,26,"Shampoo anticaspa 400ml","Cuidado personal",7,"Bayer S.A Colombia",11,entregado,"2023-09-16 12:13:32","2023-10-01 12:13:32","FAC-003181"
3182,4,"Aspirina 100mg x10","Analgésico",4,"Laboratorios Lafrancol S.A.S",80,entregado,"2024-11-03 08:20:42","2024-11-11 08:20:42","FAC-003182"
3183,33,"Condón Durex Natural x3","Condones",8,"Distribuidora Íntima de Colombia S.A.S",100,entregado,"2025-07-11 07:34:23","2025-07-24 07:34:23","FAC-003183"
3184,25,"Protector solar SPF 50 50ml","Cuidado personal",7,"Bayer S.A Colombia",90,entregado,"2023-10-04 00:22:16","2023-10-07 00:22:16","FAC-003184"
3185,14,"Claritromicina 500mg x14","Antibiótico",5,"Genfar S.A - Grupo Sanofi",89,entregado,"2023-08-22 10:10:03","2023-08-27 10:10:03","FAC-003185"
3186,33,"Condón Durex Natural x3","Condones",8,"Distribuidora Íntima de Colombia S.A.S",29,aceptado,"2023-07-02 17:02:52","",""
3187,42,"Lubricante Íntimo KY 75ml","Lubricantes",9,"Laboratorios Siegfried Colombia S.A",60,entregado,"2023-06-10 10:31:54","2023-06-15 10:31:54","FAC-003187"
3188,3,"Naproxeno 500mg x10","Analgésico",4,"Laboratorios Lafrancol S.A.S",85,entregado,"2024-05-18 04:42:04","2024-05-24 04:42:04","FAC-003188"
3189,6,"Meloxicam 15mg x10","Analgésico",4,"Laboratorios Lafrancol S.A.S",98,entregado,"2025-12-03 04:01:46","2025-12-06 04:01:46","FAC-003189"
3190,46,"Lubricante Vive Sensitivo 50ml","Lubricantes",9,"Laboratorios Siegfried Colombia S.A",97,entregado,"2024-06-09 21:39:49","2024-06-24 21:39:49","FAC-003190"
3191,43,"Lubricante Pjur Original 30ml","Lubricantes",9,"Laboratorios Siegfried Colombia S.A",21,entregado,"2024-01-08 01:44:08","2024-01-20 01:44:08","FAC-003191"
3192,8,"Ketorolaco 10mg x10","Analgésico",4,"Laboratorios Lafrancol S.A.S",51,aceptado,"2023-03-04 16:35:14","",""
3193,14,"Claritromicina 500mg x14","Antibiótico",5,"Genfar S.A - Grupo Sanofi",19,entregado,"2025-05-13 13:24:24","2025-05-21 13:24:24","FAC-003193"
3194,1,"Acetaminofén 500mg x10","Analgésico",4,"Laboratorios Lafrancol S.A.S",24,en proceso,"2024-03-11 16:17:55","2024-03-26 16:17:55",""
3195,16,"Doxiciclina 100mg x10","Antibiótico",5,"Genfar S.A - Grupo Sanofi",70,entregado,"2023-01-29 14:14:24","2023-02-03 14:14:24","FAC-003195"
3196,1,"Acetaminofén 500mg x10","Analgésico",4,"Laboratorios Lafrancol S.A.S",100,en proceso,"2025-10-12 19:31:59","2025-10-24 19:31:59",""
3197,22,"Zinc 50mg x30","Vitaminas y suplementos",6,"Tecnoquímicas S.A",83,entregado,"2023-04-20 13:26:36","2023-05-03 13:26:36","FAC-003197"
3198,23,"Hierro + Ácido Fólico x30","Vitaminas y suplementos",6,"Tecnoquímicas S.A",20,entregado,"2023-09-08 16:30:20","2023-09-18 16:30:20","FAC-003198"
3199,6,"Meloxicam 15mg x10","Analgésico",4,"Laboratorios Lafrancol S.A.S",17,entregado,"2025-05-16 13:11:47","2025-05-23 13:11:47","FAC-003199"
3200,25,"Protector solar SPF 50 50ml","Cuidado personal",7,"Bayer S.A Colombia",10,entregado,"2025-04-05 09:41:28","2025-04-12 09:41:28","FAC-003200"
3201,46,"Lubricante Vive Sensitivo 50ml","Lubricantes",9,"Laboratorios Siegfried Colombia S.A",22,en proceso,"2023-02-18 01:21:55","2023-02-25 01:21:55",""
3202,17,"Vitamina C 1000mg x30","Vitaminas y suplementos",6,"Tecnoquímicas S.A",44,en proceso,"2024-10-21 01:06:45","2024-10-26 01:06:45",""
3203,3,"Naproxeno 500mg x10","Analgésico",4,"Laboratorios Lafrancol S.A.S",14,en proceso,"2025-02-28 21:06:40","2025-03-13 21:06:40",""
3204,46,"Lubricante Vive Sensitivo 50ml","Lubricantes",9,"Laboratorios Siegfried Colombia S.A",94,entregado,"2023-10-21 14:14:00","2023-11-04 14:14:00","FAC-003204"
3205,36,"Condón Prudence Fresa x3","Condones",8,"Distribuidora Íntima de Colombia S.A.S",40,entregado,"2025-01-26 02:54:10","2025-02-09 02:54:10","FAC-003205"
3206,26,"Shampoo anticaspa 400ml","Cuidado personal",7,"Bayer S.A Colombia",75,en proceso,"2023-06-06 03:03:56","2023-06-16 03:03:56",""
3207,11,"Ciprofloxacino 500mg x10","Antibiótico",5,"Genfar S.A - Grupo Sanofi",62,entregado,"2024-07-27 10:52:36","2024-08-02 10:52:36","FAC-003207"
3208,39,"Condón Vive Placer Real x3","Condones",8,"Distribuidora Íntima de Colombia S.A.S",71,entregado,"2025-03-14 05:05:45","2025-03-26 05:05:45","FAC-003208"
3209,23,"Hierro + Ácido Fólico x30","Vitaminas y suplementos",6,"Tecnoquímicas S.A",22,aceptado,"2024-07-25 16:44:58","",""
3210,44,"Lubricante Nuei Delay 100ml","Lubricantes",9,"Laboratorios Siegfried Colombia S.A",18,entregado,"2024-08-03 14:10:06","2024-08-10 14:10:06","FAC-003210"
3211,28,"Jabón antibacterial 250ml","Cuidado personal",7,"Bayer S.A Colombia",20,entregado,"2023-12-09 19:01:49","2023-12-14 19:01:49","FAC-003211"
3212,24,"Magnesio 400mg x60","Vitaminas y suplementos",6,"Tecnoquímicas S.A",77,entregado,"2025-08-03 01:24:33","2025-08-11 01:24:33","FAC-003212"
3213,3,"Naproxeno 500mg x10","Analgésico",4,"Laboratorios Lafrancol S.A.S",99,entregado,"2025-02-25 18:40:57","2025-03-03 18:40:57","FAC-003213"
3214,26,"Shampoo anticaspa 400ml","Cuidado personal",7,"Bayer S.A Colombia",86,entregado,"2025-03-10 17:06:08","2025-03-16 17:06:08","FAC-003214"
3215,3,"Naproxeno 500mg x10","Analgésico",4,"Laboratorios Lafrancol S.A.S",53,en proceso,"2024-07-29 06:10:05","2024-08-17 06:10:05",""
3216,8,"Ketorolaco 10mg x10","Analgésico",4,"Laboratorios Lafrancol S.A.S",86,en proceso,"2023-05-14 22:30:31","2023-05-31 22:30:31",""
3217,48,"Lubricante Control Aqua 75ml","Lubricantes",9,"Laboratorios Siegfried Colombia S.A",11,entregado,"2023-12-09 01:37:07","2023-12-13 01:37:07","FAC-003217"
3218,29,"Hilo dental 50m","Cuidado personal",7,"Bayer S.A Colombia",95,entregado,"2023-10-07 21:19:53","2023-10-11 21:19:53","FAC-003218"
3219,34,"Condón Durex Extra Fino x3","Condones",8,"Distribuidora Íntima de Colombia S.A.S",74,aceptado,"2025-01-31 14:33:42","",""
3220,41,"Lubricante Durex Play 50ml","Lubricantes",9,"Laboratorios Siegfried Colombia S.A",43,aceptado,"2025-02-17 01:05:28","",""
3221,33,"Condón Durex Natural x3","Condones",8,"Distribuidora Íntima de Colombia S.A.S",21,entregado,"2024-04-18 22:47:29","2024-04-25 22:47:29","FAC-003221"
3222,42,"Lubricante Íntimo KY 75ml","Lubricantes",9,"Laboratorios Siegfried Colombia S.A",46,entregado,"2025-06-26 22:30:31","2025-06-29 22:30:31","FAC-003222"
3223,29,"Hilo dental 50m","Cuidado personal",7,"Bayer S.A Colombia",55,entregado,"2024-05-31 18:09:08","2024-06-14 18:09:08","FAC-003223"
3224,17,"Vitamina C 1000mg x30","Vitaminas y suplementos",6,"Tecnoquímicas S.A",76,en proceso,"2025-06-05 23:48:13","2025-06-23 23:48:13",""
3225,42,"Lubricante Íntimo KY 75ml","Lubricantes",9,"Laboratorios Siegfried Colombia S.A",76,entregado,"2025-09-19 00:09:57","2025-09-29 00:09:57","FAC-003225"
3226,15,"Cefalexina 500mg x20","Antibiótico",5,"Genfar S.A - Grupo Sanofi",41,en proceso,"2025-08-24 12:18:53","2025-09-02 12:18:53",""
3227,4,"Aspirina 100mg x10","Analgésico",4,"Laboratorios Lafrancol S.A.S",93,entregado,"2024-10-23 11:41:42","2024-11-07 11:41:42","FAC-003227"
3228,38,"Condón Lifestyles Ultra x12","Condones",8,"Distribuidora Íntima de Colombia S.A.S",79,entregado,"2025-08-21 08:57:04","2025-08-27 08:57:04","FAC-003228"
3229,34,"Condón Durex Extra Fino x3","Condones",8,"Distribuidora Íntima de Colombia S.A.S",82,entregado,"2023-03-18 21:35:18","2023-03-24 21:35:18","FAC-003229"
3230,6,"Meloxicam 15mg x10","Analgésico",4,"Laboratorios Lafrancol S.A.S",15,entregado,"2023-10-05 01:49:01","2023-10-16 01:49:01","FAC-003230"
3231,25,"Protector solar SPF 50 50ml","Cuidado personal",7,"Bayer S.A Colombia",22,entregado,"2024-06-13 21:21:16","2024-06-16 21:21:16","FAC-003231"
3232,41,"Lubricante Durex Play 50ml","Lubricantes",9,"Laboratorios Siegfried Colombia S.A",15,entregado,"2023-12-19 13:52:01","2023-12-31 13:52:01","FAC-003232"
3233,40,"Condón Protex x12","Condones",8,"Distribuidora Íntima de Colombia S.A.S",94,en proceso,"2025-11-24 13:33:29","2025-12-12 13:33:29",""
3234,48,"Lubricante Control Aqua 75ml","Lubricantes",9,"Laboratorios Siegfried Colombia S.A",85,aceptado,"2024-04-10 05:27:27","",""
3235,11,"Ciprofloxacino 500mg x10","Antibiótico",5,"Genfar S.A - Grupo Sanofi",97,entregado,"2023-06-21 11:58:20","2023-07-06 11:58:20","FAC-003235"
3236,5,"Diclofenaco 50mg x10","Analgésico",4,"Laboratorios Lafrancol S.A.S",43,en proceso,"2024-04-04 04:30:23","2024-04-22 04:30:23",""
3237,33,"Condón Durex Natural x3","Condones",8,"Distribuidora Íntima de Colombia S.A.S",64,en proceso,"2024-10-15 06:26:37","2024-10-27 06:26:37",""
3238,36,"Condón Prudence Fresa x3","Condones",8,"Distribuidora Íntima de Colombia S.A.S",25,en proceso,"2025-07-20 07:01:28","2025-07-31 07:01:28",""
3239,42,"Lubricante Íntimo KY 75ml","Lubricantes",9,"Laboratorios Siegfried Colombia S.A",47,entregado,"2024-02-13 10:04:16","2024-02-28 10:04:16","FAC-003239"
3240,16,"Doxiciclina 100mg x10","Antibiótico",5,"Genfar S.A - Grupo Sanofi",33,entregado,"2025-10-31 21:32:47","2025-11-15 21:32:47","FAC-003240"
3241,47,"Lubricante Prudence Aqua 60ml","Lubricantes",9,"Laboratorios Siegfried Colombia S.A",56,entregado,"2024-08-19 21:32:46","2024-08-22 21:32:46","FAC-003241"
3242,1,"Acetaminofén 500mg x10","Analgésico",4,"Laboratorios Lafrancol S.A.S",34,en proceso,"2023-05-27 21:03:01","2023-06-01 21:03:01",""
3243,20,"Omega 3 1000mg x30","Vitaminas y suplementos",6,"Tecnoquímicas S.A",70,entregado,"2023-04-01 21:34:46","2023-04-10 21:34:46","FAC-003243"
3244,23,"Hierro + Ácido Fólico x30","Vitaminas y suplementos",6,"Tecnoquímicas S.A",89,entregado,"2023-01-18 15:52:47","2023-01-23 15:52:47","FAC-003244"
3245,28,"Jabón antibacterial 250ml","Cuidado personal",7,"Bayer S.A Colombia",38,entregado,"2024-08-23 11:40:32","2024-09-03 11:40:32","FAC-003245"
3246,44,"Lubricante Nuei Delay 100ml","Lubricantes",9,"Laboratorios Siegfried Colombia S.A",71,en proceso,"2023-12-06 16:34:48","2023-12-23 16:34:48",""
3247,3,"Naproxeno 500mg x10","Analgésico",4,"Laboratorios Lafrancol S.A.S",71,en proceso,"2023-12-28 08:47:56","2024-01-12 08:47:56",""
3248,37,"Condón Control Retard x3","Condones",8,"Distribuidora Íntima de Colombia S.A.S",94,entregado,"2025-09-06 04:33:54","2025-09-10 04:33:54","FAC-003248"
3249,19,"Complejo B x30","Vitaminas y suplementos",6,"Tecnoquímicas S.A",31,entregado,"2023-09-15 11:35:04","2023-09-20 11:35:04","FAC-003249"
3250,2,"Ibuprofeno 400mg x10","Analgésico",4,"Laboratorios Lafrancol S.A.S",59,entregado,"2025-01-26 14:34:35","2025-01-31 14:34:35","FAC-003250"
3251,3,"Naproxeno 500mg x10","Analgésico",4,"Laboratorios Lafrancol S.A.S",55,entregado,"2023-10-06 05:40:16","2023-10-12 05:40:16","FAC-003251"
3252,25,"Protector solar SPF 50 50ml","Cuidado personal",7,"Bayer S.A Colombia",26,entregado,"2024-02-29 13:31:00","2024-03-09 13:31:00","FAC-003252"
3253,43,"Lubricante Pjur Original 30ml","Lubricantes",9,"Laboratorios Siegfried Colombia S.A",26,en proceso,"2025-06-22 14:17:45","2025-06-28 14:17:45",""
3254,21,"Calcio + Vitamina D x60","Vitaminas y suplementos",6,"Tecnoquímicas S.A",13,en proceso,"2023-04-29 16:19:46","2023-05-15 16:19:46",""
3255,3,"Naproxeno 500mg x10","Analgésico",4,"Laboratorios Lafrancol S.A.S",33,en proceso,"2024-12-04 14:57:06","2024-12-15 14:57:06",""
3256,13,"Clindamicina 300mg x16","Antibiótico",5,"Genfar S.A - Grupo Sanofi",30,entregado,"2024-02-21 17:26:57","2024-03-04 17:26:57","FAC-003256"
3257,38,"Condón Lifestyles Ultra x12","Condones",8,"Distribuidora Íntima de Colombia S.A.S",17,entregado,"2023-06-03 16:26:13","2023-06-08 16:26:13","FAC-003257"
3258,30,"Crema dental blanqueadora 75ml","Cuidado personal",7,"Bayer S.A Colombia",91,entregado,"2025-11-02 20:27:48","2025-11-06 20:27:48","FAC-003258"
3259,2,"Ibuprofeno 400mg x10","Analgésico",4,"Laboratorios Lafrancol S.A.S",26,en proceso,"2025-05-10 03:37:55","2025-05-18 03:37:55",""
3260,21,"Calcio + Vitamina D x60","Vitaminas y suplementos",6,"Tecnoquímicas S.A",80,entregado,"2025-08-01 06:01:39","2025-08-08 06:01:39","FAC-003260"
3261,6,"Meloxicam 15mg x10","Analgésico",4,"Laboratorios Lafrancol S.A.S",77,entregado,"2024-05-16 06:38:59","2024-05-30 06:38:59","FAC-003261"
3262,44,"Lubricante Nuei Delay 100ml","Lubricantes",9,"Laboratorios Siegfried Colombia S.A",11,en proceso,"2025-12-12 07:47:50","2025-12-23 07:47:50",""
3263,14,"Claritromicina 500mg x14","Antibiótico",5,"Genfar S.A - Grupo Sanofi",74,aceptado,"2024-03-25 22:30:43","",""
3264,44,"Lubricante Nuei Delay 100ml","Lubricantes",9,"Laboratorios Siegfried Colombia S.A",94,en proceso,"2023-07-17 07:28:47","2023-07-31 07:28:47",""
3265,4,"Aspirina 100mg x10","Analgésico",4,"Laboratorios Lafrancol S.A.S",86,aceptado,"2023-11-27 15:01:04","",""
3266,17,"Vitamina C 1000mg x30","Vitaminas y suplementos",6,"Tecnoquímicas S.A",20,entregado,"2024-09-01 03:12:33","2024-09-06 03:12:33","FAC-003266"
3267,6,"Meloxicam 15mg x10","Analgésico",4,"Laboratorios Lafrancol S.A.S",61,entregado,"2024-04-23 20:44:04","2024-05-07 20:44:04","FAC-003267"
3268,19,"Complejo B x30","Vitaminas y suplementos",6,"Tecnoquímicas S.A",69,en proceso,"2024-09-26 13:15:19","2024-10-16 13:15:19",""
3269,37,"Condón Control Retard x3","Condones",8,"Distribuidora Íntima de Colombia S.A.S",64,aceptado,"2023-11-10 01:16:31","",""
3270,39,"Condón Vive Placer Real x3","Condones",8,"Distribuidora Íntima de Colombia S.A.S",58,entregado,"2024-08-29 09:27:50","2024-09-13 09:27:50","FAC-003270"
3271,24,"Magnesio 400mg x60","Vitaminas y suplementos",6,"Tecnoquímicas S.A",43,en proceso,"2023-08-19 15:35:38","2023-09-03 15:35:38",""
3272,17,"Vitamina C 1000mg x30","Vitaminas y suplementos",6,"Tecnoquímicas S.A",95,aceptado,"2025-08-13 20:41:05","",""
3273,12,"Metronidazol 500mg x14","Antibiótico",5,"Genfar S.A - Grupo Sanofi",33,entregado,"2025-02-07 19:54:02","2025-02-14 19:54:02","FAC-003273"
3274,9,"Amoxicilina 500mg x21","Antibiótico",5,"Genfar S.A - Grupo Sanofi",27,en proceso,"2023-10-19 22:20:00","2023-11-02 22:20:00",""
3275,13,"Clindamicina 300mg x16","Antibiótico",5,"Genfar S.A - Grupo Sanofi",72,aceptado,"2024-02-09 13:56:40","",""
3276,19,"Complejo B x30","Vitaminas y suplementos",6,"Tecnoquímicas S.A",63,aceptado,"2024-07-05 08:40:40","",""
3277,48,"Lubricante Control Aqua 75ml","Lubricantes",9,"Laboratorios Siegfried Colombia S.A",76,en proceso,"2024-12-17 07:52:07","2025-01-05 07:52:07",""
3278,12,"Metronidazol 500mg x14","Antibiótico",5,"Genfar S.A - Grupo Sanofi",40,entregado,"2025-02-16 23:42:11","2025-02-23 23:42:11","FAC-003278"
3279,37,"Condón Control Retard x3","Condones",8,"Distribuidora Íntima de Colombia S.A.S",34,entregado,"2023-10-18 06:12:29","2023-10-31 06:12:29","FAC-003279"
3280,30,"Crema dental blanqueadora 75ml","Cuidado personal",7,"Bayer S.A Colombia",55,entregado,"2024-03-04 20:38:38","2024-03-17 20:38:38","FAC-003280"
3281,30,"Crema dental blanqueadora 75ml","Cuidado personal",7,"Bayer S.A Colombia",86,entregado,"2024-04-15 06:12:52","2024-04-19 06:12:52","FAC-003281"
3282,42,"Lubricante Íntimo KY 75ml","Lubricantes",9,"Laboratorios Siegfried Colombia S.A",96,entregado,"2025-06-19 08:20:05","2025-06-28 08:20:05","FAC-003282"
3283,41,"Lubricante Durex Play 50ml","Lubricantes",9,"Laboratorios Siegfried Colombia S.A",82,entregado,"2024-08-21 14:19:49","2024-08-27 14:19:49","FAC-003283"
3284,13,"Clindamicina 300mg x16","Antibiótico",5,"Genfar S.A - Grupo Sanofi",60,entregado,"2023-01-02 07:32:38","2023-01-12 07:32:38","FAC-003284"
3285,10,"Azitromicina 500mg x3","Antibiótico",5,"Genfar S.A - Grupo Sanofi",22,entregado,"2023-07-31 20:31:45","2023-08-09 20:31:45","FAC-003285"
3286,12,"Metronidazol 500mg x14","Antibiótico",5,"Genfar S.A - Grupo Sanofi",53,entregado,"2023-03-07 02:14:05","2023-03-13 02:14:05","FAC-003286"
3287,31,"Desodorante roll-on 50ml","Cuidado personal",7,"Bayer S.A Colombia",32,entregado,"2023-02-28 03:32:24","2023-03-11 03:32:24","FAC-003287"
3288,12,"Metronidazol 500mg x14","Antibiótico",5,"Genfar S.A - Grupo Sanofi",10,entregado,"2023-10-05 10:13:20","2023-10-09 10:13:20","FAC-003288"
3289,19,"Complejo B x30","Vitaminas y suplementos",6,"Tecnoquímicas S.A",53,entregado,"2024-07-02 16:18:30","2024-07-15 16:18:30","FAC-003289"
3290,9,"Amoxicilina 500mg x21","Antibiótico",5,"Genfar S.A - Grupo Sanofi",26,entregado,"2024-12-27 11:58:36","2025-01-06 11:58:36","FAC-003290"
3291,25,"Protector solar SPF 50 50ml","Cuidado personal",7,"Bayer S.A Colombia",77,entregado,"2023-07-26 00:41:48","2023-08-10 00:41:48","FAC-003291"
3292,28,"Jabón antibacterial 250ml","Cuidado personal",7,"Bayer S.A Colombia",64,entregado,"2024-05-20 16:37:08","2024-05-25 16:37:08","FAC-003292"
3293,17,"Vitamina C 1000mg x30","Vitaminas y suplementos",6,"Tecnoquímicas S.A",14,en proceso,"2024-03-22 04:27:09","2024-03-28 04:27:09",""
3294,46,"Lubricante Vive Sensitivo 50ml","Lubricantes",9,"Laboratorios Siegfried Colombia S.A",67,en proceso,"2025-03-02 22:48:03","2025-03-08 22:48:03",""
3295,4,"Aspirina 100mg x10","Analgésico",4,"Laboratorios Lafrancol S.A.S",30,en proceso,"2025-04-16 04:18:31","2025-05-03 04:18:31",""
3296,10,"Azitromicina 500mg x3","Antibiótico",5,"Genfar S.A - Grupo Sanofi",90,en proceso,"2023-04-06 10:37:36","2023-04-18 10:37:36",""
3297,22,"Zinc 50mg x30","Vitaminas y suplementos",6,"Tecnoquímicas S.A",11,entregado,"2024-05-26 00:06:44","2024-06-03 00:06:44","FAC-003297"
3298,23,"Hierro + Ácido Fólico x30","Vitaminas y suplementos",6,"Tecnoquímicas S.A",82,entregado,"2025-12-02 00:17:55","2025-12-14 00:17:55","FAC-003298"
3299,8,"Ketorolaco 10mg x10","Analgésico",4,"Laboratorios Lafrancol S.A.S",42,entregado,"2025-12-16 11:47:47","2025-12-20 11:47:47","FAC-003299"
3300,29,"Hilo dental 50m","Cuidado personal",7,"Bayer S.A Colombia",69,entregado,"2024-01-30 06:31:08","2024-02-10 06:31:08","FAC-003300"
3301,40,"Condón Protex x12","Condones",8,"Distribuidora Íntima de Colombia S.A.S",41,en proceso,"2024-11-26 08:06:04","2024-12-01 08:06:04",""
3302,33,"Condón Durex Natural x3","Condones",8,"Distribuidora Íntima de Colombia S.A.S",91,entregado,"2025-12-01 01:16:35","2025-12-13 01:16:35","FAC-003302"
3303,8,"Ketorolaco 10mg x10","Analgésico",4,"Laboratorios Lafrancol S.A.S",91,entregado,"2023-06-04 05:03:21","2023-06-17 05:03:21","FAC-003303"
3304,1,"Acetaminofén 500mg x10","Analgésico",4,"Laboratorios Lafrancol S.A.S",43,en proceso,"2024-10-01 06:20:48","2024-10-12 06:20:48",""
3305,18,"Vitamina D3 2000UI x30","Vitaminas y suplementos",6,"Tecnoquímicas S.A",61,en proceso,"2023-08-10 13:23:46","2023-08-21 13:23:46",""
3306,25,"Protector solar SPF 50 50ml","Cuidado personal",7,"Bayer S.A Colombia",30,entregado,"2024-11-14 05:49:05","2024-11-21 05:49:05","FAC-003306"
3307,36,"Condón Prudence Fresa x3","Condones",8,"Distribuidora Íntima de Colombia S.A.S",46,entregado,"2025-08-16 03:26:02","2025-08-26 03:26:02","FAC-003307"
3308,7,"Tramadol 50mg x10","Analgésico",4,"Laboratorios Lafrancol S.A.S",29,en proceso,"2024-12-04 17:19:25","2024-12-10 17:19:25",""
3309,46,"Lubricante Vive Sensitivo 50ml","Lubricantes",9,"Laboratorios Siegfried Colombia S.A",75,entregado,"2025-08-19 08:22:32","2025-08-29 08:22:32","FAC-003309"
3310,2,"Ibuprofeno 400mg x10","Analgésico",4,"Laboratorios Lafrancol S.A.S",88,en proceso,"2023-09-28 19:30:12","2023-10-18 19:30:12",""
3311,19,"Complejo B x30","Vitaminas y suplementos",6,"Tecnoquímicas S.A",94,entregado,"2024-01-27 23:56:22","2024-02-06 23:56:22","FAC-003311"
3312,28,"Jabón antibacterial 250ml","Cuidado personal",7,"Bayer S.A Colombia",81,entregado,"2024-09-16 13:28:08","2024-09-25 13:28:08","FAC-003312"
3313,13,"Clindamicina 300mg x16","Antibiótico",5,"Genfar S.A - Grupo Sanofi",10,entregado,"2023-08-31 02:14:05","2023-09-12 02:14:05","FAC-003313"
3314,24,"Magnesio 400mg x60","Vitaminas y suplementos",6,"Tecnoquímicas S.A",19,entregado,"2025-02-10 08:35:28","2025-02-14 08:35:28","FAC-003314"
3315,15,"Cefalexina 500mg x20","Antibiótico",5,"Genfar S.A - Grupo Sanofi",64,en proceso,"2024-02-08 03:11:46","2024-02-20 03:11:46",""
3316,14,"Claritromicina 500mg x14","Antibiótico",5,"Genfar S.A - Grupo Sanofi",38,entregado,"2024-10-18 08:19:40","2024-10-26 08:19:40","FAC-003316"
3317,34,"Condón Durex Extra Fino x3","Condones",8,"Distribuidora Íntima de Colombia S.A.S",17,entregado,"2023-02-08 22:17:45","2023-02-13 22:17:45","FAC-003317"
3318,14,"Claritromicina 500mg x14","Antibiótico",5,"Genfar S.A - Grupo Sanofi",93,aceptado,"2024-09-09 15:00:36","",""
3319,47,"Lubricante Prudence Aqua 60ml","Lubricantes",9,"Laboratorios Siegfried Colombia S.A",32,en proceso,"2025-03-30 19:10:48","2025-04-16 19:10:48",""
3320,1,"Acetaminofén 500mg x10","Analgésico",4,"Laboratorios Lafrancol S.A.S",22,entregado,"2024-11-05 16:48:06","2024-11-08 16:48:06","FAC-003320"
3321,44,"Lubricante Nuei Delay 100ml","Lubricantes",9,"Laboratorios Siegfried Colombia S.A",75,entregado,"2024-02-29 00:40:53","2024-03-11 00:40:53","FAC-003321"
3322,14,"Claritromicina 500mg x14","Antibiótico",5,"Genfar S.A - Grupo Sanofi",32,en proceso,"2024-03-08 14:41:54","2024-03-21 14:41:54",""
3323,43,"Lubricante Pjur Original 30ml","Lubricantes",9,"Laboratorios Siegfried Colombia S.A",34,entregado,"2023-01-23 07:41:51","2023-01-27 07:41:51","FAC-003323"
3324,14,"Claritromicina 500mg x14","Antibiótico",5,"Genfar S.A - Grupo Sanofi",64,entregado,"2025-06-11 05:36:45","2025-06-14 05:36:45","FAC-003324"
3325,16,"Doxiciclina 100mg x10","Antibiótico",5,"Genfar S.A - Grupo Sanofi",61,entregado,"2023-08-28 04:19:05","2023-09-11 04:19:05","FAC-003325"
3326,22,"Zinc 50mg x30","Vitaminas y suplementos",6,"Tecnoquímicas S.A",12,entregado,"2025-12-07 01:28:41","2025-12-10 01:28:41","FAC-003326"
3327,28,"Jabón antibacterial 250ml","Cuidado personal",7,"Bayer S.A Colombia",16,entregado,"2025-04-28 17:05:07","2025-05-05 17:05:07","FAC-003327"
3328,3,"Naproxeno 500mg x10","Analgésico",4,"Laboratorios Lafrancol S.A.S",52,entregado,"2025-04-20 12:23:37","2025-04-28 12:23:37","FAC-003328"
3329,2,"Ibuprofeno 400mg x10","Analgésico",4,"Laboratorios Lafrancol S.A.S",85,entregado,"2025-09-12 23:06:21","2025-09-18 23:06:21","FAC-003329"
3330,9,"Amoxicilina 500mg x21","Antibiótico",5,"Genfar S.A - Grupo Sanofi",71,entregado,"2025-10-21 06:00:49","2025-11-05 06:00:49","FAC-003330"
3331,4,"Aspirina 100mg x10","Analgésico",4,"Laboratorios Lafrancol S.A.S",42,entregado,"2025-06-20 13:34:49","2025-07-02 13:34:49","FAC-003331"
3332,37,"Condón Control Retard x3","Condones",8,"Distribuidora Íntima de Colombia S.A.S",44,entregado,"2024-11-04 20:09:22","2024-11-09 20:09:22","FAC-003332"
3333,23,"Hierro + Ácido Fólico x30","Vitaminas y suplementos",6,"Tecnoquímicas S.A",92,entregado,"2024-08-30 08:32:23","2024-09-07 08:32:23","FAC-003333"
3334,15,"Cefalexina 500mg x20","Antibiótico",5,"Genfar S.A - Grupo Sanofi",42,entregado,"2025-11-09 21:09:46","2025-11-15 21:09:46","FAC-003334"
3335,3,"Naproxeno 500mg x10","Analgésico",4,"Laboratorios Lafrancol S.A.S",56,entregado,"2023-02-08 10:45:09","2023-02-11 10:45:09","FAC-003335"
3336,20,"Omega 3 1000mg x30","Vitaminas y suplementos",6,"Tecnoquímicas S.A",59,entregado,"2023-07-07 11:09:12","2023-07-13 11:09:12","FAC-003336"
3337,27,"Crema hidratante facial 50ml","Cuidado personal",7,"Bayer S.A Colombia",15,aceptado,"2025-04-23 17:21:46","",""
3338,44,"Lubricante Nuei Delay 100ml","Lubricantes",9,"Laboratorios Siegfried Colombia S.A",70,entregado,"2025-06-20 09:29:16","2025-06-29 09:29:16","FAC-003338"
3339,4,"Aspirina 100mg x10","Analgésico",4,"Laboratorios Lafrancol S.A.S",32,en proceso,"2023-05-31 21:23:11","2023-06-14 21:23:11",""
3340,3,"Naproxeno 500mg x10","Analgésico",4,"Laboratorios Lafrancol S.A.S",48,aceptado,"2024-04-06 07:44:30","",""
3341,17,"Vitamina C 1000mg x30","Vitaminas y suplementos",6,"Tecnoquímicas S.A",35,aceptado,"2025-10-12 05:22:43","",""
3342,16,"Doxiciclina 100mg x10","Antibiótico",5,"Genfar S.A - Grupo Sanofi",23,entregado,"2023-04-29 09:52:03","2023-05-08 09:52:03","FAC-003342"
3343,39,"Condón Vive Placer Real x3","Condones",8,"Distribuidora Íntima de Colombia S.A.S",48,entregado,"2023-04-22 08:56:17","2023-04-27 08:56:17","FAC-003343"
3344,8,"Ketorolaco 10mg x10","Analgésico",4,"Laboratorios Lafrancol S.A.S",79,en proceso,"2023-07-24 08:33:20","2023-08-03 08:33:20",""
3345,2,"Ibuprofeno 400mg x10","Analgésico",4,"Laboratorios Lafrancol S.A.S",64,aceptado,"2023-11-25 14:47:39","",""
3346,31,"Desodorante roll-on 50ml","Cuidado personal",7,"Bayer S.A Colombia",74,aceptado,"2024-01-13 21:12:59","",""
3347,43,"Lubricante Pjur Original 30ml","Lubricantes",9,"Laboratorios Siegfried Colombia S.A",16,entregado,"2025-11-18 20:15:06","2025-11-24 20:15:06","FAC-003347"
3348,10,"Azitromicina 500mg x3","Antibiótico",5,"Genfar S.A - Grupo Sanofi",23,entregado,"2024-07-27 05:18:27","2024-08-02 05:18:27","FAC-003348"
3349,8,"Ketorolaco 10mg x10","Analgésico",4,"Laboratorios Lafrancol S.A.S",78,en proceso,"2024-06-25 07:55:31","2024-07-02 07:55:31",""
3350,3,"Naproxeno 500mg x10","Analgésico",4,"Laboratorios Lafrancol S.A.S",43,entregado,"2025-11-21 08:00:44","2025-11-25 08:00:44","FAC-003350"
3351,36,"Condón Prudence Fresa x3","Condones",8,"Distribuidora Íntima de Colombia S.A.S",14,en proceso,"2024-09-06 20:27:47","2024-09-11 20:27:47",""
3352,22,"Zinc 50mg x30","Vitaminas y suplementos",6,"Tecnoquímicas S.A",39,en proceso,"2023-05-30 00:12:08","2023-06-17 00:12:08",""
3353,10,"Azitromicina 500mg x3","Antibiótico",5,"Genfar S.A - Grupo Sanofi",75,aceptado,"2024-09-17 23:16:29","",""
3354,37,"Condón Control Retard x3","Condones",8,"Distribuidora Íntima de Colombia S.A.S",92,entregado,"2024-07-17 19:58:44","2024-07-27 19:58:44","FAC-003354"
3355,10,"Azitromicina 500mg x3","Antibiótico",5,"Genfar S.A - Grupo Sanofi",26,entregado,"2025-05-04 03:36:21","2025-05-09 03:36:21","FAC-003355"
3356,39,"Condón Vive Placer Real x3","Condones",8,"Distribuidora Íntima de Colombia S.A.S",42,entregado,"2024-10-05 18:20:30","2024-10-10 18:20:30","FAC-003356"
3357,42,"Lubricante Íntimo KY 75ml","Lubricantes",9,"Laboratorios Siegfried Colombia S.A",52,aceptado,"2023-03-29 08:54:55","",""
3358,16,"Doxiciclina 100mg x10","Antibiótico",5,"Genfar S.A - Grupo Sanofi",91,entregado,"2025-10-23 14:47:06","2025-10-27 14:47:06","FAC-003358"
3359,3,"Naproxeno 500mg x10","Analgésico",4,"Laboratorios Lafrancol S.A.S",94,en proceso,"2025-08-12 17:25:23","2025-08-20 17:25:23",""
3360,42,"Lubricante Íntimo KY 75ml","Lubricantes",9,"Laboratorios Siegfried Colombia S.A",89,entregado,"2025-08-13 19:57:18","2025-08-23 19:57:18","FAC-003360"
3361,33,"Condón Durex Natural x3","Condones",8,"Distribuidora Íntima de Colombia S.A.S",32,entregado,"2025-11-01 08:20:06","2025-11-11 08:20:06","FAC-003361"
3362,3,"Naproxeno 500mg x10","Analgésico",4,"Laboratorios Lafrancol S.A.S",37,entregado,"2024-06-22 18:56:57","2024-06-26 18:56:57","FAC-003362"
3363,16,"Doxiciclina 100mg x10","Antibiótico",5,"Genfar S.A - Grupo Sanofi",51,en proceso,"2024-04-17 16:55:14","2024-05-05 16:55:14",""
3364,42,"Lubricante Íntimo KY 75ml","Lubricantes",9,"Laboratorios Siegfried Colombia S.A",61,en proceso,"2025-08-12 00:02:07","2025-08-19 00:02:07",""
3365,31,"Desodorante roll-on 50ml","Cuidado personal",7,"Bayer S.A Colombia",56,entregado,"2023-01-15 08:48:13","2023-01-24 08:48:13","FAC-003365"
3366,6,"Meloxicam 15mg x10","Analgésico",4,"Laboratorios Lafrancol S.A.S",97,entregado,"2024-09-18 01:32:43","2024-09-27 01:32:43","FAC-003366"
3367,28,"Jabón antibacterial 250ml","Cuidado personal",7,"Bayer S.A Colombia",52,en proceso,"2024-02-03 07:37:38","2024-02-12 07:37:38",""
3368,28,"Jabón antibacterial 250ml","Cuidado personal",7,"Bayer S.A Colombia",26,aceptado,"2023-06-09 01:42:36","",""
3369,24,"Magnesio 400mg x60","Vitaminas y suplementos",6,"Tecnoquímicas S.A",96,entregado,"2023-08-04 18:49:41","2023-08-19 18:49:41","FAC-003369"
3370,28,"Jabón antibacterial 250ml","Cuidado personal",7,"Bayer S.A Colombia",22,entregado,"2025-03-15 03:15:53","2025-03-28 03:15:53","FAC-003370"
3371,37,"Condón Control Retard x3","Condones",8,"Distribuidora Íntima de Colombia S.A.S",34,entregado,"2025-01-31 18:29:30","2025-02-04 18:29:30","FAC-003371"
3372,21,"Calcio + Vitamina D x60","Vitaminas y suplementos",6,"Tecnoquímicas S.A",82,en proceso,"2023-08-28 00:35:45","2023-09-02 00:35:45",""
3373,17,"Vitamina C 1000mg x30","Vitaminas y suplementos",6,"Tecnoquímicas S.A",88,entregado,"2024-06-02 06:11:27","2024-06-05 06:11:27","FAC-003373"
3374,5,"Diclofenaco 50mg x10","Analgésico",4,"Laboratorios Lafrancol S.A.S",74,entregado,"2025-11-11 23:01:39","2025-11-15 23:01:39","FAC-003374"
3375,41,"Lubricante Durex Play 50ml","Lubricantes",9,"Laboratorios Siegfried Colombia S.A",25,en proceso,"2023-11-25 09:18:02","2023-12-12 09:18:02",""
3376,17,"Vitamina C 1000mg x30","Vitaminas y suplementos",6,"Tecnoquímicas S.A",48,entregado,"2025-04-01 01:28:36","2025-04-11 01:28:36","FAC-003376"
3377,10,"Azitromicina 500mg x3","Antibiótico",5,"Genfar S.A - Grupo Sanofi",18,entregado,"2025-08-23 02:55:27","2025-09-04 02:55:27","FAC-003377"
3378,6,"Meloxicam 15mg x10","Analgésico",4,"Laboratorios Lafrancol S.A.S",96,aceptado,"2025-12-30 20:40:33","",""
3379,28,"Jabón antibacterial 250ml","Cuidado personal",7,"Bayer S.A Colombia",10,entregado,"2023-02-26 17:47:05","2023-03-01 17:47:05","FAC-003379"
3380,28,"Jabón antibacterial 250ml","Cuidado personal",7,"Bayer S.A Colombia",53,en proceso,"2025-03-03 00:00:41","2025-03-19 00:00:41",""
3381,28,"Jabón antibacterial 250ml","Cuidado personal",7,"Bayer S.A Colombia",41,aceptado,"2025-06-29 08:27:40","",""
3382,19,"Complejo B x30","Vitaminas y suplementos",6,"Tecnoquímicas S.A",93,aceptado,"2023-06-26 19:05:55","",""
3383,35,"Condón Condomi Ultra x12","Condones",8,"Distribuidora Íntima de Colombia S.A.S",35,entregado,"2023-09-29 11:52:09","2023-10-14 11:52:09","FAC-003383"
3384,31,"Desodorante roll-on 50ml","Cuidado personal",7,"Bayer S.A Colombia",74,entregado,"2024-11-05 21:32:35","2024-11-15 21:32:35","FAC-003384"
3385,7,"Tramadol 50mg x10","Analgésico",4,"Laboratorios Lafrancol S.A.S",36,entregado,"2025-08-13 03:04:27","2025-08-22 03:04:27","FAC-003385"
3386,11,"Ciprofloxacino 500mg x10","Antibiótico",5,"Genfar S.A - Grupo Sanofi",66,en proceso,"2024-02-04 17:38:09","2024-02-17 17:38:09",""
3387,25,"Protector solar SPF 50 50ml","Cuidado personal",7,"Bayer S.A Colombia",33,entregado,"2025-05-20 07:02:19","2025-05-26 07:02:19","FAC-003387"
3388,40,"Condón Protex x12","Condones",8,"Distribuidora Íntima de Colombia S.A.S",38,entregado,"2024-12-16 19:14:02","2024-12-25 19:14:02","FAC-003388"
3389,45,"Lubricante Yes OB Natural 80ml","Lubricantes",9,"Laboratorios Siegfried Colombia S.A",79,aceptado,"2025-03-08 06:07:46","",""
3390,7,"Tramadol 50mg x10","Analgésico",4,"Laboratorios Lafrancol S.A.S",63,en proceso,"2023-09-02 15:10:07","2023-09-18 15:10:07",""
3391,6,"Meloxicam 15mg x10","Analgésico",4,"Laboratorios Lafrancol S.A.S",18,entregado,"2023-06-22 10:02:00","2023-06-28 10:02:00","FAC-003391"
3392,32,"Gel antibacterial 500ml","Cuidado personal",7,"Bayer S.A Colombia",41,entregado,"2025-08-01 21:50:54","2025-08-15 21:50:54","FAC-003392"
3393,8,"Ketorolaco 10mg x10","Analgésico",4,"Laboratorios Lafrancol S.A.S",19,en proceso,"2024-08-20 23:01:06","2024-09-05 23:01:06",""
3394,45,"Lubricante Yes OB Natural 80ml","Lubricantes",9,"Laboratorios Siegfried Colombia S.A",92,entregado,"2023-05-13 02:43:30","2023-05-21 02:43:30","FAC-003394"
3395,31,"Desodorante roll-on 50ml","Cuidado personal",7,"Bayer S.A Colombia",93,aceptado,"2023-09-04 08:40:12","",""
3396,33,"Condón Durex Natural x3","Condones",8,"Distribuidora Íntima de Colombia S.A.S",38,entregado,"2023-04-08 01:17:04","2023-04-17 01:17:04","FAC-003396"
3397,17,"Vitamina C 1000mg x30","Vitaminas y suplementos",6,"Tecnoquímicas S.A",38,entregado,"2024-09-25 08:54:09","2024-10-03 08:54:09","FAC-003397"
3398,26,"Shampoo anticaspa 400ml","Cuidado personal",7,"Bayer S.A Colombia",35,entregado,"2024-09-11 16:33:18","2024-09-18 16:33:18","FAC-003398"
3399,48,"Lubricante Control Aqua 75ml","Lubricantes",9,"Laboratorios Siegfried Colombia S.A",92,entregado,"2024-04-22 12:26:32","2024-05-03 12:26:32","FAC-003399"
3400,7,"Tramadol 50mg x10","Analgésico",4,"Laboratorios Lafrancol S.A.S",29,entregado,"2024-05-18 23:11:37","2024-05-26 23:11:37","FAC-003400"
3401,48,"Lubricante Control Aqua 75ml","Lubricantes",9,"Laboratorios Siegfried Colombia S.A",65,entregado,"2024-09-21 16:35:44","2024-10-02 16:35:44","FAC-003401"
3402,14,"Claritromicina 500mg x14","Antibiótico",5,"Genfar S.A - Grupo Sanofi",48,aceptado,"2024-09-10 00:04:01","",""
3403,16,"Doxiciclina 100mg x10","Antibiótico",5,"Genfar S.A - Grupo Sanofi",59,aceptado,"2023-09-18 19:00:45","",""
3404,31,"Desodorante roll-on 50ml","Cuidado personal",7,"Bayer S.A Colombia",91,entregado,"2023-03-24 05:26:20","2023-03-27 05:26:20","FAC-003404"
3405,6,"Meloxicam 15mg x10","Analgésico",4,"Laboratorios Lafrancol S.A.S",21,entregado,"2025-08-09 09:53:32","2025-08-18 09:53:32","FAC-003405"
3406,20,"Omega 3 1000mg x30","Vitaminas y suplementos",6,"Tecnoquímicas S.A",73,entregado,"2025-07-19 12:16:28","2025-07-25 12:16:28","FAC-003406"
3407,9,"Amoxicilina 500mg x21","Antibiótico",5,"Genfar S.A - Grupo Sanofi",22,aceptado,"2024-06-15 11:19:20","",""
3408,4,"Aspirina 100mg x10","Analgésico",4,"Laboratorios Lafrancol S.A.S",47,entregado,"2023-10-18 10:48:20","2023-10-28 10:48:20","FAC-003408"
3409,11,"Ciprofloxacino 500mg x10","Antibiótico",5,"Genfar S.A - Grupo Sanofi",30,entregado,"2024-08-24 06:32:05","2024-08-31 06:32:05","FAC-003409"
3410,38,"Condón Lifestyles Ultra x12","Condones",8,"Distribuidora Íntima de Colombia S.A.S",100,entregado,"2023-05-09 00:32:56","2023-05-12 00:32:56","FAC-003410"
3411,18,"Vitamina D3 2000UI x30","Vitaminas y suplementos",6,"Tecnoquímicas S.A",20,entregado,"2023-01-27 14:00:51","2023-01-30 14:00:51","FAC-003411"
3412,9,"Amoxicilina 500mg x21","Antibiótico",5,"Genfar S.A - Grupo Sanofi",59,entregado,"2024-02-10 17:22:19","2024-02-25 17:22:19","FAC-003412"
3413,36,"Condón Prudence Fresa x3","Condones",8,"Distribuidora Íntima de Colombia S.A.S",76,entregado,"2025-07-31 03:07:07","2025-08-15 03:07:07","FAC-003413"
3414,33,"Condón Durex Natural x3","Condones",8,"Distribuidora Íntima de Colombia S.A.S",25,en proceso,"2023-12-31 21:31:53","2024-01-20 21:31:53",""
3415,17,"Vitamina C 1000mg x30","Vitaminas y suplementos",6,"Tecnoquímicas S.A",34,entregado,"2025-09-01 00:16:59","2025-09-07 00:16:59","FAC-003415"
3416,46,"Lubricante Vive Sensitivo 50ml","Lubricantes",9,"Laboratorios Siegfried Colombia S.A",92,en proceso,"2023-10-25 11:18:07","2023-11-05 11:18:07",""
3417,5,"Diclofenaco 50mg x10","Analgésico",4,"Laboratorios Lafrancol S.A.S",51,en proceso,"2024-02-22 16:35:00","2024-03-05 16:35:00",""
3418,17,"Vitamina C 1000mg x30","Vitaminas y suplementos",6,"Tecnoquímicas S.A",18,entregado,"2023-03-19 06:10:39","2023-04-01 06:10:39","FAC-003418"
3419,39,"Condón Vive Placer Real x3","Condones",8,"Distribuidora Íntima de Colombia S.A.S",69,entregado,"2024-12-06 18:08:02","2024-12-17 18:08:02","FAC-003419"
3420,30,"Crema dental blanqueadora 75ml","Cuidado personal",7,"Bayer S.A Colombia",92,entregado,"2023-03-30 18:04:49","2023-04-13 18:04:49","FAC-003420"
3421,4,"Aspirina 100mg x10","Analgésico",4,"Laboratorios Lafrancol S.A.S",99,en proceso,"2023-06-10 17:09:11","2023-06-20 17:09:11",""
3422,46,"Lubricante Vive Sensitivo 50ml","Lubricantes",9,"Laboratorios Siegfried Colombia S.A",63,entregado,"2025-07-03 05:56:20","2025-07-11 05:56:20","FAC-003422"
3423,9,"Amoxicilina 500mg x21","Antibiótico",5,"Genfar S.A - Grupo Sanofi",62,entregado,"2025-07-08 11:26:05","2025-07-17 11:26:05","FAC-003423"
3424,48,"Lubricante Control Aqua 75ml","Lubricantes",9,"Laboratorios Siegfried Colombia S.A",27,entregado,"2024-08-06 01:57:30","2024-08-10 01:57:30","FAC-003424"
3425,34,"Condón Durex Extra Fino x3","Condones",8,"Distribuidora Íntima de Colombia S.A.S",30,entregado,"2023-08-29 20:28:39","2023-09-13 20:28:39","FAC-003425"
3426,12,"Metronidazol 500mg x14","Antibiótico",5,"Genfar S.A - Grupo Sanofi",84,entregado,"2023-01-15 23:51:24","2023-01-29 23:51:24","FAC-003426"
3427,33,"Condón Durex Natural x3","Condones",8,"Distribuidora Íntima de Colombia S.A.S",10,entregado,"2024-12-26 05:39:00","2024-12-30 05:39:00","FAC-003427"
3428,30,"Crema dental blanqueadora 75ml","Cuidado personal",7,"Bayer S.A Colombia",62,entregado,"2024-05-02 19:45:46","2024-05-10 19:45:46","FAC-003428"
3429,38,"Condón Lifestyles Ultra x12","Condones",8,"Distribuidora Íntima de Colombia S.A.S",17,entregado,"2023-03-17 16:38:51","2023-03-25 16:38:51","FAC-003429"
3430,41,"Lubricante Durex Play 50ml","Lubricantes",9,"Laboratorios Siegfried Colombia S.A",33,en proceso,"2024-07-31 11:08:20","2024-08-05 11:08:20",""
3431,12,"Metronidazol 500mg x14","Antibiótico",5,"Genfar S.A - Grupo Sanofi",16,entregado,"2024-01-31 06:19:46","2024-02-13 06:19:46","FAC-003431"
3432,48,"Lubricante Control Aqua 75ml","Lubricantes",9,"Laboratorios Siegfried Colombia S.A",67,aceptado,"2023-12-19 07:16:23","",""
3433,32,"Gel antibacterial 500ml","Cuidado personal",7,"Bayer S.A Colombia",73,entregado,"2025-08-01 10:18:10","2025-08-12 10:18:10","FAC-003433"
3434,10,"Azitromicina 500mg x3","Antibiótico",5,"Genfar S.A - Grupo Sanofi",45,en proceso,"2024-11-25 18:46:11","2024-12-03 18:46:11",""
3435,35,"Condón Condomi Ultra x12","Condones",8,"Distribuidora Íntima de Colombia S.A.S",69,en proceso,"2024-01-06 02:55:19","2024-01-17 02:55:19",""
3436,31,"Desodorante roll-on 50ml","Cuidado personal",7,"Bayer S.A Colombia",37,entregado,"2025-07-11 08:09:06","2025-07-21 08:09:06","FAC-003436"
3437,33,"Condón Durex Natural x3","Condones",8,"Distribuidora Íntima de Colombia S.A.S",88,en proceso,"2024-08-22 13:06:47","2024-09-05 13:06:47",""
3438,30,"Crema dental blanqueadora 75ml","Cuidado personal",7,"Bayer S.A Colombia",41,entregado,"2024-10-05 22:07:18","2024-10-18 22:07:18","FAC-003438"
3439,27,"Crema hidratante facial 50ml","Cuidado personal",7,"Bayer S.A Colombia",50,en proceso,"2024-10-02 18:19:32","2024-10-07 18:19:32",""
3440,44,"Lubricante Nuei Delay 100ml","Lubricantes",9,"Laboratorios Siegfried Colombia S.A",80,entregado,"2025-03-29 13:58:23","2025-04-06 13:58:23","FAC-003440"
3441,47,"Lubricante Prudence Aqua 60ml","Lubricantes",9,"Laboratorios Siegfried Colombia S.A",66,en proceso,"2024-07-22 13:52:56","2024-08-07 13:52:56",""
3442,24,"Magnesio 400mg x60","Vitaminas y suplementos",6,"Tecnoquímicas S.A",69,entregado,"2023-11-11 00:42:01","2023-11-25 00:42:01","FAC-003442"
3443,4,"Aspirina 100mg x10","Analgésico",4,"Laboratorios Lafrancol S.A.S",65,entregado,"2023-07-05 12:48:19","2023-07-09 12:48:19","FAC-003443"
3444,13,"Clindamicina 300mg x16","Antibiótico",5,"Genfar S.A - Grupo Sanofi",80,entregado,"2025-03-04 02:53:06","2025-03-08 02:53:06","FAC-003444"
3445,26,"Shampoo anticaspa 400ml","Cuidado personal",7,"Bayer S.A Colombia",63,en proceso,"2023-10-29 00:35:42","2023-11-06 00:35:42",""
3446,42,"Lubricante Íntimo KY 75ml","Lubricantes",9,"Laboratorios Siegfried Colombia S.A",69,entregado,"2024-12-07 21:49:02","2024-12-13 21:49:02","FAC-003446"
3447,33,"Condón Durex Natural x3","Condones",8,"Distribuidora Íntima de Colombia S.A.S",67,en proceso,"2024-02-17 08:31:08","2024-03-03 08:31:08",""
3448,25,"Protector solar SPF 50 50ml","Cuidado personal",7,"Bayer S.A Colombia",75,entregado,"2023-06-03 23:37:39","2023-06-08 23:37:39","FAC-003448"
3449,20,"Omega 3 1000mg x30","Vitaminas y suplementos",6,"Tecnoquímicas S.A",25,entregado,"2024-02-25 10:08:40","2024-03-10 10:08:40","FAC-003449"
3450,7,"Tramadol 50mg x10","Analgésico",4,"Laboratorios Lafrancol S.A.S",90,entregado,"2024-07-19 17:06:44","2024-07-28 17:06:44","FAC-003450"
3451,23,"Hierro + Ácido Fólico x30","Vitaminas y suplementos",6,"Tecnoquímicas S.A",99,entregado,"2025-08-16 01:54:16","2025-08-24 01:54:16","FAC-003451"
3452,34,"Condón Durex Extra Fino x3","Condones",8,"Distribuidora Íntima de Colombia S.A.S",44,aceptado,"2023-09-03 14:55:11","",""
3453,27,"Crema hidratante facial 50ml","Cuidado personal",7,"Bayer S.A Colombia",58,entregado,"2023-02-24 05:50:46","2023-02-27 05:50:46","FAC-003453"
3454,7,"Tramadol 50mg x10","Analgésico",4,"Laboratorios Lafrancol S.A.S",94,entregado,"2024-04-24 13:34:57","2024-05-02 13:34:57","FAC-003454"
3455,47,"Lubricante Prudence Aqua 60ml","Lubricantes",9,"Laboratorios Siegfried Colombia S.A",31,entregado,"2024-08-19 10:06:42","2024-09-01 10:06:42","FAC-003455"
3456,48,"Lubricante Control Aqua 75ml","Lubricantes",9,"Laboratorios Siegfried Colombia S.A",12,aceptado,"2023-03-21 12:22:22","",""
3457,7,"Tramadol 50mg x10","Analgésico",4,"Laboratorios Lafrancol S.A.S",19,entregado,"2024-03-15 11:49:34","2024-03-30 11:49:34","FAC-003457"
3458,38,"Condón Lifestyles Ultra x12","Condones",8,"Distribuidora Íntima de Colombia S.A.S",44,aceptado,"2024-10-05 00:32:11","",""
3459,13,"Clindamicina 300mg x16","Antibiótico",5,"Genfar S.A - Grupo Sanofi",64,entregado,"2024-09-01 11:30:20","2024-09-12 11:30:20","FAC-003459"
3460,21,"Calcio + Vitamina D x60","Vitaminas y suplementos",6,"Tecnoquímicas S.A",69,en proceso,"2023-07-17 13:19:11","2023-07-31 13:19:11",""
3461,4,"Aspirina 100mg x10","Analgésico",4,"Laboratorios Lafrancol S.A.S",17,en proceso,"2023-03-13 15:33:20","2023-03-30 15:33:20",""
3462,12,"Metronidazol 500mg x14","Antibiótico",5,"Genfar S.A - Grupo Sanofi",67,en proceso,"2023-10-05 12:38:45","2023-10-19 12:38:45",""
3463,19,"Complejo B x30","Vitaminas y suplementos",6,"Tecnoquímicas S.A",40,entregado,"2025-03-18 05:54:44","2025-03-24 05:54:44","FAC-003463"
3464,37,"Condón Control Retard x3","Condones",8,"Distribuidora Íntima de Colombia S.A.S",80,entregado,"2025-03-15 01:06:30","2025-03-24 01:06:30","FAC-003464"
3465,37,"Condón Control Retard x3","Condones",8,"Distribuidora Íntima de Colombia S.A.S",52,entregado,"2024-04-03 14:46:35","2024-04-15 14:46:35","FAC-003465"
3466,2,"Ibuprofeno 400mg x10","Analgésico",4,"Laboratorios Lafrancol S.A.S",29,entregado,"2024-10-03 04:23:37","2024-10-12 04:23:37","FAC-003466"
3467,47,"Lubricante Prudence Aqua 60ml","Lubricantes",9,"Laboratorios Siegfried Colombia S.A",31,entregado,"2023-12-08 17:05:39","2023-12-21 17:05:39","FAC-003467"
3468,17,"Vitamina C 1000mg x30","Vitaminas y suplementos",6,"Tecnoquímicas S.A",98,entregado,"2024-04-11 22:49:33","2024-04-22 22:49:33","FAC-003468"
3469,10,"Azitromicina 500mg x3","Antibiótico",5,"Genfar S.A - Grupo Sanofi",21,entregado,"2024-05-28 16:27:53","2024-06-11 16:27:53","FAC-003469"
3470,13,"Clindamicina 300mg x16","Antibiótico",5,"Genfar S.A - Grupo Sanofi",91,entregado,"2024-04-07 14:58:50","2024-04-14 14:58:50","FAC-003470"
3471,31,"Desodorante roll-on 50ml","Cuidado personal",7,"Bayer S.A Colombia",99,entregado,"2025-08-14 14:50:26","2025-08-17 14:50:26","FAC-003471"
3472,10,"Azitromicina 500mg x3","Antibiótico",5,"Genfar S.A - Grupo Sanofi",23,entregado,"2023-03-31 01:45:36","2023-04-13 01:45:36","FAC-003472"
3473,33,"Condón Durex Natural x3","Condones",8,"Distribuidora Íntima de Colombia S.A.S",49,en proceso,"2024-03-14 08:56:24","2024-03-25 08:56:24",""
3474,7,"Tramadol 50mg x10","Analgésico",4,"Laboratorios Lafrancol S.A.S",94,en proceso,"2024-04-20 20:06:25","2024-04-27 20:06:25",""
3475,9,"Amoxicilina 500mg x21","Antibiótico",5,"Genfar S.A - Grupo Sanofi",89,en proceso,"2025-03-12 19:21:22","2025-03-18 19:21:22",""
3476,3,"Naproxeno 500mg x10","Analgésico",4,"Laboratorios Lafrancol S.A.S",70,entregado,"2025-03-01 01:34:34","2025-03-05 01:34:34","FAC-003476"
3477,21,"Calcio + Vitamina D x60","Vitaminas y suplementos",6,"Tecnoquímicas S.A",45,entregado,"2025-05-01 18:16:10","2025-05-07 18:16:10","FAC-003477"
3478,39,"Condón Vive Placer Real x3","Condones",8,"Distribuidora Íntima de Colombia S.A.S",52,entregado,"2025-02-26 00:56:47","2025-03-08 00:56:47","FAC-003478"
3479,48,"Lubricante Control Aqua 75ml","Lubricantes",9,"Laboratorios Siegfried Colombia S.A",10,entregado,"2024-09-24 13:04:18","2024-10-08 13:04:18","FAC-003479"
3480,15,"Cefalexina 500mg x20","Antibiótico",5,"Genfar S.A - Grupo Sanofi",53,en proceso,"2025-10-24 17:19:27","2025-11-03 17:19:27",""
3481,3,"Naproxeno 500mg x10","Analgésico",4,"Laboratorios Lafrancol S.A.S",92,en proceso,"2025-08-28 02:43:26","2025-09-12 02:43:26",""
3482,21,"Calcio + Vitamina D x60","Vitaminas y suplementos",6,"Tecnoquímicas S.A",35,aceptado,"2025-01-26 07:04:59","",""
3483,9,"Amoxicilina 500mg x21","Antibiótico",5,"Genfar S.A - Grupo Sanofi",46,entregado,"2023-02-26 05:04:22","2023-03-05 05:04:22","FAC-003483"
3484,35,"Condón Condomi Ultra x12","Condones",8,"Distribuidora Íntima de Colombia S.A.S",16,entregado,"2024-08-06 12:46:53","2024-08-09 12:46:53","FAC-003484"
3485,39,"Condón Vive Placer Real x3","Condones",8,"Distribuidora Íntima de Colombia S.A.S",95,entregado,"2023-06-19 02:05:57","2023-07-04 02:05:57","FAC-003485"
3486,19,"Complejo B x30","Vitaminas y suplementos",6,"Tecnoquímicas S.A",26,entregado,"2024-11-21 05:02:13","2024-11-26 05:02:13","FAC-003486"
3487,7,"Tramadol 50mg x10","Analgésico",4,"Laboratorios Lafrancol S.A.S",84,entregado,"2024-06-13 10:01:40","2024-06-17 10:01:40","FAC-003487"
3488,25,"Protector solar SPF 50 50ml","Cuidado personal",7,"Bayer S.A Colombia",37,aceptado,"2025-09-29 07:46:48","",""
3489,23,"Hierro + Ácido Fólico x30","Vitaminas y suplementos",6,"Tecnoquímicas S.A",79,aceptado,"2025-06-22 02:24:43","",""
3490,20,"Omega 3 1000mg x30","Vitaminas y suplementos",6,"Tecnoquímicas S.A",60,entregado,"2025-11-25 15:34:23","2025-12-03 15:34:23","FAC-003490"
3491,15,"Cefalexina 500mg x20","Antibiótico",5,"Genfar S.A - Grupo Sanofi",53,entregado,"2024-10-30 23:36:34","2024-11-13 23:36:34","FAC-003491"
3492,34,"Condón Durex Extra Fino x3","Condones",8,"Distribuidora Íntima de Colombia S.A.S",32,entregado,"2025-08-08 17:06:18","2025-08-22 17:06:18","FAC-003492"
3493,12,"Metronidazol 500mg x14","Antibiótico",5,"Genfar S.A - Grupo Sanofi",26,entregado,"2025-12-16 09:23:37","2025-12-25 09:23:37","FAC-003493"
3494,38,"Condón Lifestyles Ultra x12","Condones",8,"Distribuidora Íntima de Colombia S.A.S",57,en proceso,"2024-10-08 15:23:13","2024-10-19 15:23:13",""
3495,22,"Zinc 50mg x30","Vitaminas y suplementos",6,"Tecnoquímicas S.A",28,en proceso,"2025-10-31 20:30:30","2025-11-19 20:30:30",""
3496,45,"Lubricante Yes OB Natural 80ml","Lubricantes",9,"Laboratorios Siegfried Colombia S.A",30,entregado,"2025-08-28 11:26:18","2025-09-04 11:26:18","FAC-003496"
3497,31,"Desodorante roll-on 50ml","Cuidado personal",7,"Bayer S.A Colombia",41,entregado,"2024-01-30 19:33:27","2024-02-14 19:33:27","FAC-003497"
3498,16,"Doxiciclina 100mg x10","Antibiótico",5,"Genfar S.A - Grupo Sanofi",56,entregado,"2025-12-24 16:02:03","2026-01-08 16:02:03","FAC-003498"
3499,45,"Lubricante Yes OB Natural 80ml","Lubricantes",9,"Laboratorios Siegfried Colombia S.A",23,entregado,"2025-11-18 04:54:28","2025-11-22 04:54:28","FAC-003499"
3500,36,"Condón Prudence Fresa x3","Condones",8,"Distribuidora Íntima de Colombia S.A.S",52,entregado,"2024-07-10 00:31:08","2024-07-16 00:31:08","FAC-003500"
3501,6,"Meloxicam 15mg x10","Analgésico",4,"Laboratorios Lafrancol S.A.S",93,en proceso,"2024-09-30 22:23:09","2024-10-10 22:23:09",""
3502,9,"Amoxicilina 500mg x21","Antibiótico",5,"Genfar S.A - Grupo Sanofi",31,en proceso,"2024-08-10 12:19:37","2024-08-25 12:19:37",""
3503,39,"Condón Vive Placer Real x3","Condones",8,"Distribuidora Íntima de Colombia S.A.S",96,en proceso,"2025-08-09 19:38:52","2025-08-24 19:38:52",""
3504,25,"Protector solar SPF 50 50ml","Cuidado personal",7,"Bayer S.A Colombia",87,en proceso,"2024-10-07 06:51:42","2024-10-22 06:51:42",""
3505,14,"Claritromicina 500mg x14","Antibiótico",5,"Genfar S.A - Grupo Sanofi",42,entregado,"2024-08-07 14:47:51","2024-08-13 14:47:51","FAC-003505"
3506,7,"Tramadol 50mg x10","Analgésico",4,"Laboratorios Lafrancol S.A.S",86,entregado,"2025-01-09 03:37:08","2025-01-15 03:37:08","FAC-003506"
3507,42,"Lubricante Íntimo KY 75ml","Lubricantes",9,"Laboratorios Siegfried Colombia S.A",73,entregado,"2024-08-21 22:56:10","2024-08-31 22:56:10","FAC-003507"
3508,3,"Naproxeno 500mg x10","Analgésico",4,"Laboratorios Lafrancol S.A.S",20,aceptado,"2025-12-27 17:38:28","",""
3509,14,"Claritromicina 500mg x14","Antibiótico",5,"Genfar S.A - Grupo Sanofi",34,entregado,"2025-12-16 07:11:44","2025-12-21 07:11:44","FAC-003509"
3510,32,"Gel antibacterial 500ml","Cuidado personal",7,"Bayer S.A Colombia",71,aceptado,"2025-09-08 11:23:13","",""
3511,23,"Hierro + Ácido Fólico x30","Vitaminas y suplementos",6,"Tecnoquímicas S.A",77,entregado,"2025-08-30 09:45:48","2025-09-12 09:45:48","FAC-003511"
3512,1,"Acetaminofén 500mg x10","Analgésico",4,"Laboratorios Lafrancol S.A.S",33,entregado,"2023-12-01 12:12:17","2023-12-14 12:12:17","FAC-003512"
3513,22,"Zinc 50mg x30","Vitaminas y suplementos",6,"Tecnoquímicas S.A",51,entregado,"2023-11-09 00:00:35","2023-11-17 00:00:35","FAC-003513"
3514,27,"Crema hidratante facial 50ml","Cuidado personal",7,"Bayer S.A Colombia",69,entregado,"2025-09-15 21:06:26","2025-09-19 21:06:26","FAC-003514"
3515,44,"Lubricante Nuei Delay 100ml","Lubricantes",9,"Laboratorios Siegfried Colombia S.A",58,en proceso,"2025-02-04 10:37:47","2025-02-15 10:37:47",""
3516,38,"Condón Lifestyles Ultra x12","Condones",8,"Distribuidora Íntima de Colombia S.A.S",67,aceptado,"2025-04-23 12:42:57","",""
3517,3,"Naproxeno 500mg x10","Analgésico",4,"Laboratorios Lafrancol S.A.S",95,entregado,"2024-12-16 22:52:46","2024-12-28 22:52:46","FAC-003517"
3518,24,"Magnesio 400mg x60","Vitaminas y suplementos",6,"Tecnoquímicas S.A",57,entregado,"2023-06-25 02:21:56","2023-07-10 02:21:56","FAC-003518"
3519,2,"Ibuprofeno 400mg x10","Analgésico",4,"Laboratorios Lafrancol S.A.S",49,aceptado,"2023-08-14 01:32:19","",""
3520,25,"Protector solar SPF 50 50ml","Cuidado personal",7,"Bayer S.A Colombia",91,entregado,"2024-05-17 03:23:57","2024-05-27 03:23:57","FAC-003520"
3521,3,"Naproxeno 500mg x10","Analgésico",4,"Laboratorios Lafrancol S.A.S",42,en proceso,"2024-07-28 12:23:00","2024-08-03 12:23:00",""
3522,40,"Condón Protex x12","Condones",8,"Distribuidora Íntima de Colombia S.A.S",86,en proceso,"2023-10-19 06:32:35","2023-11-03 06:32:35",""
3523,14,"Claritromicina 500mg x14","Antibiótico",5,"Genfar S.A - Grupo Sanofi",15,entregado,"2023-05-13 20:32:34","2023-05-17 20:32:34","FAC-003523"
3524,15,"Cefalexina 500mg x20","Antibiótico",5,"Genfar S.A - Grupo Sanofi",25,aceptado,"2024-09-30 11:40:19","",""
3525,8,"Ketorolaco 10mg x10","Analgésico",4,"Laboratorios Lafrancol S.A.S",12,entregado,"2023-06-23 03:25:05","2023-07-01 03:25:05","FAC-003525"
3526,47,"Lubricante Prudence Aqua 60ml","Lubricantes",9,"Laboratorios Siegfried Colombia S.A",35,entregado,"2023-01-01 00:23:24","2023-01-10 00:23:24","FAC-003526"
3527,10,"Azitromicina 500mg x3","Antibiótico",5,"Genfar S.A - Grupo Sanofi",92,entregado,"2023-09-18 02:57:15","2023-10-02 02:57:15","FAC-003527"
3528,7,"Tramadol 50mg x10","Analgésico",4,"Laboratorios Lafrancol S.A.S",34,entregado,"2023-01-14 17:29:24","2023-01-18 17:29:24","FAC-003528"
3529,43,"Lubricante Pjur Original 30ml","Lubricantes",9,"Laboratorios Siegfried Colombia S.A",62,entregado,"2025-10-17 17:52:33","2025-10-28 17:52:33","FAC-003529"
3530,42,"Lubricante Íntimo KY 75ml","Lubricantes",9,"Laboratorios Siegfried Colombia S.A",54,entregado,"2025-08-19 12:02:31","2025-09-02 12:02:31","FAC-003530"
3531,16,"Doxiciclina 100mg x10","Antibiótico",5,"Genfar S.A - Grupo Sanofi",85,entregado,"2025-12-08 17:02:59","2025-12-21 17:02:59","FAC-003531"
3532,28,"Jabón antibacterial 250ml","Cuidado personal",7,"Bayer S.A Colombia",21,entregado,"2023-05-29 06:48:06","2023-06-12 06:48:06","FAC-003532"
3533,23,"Hierro + Ácido Fólico x30","Vitaminas y suplementos",6,"Tecnoquímicas S.A",36,entregado,"2024-02-08 06:22:58","2024-02-13 06:22:58","FAC-003533"
3534,33,"Condón Durex Natural x3","Condones",8,"Distribuidora Íntima de Colombia S.A.S",96,entregado,"2025-04-30 07:02:13","2025-05-03 07:02:13","FAC-003534"
3535,44,"Lubricante Nuei Delay 100ml","Lubricantes",9,"Laboratorios Siegfried Colombia S.A",60,entregado,"2024-05-28 15:50:21","2024-06-12 15:50:21","FAC-003535"
3536,38,"Condón Lifestyles Ultra x12","Condones",8,"Distribuidora Íntima de Colombia S.A.S",84,en proceso,"2024-06-28 15:14:03","2024-07-03 15:14:03",""
3537,38,"Condón Lifestyles Ultra x12","Condones",8,"Distribuidora Íntima de Colombia S.A.S",15,entregado,"2023-12-27 16:42:11","2024-01-01 16:42:11","FAC-003537"
3538,45,"Lubricante Yes OB Natural 80ml","Lubricantes",9,"Laboratorios Siegfried Colombia S.A",52,entregado,"2023-01-01 22:04:53","2023-01-07 22:04:53","FAC-003538"
3539,36,"Condón Prudence Fresa x3","Condones",8,"Distribuidora Íntima de Colombia S.A.S",17,entregado,"2024-05-02 04:32:50","2024-05-08 04:32:50","FAC-003539"
3540,6,"Meloxicam 15mg x10","Analgésico",4,"Laboratorios Lafrancol S.A.S",95,entregado,"2025-02-14 21:26:34","2025-02-23 21:26:34","FAC-003540"
3541,46,"Lubricante Vive Sensitivo 50ml","Lubricantes",9,"Laboratorios Siegfried Colombia S.A",30,en proceso,"2024-05-23 14:05:12","2024-06-12 14:05:12",""
3542,6,"Meloxicam 15mg x10","Analgésico",4,"Laboratorios Lafrancol S.A.S",83,en proceso,"2025-08-19 00:24:36","2025-08-27 00:24:36",""
3543,47,"Lubricante Prudence Aqua 60ml","Lubricantes",9,"Laboratorios Siegfried Colombia S.A",36,entregado,"2025-05-14 06:00:34","2025-05-27 06:00:34","FAC-003543"
3544,21,"Calcio + Vitamina D x60","Vitaminas y suplementos",6,"Tecnoquímicas S.A",14,aceptado,"2023-03-15 10:19:54","",""
3545,48,"Lubricante Control Aqua 75ml","Lubricantes",9,"Laboratorios Siegfried Colombia S.A",97,entregado,"2023-12-17 17:32:18","2023-12-31 17:32:18","FAC-003545"
3546,10,"Azitromicina 500mg x3","Antibiótico",5,"Genfar S.A - Grupo Sanofi",89,entregado,"2024-07-27 17:41:08","2024-08-04 17:41:08","FAC-003546"
3547,43,"Lubricante Pjur Original 30ml","Lubricantes",9,"Laboratorios Siegfried Colombia S.A",39,entregado,"2024-08-02 21:50:41","2024-08-07 21:50:41","FAC-003547"
3548,6,"Meloxicam 15mg x10","Analgésico",4,"Laboratorios Lafrancol S.A.S",89,en proceso,"2024-06-27 05:47:09","2024-07-03 05:47:09",""
3549,30,"Crema dental blanqueadora 75ml","Cuidado personal",7,"Bayer S.A Colombia",14,entregado,"2023-02-04 18:27:10","2023-02-15 18:27:10","FAC-003549"
3550,9,"Amoxicilina 500mg x21","Antibiótico",5,"Genfar S.A - Grupo Sanofi",71,entregado,"2025-06-09 15:35:22","2025-06-23 15:35:22","FAC-003550"
3551,17,"Vitamina C 1000mg x30","Vitaminas y suplementos",6,"Tecnoquímicas S.A",41,entregado,"2025-10-06 18:56:43","2025-10-10 18:56:43","FAC-003551"
3552,12,"Metronidazol 500mg x14","Antibiótico",5,"Genfar S.A - Grupo Sanofi",15,en proceso,"2024-12-30 07:53:10","2025-01-04 07:53:10",""
3553,39,"Condón Vive Placer Real x3","Condones",8,"Distribuidora Íntima de Colombia S.A.S",88,entregado,"2024-08-02 01:03:06","2024-08-05 01:03:06","FAC-003553"
3554,16,"Doxiciclina 100mg x10","Antibiótico",5,"Genfar S.A - Grupo Sanofi",41,entregado,"2024-07-14 11:07:55","2024-07-19 11:07:55","FAC-003554"
3555,43,"Lubricante Pjur Original 30ml","Lubricantes",9,"Laboratorios Siegfried Colombia S.A",68,aceptado,"2024-04-24 15:00:49","",""
3556,17,"Vitamina C 1000mg x30","Vitaminas y suplementos",6,"Tecnoquímicas S.A",54,en proceso,"2023-11-03 08:36:36","2023-11-08 08:36:36",""
3557,26,"Shampoo anticaspa 400ml","Cuidado personal",7,"Bayer S.A Colombia",32,aceptado,"2023-08-21 12:14:26","",""
3558,48,"Lubricante Control Aqua 75ml","Lubricantes",9,"Laboratorios Siegfried Colombia S.A",90,aceptado,"2025-07-07 04:33:51","",""
3559,12,"Metronidazol 500mg x14","Antibiótico",5,"Genfar S.A - Grupo Sanofi",75,entregado,"2025-07-06 02:34:41","2025-07-18 02:34:41","FAC-003559"
3560,39,"Condón Vive Placer Real x3","Condones",8,"Distribuidora Íntima de Colombia S.A.S",10,en proceso,"2024-09-13 07:18:01","2024-09-21 07:18:01",""
3561,23,"Hierro + Ácido Fólico x30","Vitaminas y suplementos",6,"Tecnoquímicas S.A",61,entregado,"2025-08-04 11:36:22","2025-08-15 11:36:22","FAC-003561"
3562,4,"Aspirina 100mg x10","Analgésico",4,"Laboratorios Lafrancol S.A.S",38,entregado,"2023-11-06 08:50:30","2023-11-18 08:50:30","FAC-003562"
3563,25,"Protector solar SPF 50 50ml","Cuidado personal",7,"Bayer S.A Colombia",46,en proceso,"2025-12-23 18:06:04","2026-01-02 18:06:04",""
3564,13,"Clindamicina 300mg x16","Antibiótico",5,"Genfar S.A - Grupo Sanofi",47,entregado,"2024-12-06 03:15:23","2024-12-11 03:15:23","FAC-003564"
3565,31,"Desodorante roll-on 50ml","Cuidado personal",7,"Bayer S.A Colombia",83,entregado,"2023-07-16 14:24:14","2023-07-26 14:24:14","FAC-003565"
3566,46,"Lubricante Vive Sensitivo 50ml","Lubricantes",9,"Laboratorios Siegfried Colombia S.A",67,entregado,"2023-07-21 14:32:50","2023-07-31 14:32:50","FAC-003566"
3567,29,"Hilo dental 50m","Cuidado personal",7,"Bayer S.A Colombia",22,entregado,"2023-10-01 23:10:45","2023-10-11 23:10:45","FAC-003567"
3568,2,"Ibuprofeno 400mg x10","Analgésico",4,"Laboratorios Lafrancol S.A.S",32,aceptado,"2023-06-03 04:35:48","",""
3569,30,"Crema dental blanqueadora 75ml","Cuidado personal",7,"Bayer S.A Colombia",18,en proceso,"2023-07-04 21:12:09","2023-07-15 21:12:09",""
3570,17,"Vitamina C 1000mg x30","Vitaminas y suplementos",6,"Tecnoquímicas S.A",97,en proceso,"2023-05-25 03:13:44","2023-06-05 03:13:44",""
3571,9,"Amoxicilina 500mg x21","Antibiótico",5,"Genfar S.A - Grupo Sanofi",66,entregado,"2023-08-26 20:28:25","2023-09-02 20:28:25","FAC-003571"
3572,45,"Lubricante Yes OB Natural 80ml","Lubricantes",9,"Laboratorios Siegfried Colombia S.A",33,en proceso,"2023-05-13 11:47:45","2023-05-22 11:47:45",""
3573,41,"Lubricante Durex Play 50ml","Lubricantes",9,"Laboratorios Siegfried Colombia S.A",21,aceptado,"2023-09-05 22:44:16","",""
3574,28,"Jabón antibacterial 250ml","Cuidado personal",7,"Bayer S.A Colombia",78,entregado,"2025-01-28 20:02:31","2025-01-31 20:02:31","FAC-003574"
3575,47,"Lubricante Prudence Aqua 60ml","Lubricantes",9,"Laboratorios Siegfried Colombia S.A",92,en proceso,"2023-07-07 18:14:41","2023-07-22 18:14:41",""
3576,27,"Crema hidratante facial 50ml","Cuidado personal",7,"Bayer S.A Colombia",14,entregado,"2025-01-10 14:53:47","2025-01-18 14:53:47","FAC-003576"
3577,10,"Azitromicina 500mg x3","Antibiótico",5,"Genfar S.A - Grupo Sanofi",96,entregado,"2023-04-01 10:09:38","2023-04-04 10:09:38","FAC-003577"
3578,19,"Complejo B x30","Vitaminas y suplementos",6,"Tecnoquímicas S.A",71,entregado,"2023-03-13 11:58:44","2023-03-22 11:58:44","FAC-003578"
3579,23,"Hierro + Ácido Fólico x30","Vitaminas y suplementos",6,"Tecnoquímicas S.A",92,aceptado,"2023-03-01 08:32:18","",""
3580,25,"Protector solar SPF 50 50ml","Cuidado personal",7,"Bayer S.A Colombia",42,en proceso,"2023-01-11 08:05:47","2023-01-27 08:05:47",""
3581,32,"Gel antibacterial 500ml","Cuidado personal",7,"Bayer S.A Colombia",70,entregado,"2025-08-30 20:31:58","2025-09-14 20:31:58","FAC-003581"
3582,24,"Magnesio 400mg x60","Vitaminas y suplementos",6,"Tecnoquímicas S.A",66,entregado,"2023-07-12 05:42:48","2023-07-23 05:42:48","FAC-003582"
3583,8,"Ketorolaco 10mg x10","Analgésico",4,"Laboratorios Lafrancol S.A.S",28,entregado,"2023-06-18 10:38:01","2023-07-03 10:38:01","FAC-003583"
3584,36,"Condón Prudence Fresa x3","Condones",8,"Distribuidora Íntima de Colombia S.A.S",26,aceptado,"2024-04-18 21:09:50","",""
3585,11,"Ciprofloxacino 500mg x10","Antibiótico",5,"Genfar S.A - Grupo Sanofi",79,entregado,"2025-09-04 13:03:57","2025-09-17 13:03:57","FAC-003585"
3586,40,"Condón Protex x12","Condones",8,"Distribuidora Íntima de Colombia S.A.S",32,entregado,"2024-01-31 17:01:10","2024-02-14 17:01:10","FAC-003586"
3587,27,"Crema hidratante facial 50ml","Cuidado personal",7,"Bayer S.A Colombia",62,entregado,"2023-02-04 19:45:51","2023-02-19 19:45:51","FAC-003587"
3588,32,"Gel antibacterial 500ml","Cuidado personal",7,"Bayer S.A Colombia",83,en proceso,"2023-10-25 04:20:59","2023-11-10 04:20:59",""
3589,44,"Lubricante Nuei Delay 100ml","Lubricantes",9,"Laboratorios Siegfried Colombia S.A",61,entregado,"2023-06-29 20:44:40","2023-07-05 20:44:40","FAC-003589"
3590,13,"Clindamicina 300mg x16","Antibiótico",5,"Genfar S.A - Grupo Sanofi",18,aceptado,"2024-05-07 01:37:24","",""
3591,36,"Condón Prudence Fresa x3","Condones",8,"Distribuidora Íntima de Colombia S.A.S",94,aceptado,"2024-08-21 16:38:22","",""
3592,44,"Lubricante Nuei Delay 100ml","Lubricantes",9,"Laboratorios Siegfried Colombia S.A",64,entregado,"2023-09-30 08:39:41","2023-10-06 08:39:41","FAC-003592"
3593,30,"Crema dental blanqueadora 75ml","Cuidado personal",7,"Bayer S.A Colombia",55,aceptado,"2025-01-14 07:21:24","",""
3594,19,"Complejo B x30","Vitaminas y suplementos",6,"Tecnoquímicas S.A",66,entregado,"2024-10-24 19:43:56","2024-11-05 19:43:56","FAC-003594"
3595,38,"Condón Lifestyles Ultra x12","Condones",8,"Distribuidora Íntima de Colombia S.A.S",39,entregado,"2023-01-08 19:11:58","2023-01-21 19:11:58","FAC-003595"
3596,32,"Gel antibacterial 500ml","Cuidado personal",7,"Bayer S.A Colombia",38,aceptado,"2024-08-26 19:32:22","",""
3597,16,"Doxiciclina 100mg x10","Antibiótico",5,"Genfar S.A - Grupo Sanofi",64,en proceso,"2024-01-06 10:16:47","2024-01-23 10:16:47",""
3598,46,"Lubricante Vive Sensitivo 50ml","Lubricantes",9,"Laboratorios Siegfried Colombia S.A",53,en proceso,"2025-11-07 17:20:02","2025-11-21 17:20:02",""
3599,30,"Crema dental blanqueadora 75ml","Cuidado personal",7,"Bayer S.A Colombia",12,entregado,"2025-03-07 17:11:53","2025-03-13 17:11:53","FAC-003599"
3600,3,"Naproxeno 500mg x10","Analgésico",4,"Laboratorios Lafrancol S.A.S",72,aceptado,"2023-04-20 13:40:47","",""
3601,25,"Protector solar SPF 50 50ml","Cuidado personal",7,"Bayer S.A Colombia",49,entregado,"2023-07-04 14:35:40","2023-07-16 14:35:40","FAC-003601"
3602,10,"Azitromicina 500mg x3","Antibiótico",5,"Genfar S.A - Grupo Sanofi",24,en proceso,"2024-07-24 08:10:17","2024-08-13 08:10:17",""
3603,36,"Condón Prudence Fresa x3","Condones",8,"Distribuidora Íntima de Colombia S.A.S",16,entregado,"2025-11-25 06:13:02","2025-12-02 06:13:02","FAC-003603"
3604,16,"Doxiciclina 100mg x10","Antibiótico",5,"Genfar S.A - Grupo Sanofi",59,en proceso,"2023-03-14 21:15:15","2023-04-03 21:15:15",""
3605,43,"Lubricante Pjur Original 30ml","Lubricantes",9,"Laboratorios Siegfried Colombia S.A",93,entregado,"2023-08-06 05:07:46","2023-08-17 05:07:46","FAC-003605"
3606,35,"Condón Condomi Ultra x12","Condones",8,"Distribuidora Íntima de Colombia S.A.S",12,aceptado,"2024-11-17 11:26:52","",""
3607,16,"Doxiciclina 100mg x10","Antibiótico",5,"Genfar S.A - Grupo Sanofi",67,entregado,"2023-12-03 06:14:04","2023-12-11 06:14:04","FAC-003607"
3608,45,"Lubricante Yes OB Natural 80ml","Lubricantes",9,"Laboratorios Siegfried Colombia S.A",69,entregado,"2025-11-23 17:48:06","2025-12-08 17:48:06","FAC-003608"
3609,37,"Condón Control Retard x3","Condones",8,"Distribuidora Íntima de Colombia S.A.S",73,entregado,"2024-02-11 16:07:56","2024-02-20 16:07:56","FAC-003609"
3610,13,"Clindamicina 300mg x16","Antibiótico",5,"Genfar S.A - Grupo Sanofi",16,en proceso,"2023-06-17 07:06:27","2023-06-26 07:06:27",""
3611,12,"Metronidazol 500mg x14","Antibiótico",5,"Genfar S.A - Grupo Sanofi",48,entregado,"2024-01-12 06:12:35","2024-01-15 06:12:35","FAC-003611"
3612,14,"Claritromicina 500mg x14","Antibiótico",5,"Genfar S.A - Grupo Sanofi",65,entregado,"2023-09-15 12:26:22","2023-09-24 12:26:22","FAC-003612"
3613,26,"Shampoo anticaspa 400ml","Cuidado personal",7,"Bayer S.A Colombia",66,entregado,"2024-04-17 22:50:14","2024-04-26 22:50:14","FAC-003613"
3614,6,"Meloxicam 15mg x10","Analgésico",4,"Laboratorios Lafrancol S.A.S",69,entregado,"2024-08-13 21:26:15","2024-08-27 21:26:15","FAC-003614"
3615,40,"Condón Protex x12","Condones",8,"Distribuidora Íntima de Colombia S.A.S",29,entregado,"2023-03-11 06:00:22","2023-03-25 06:00:22","FAC-003615"
3616,10,"Azitromicina 500mg x3","Antibiótico",5,"Genfar S.A - Grupo Sanofi",98,entregado,"2023-01-01 05:45:35","2023-01-06 05:45:35","FAC-003616"
3617,9,"Amoxicilina 500mg x21","Antibiótico",5,"Genfar S.A - Grupo Sanofi",65,en proceso,"2023-10-12 08:46:26","2023-10-25 08:46:26",""
3618,1,"Acetaminofén 500mg x10","Analgésico",4,"Laboratorios Lafrancol S.A.S",46,en proceso,"2024-04-16 15:54:35","2024-04-28 15:54:35",""
3619,47,"Lubricante Prudence Aqua 60ml","Lubricantes",9,"Laboratorios Siegfried Colombia S.A",95,entregado,"2024-11-11 19:43:05","2024-11-21 19:43:05","FAC-003619"
3620,16,"Doxiciclina 100mg x10","Antibiótico",5,"Genfar S.A - Grupo Sanofi",36,en proceso,"2023-06-21 17:07:41","2023-07-02 17:07:41",""
3621,10,"Azitromicina 500mg x3","Antibiótico",5,"Genfar S.A - Grupo Sanofi",30,en proceso,"2025-06-09 22:16:46","2025-06-24 22:16:46",""
3622,14,"Claritromicina 500mg x14","Antibiótico",5,"Genfar S.A - Grupo Sanofi",14,entregado,"2023-12-18 03:09:01","2023-12-22 03:09:01","FAC-003622"
3623,4,"Aspirina 100mg x10","Analgésico",4,"Laboratorios Lafrancol S.A.S",81,en proceso,"2024-06-23 02:19:53","2024-06-28 02:19:53",""
3624,28,"Jabón antibacterial 250ml","Cuidado personal",7,"Bayer S.A Colombia",15,entregado,"2023-02-17 23:57:59","2023-03-04 23:57:59","FAC-003624"
3625,10,"Azitromicina 500mg x3","Antibiótico",5,"Genfar S.A - Grupo Sanofi",39,en proceso,"2025-05-26 10:01:10","2025-06-02 10:01:10",""
3626,15,"Cefalexina 500mg x20","Antibiótico",5,"Genfar S.A - Grupo Sanofi",14,entregado,"2025-10-22 17:16:28","2025-10-27 17:16:28","FAC-003626"
3627,4,"Aspirina 100mg x10","Analgésico",4,"Laboratorios Lafrancol S.A.S",25,aceptado,"2023-06-01 11:18:22","",""
3628,25,"Protector solar SPF 50 50ml","Cuidado personal",7,"Bayer S.A Colombia",75,entregado,"2023-12-14 09:02:24","2023-12-21 09:02:24","FAC-003628"
3629,1,"Acetaminofén 500mg x10","Analgésico",4,"Laboratorios Lafrancol S.A.S",19,entregado,"2023-04-30 01:28:18","2023-05-09 01:28:18","FAC-003629"
3630,37,"Condón Control Retard x3","Condones",8,"Distribuidora Íntima de Colombia S.A.S",20,entregado,"2025-05-23 23:03:24","2025-05-28 23:03:24","FAC-003630"
3631,22,"Zinc 50mg x30","Vitaminas y suplementos",6,"Tecnoquímicas S.A",81,en proceso,"2023-04-29 19:28:19","2023-05-08 19:28:19",""
3632,8,"Ketorolaco 10mg x10","Analgésico",4,"Laboratorios Lafrancol S.A.S",22,aceptado,"2024-04-02 07:33:50","",""
3633,3,"Naproxeno 500mg x10","Analgésico",4,"Laboratorios Lafrancol S.A.S",33,en proceso,"2024-05-07 18:35:37","2024-05-15 18:35:37",""
3634,42,"Lubricante Íntimo KY 75ml","Lubricantes",9,"Laboratorios Siegfried Colombia S.A",82,aceptado,"2023-03-03 10:40:50","",""
3635,33,"Condón Durex Natural x3","Condones",8,"Distribuidora Íntima de Colombia S.A.S",58,aceptado,"2024-09-06 11:37:09","",""
3636,31,"Desodorante roll-on 50ml","Cuidado personal",7,"Bayer S.A Colombia",71,entregado,"2024-06-19 12:44:37","2024-07-02 12:44:37","FAC-003636"
3637,28,"Jabón antibacterial 250ml","Cuidado personal",7,"Bayer S.A Colombia",16,entregado,"2025-07-02 07:22:44","2025-07-16 07:22:44","FAC-003637"
3638,43,"Lubricante Pjur Original 30ml","Lubricantes",9,"Laboratorios Siegfried Colombia S.A",39,entregado,"2023-11-05 19:11:12","2023-11-08 19:11:12","FAC-003638"
3639,31,"Desodorante roll-on 50ml","Cuidado personal",7,"Bayer S.A Colombia",10,entregado,"2023-04-19 17:51:28","2023-04-26 17:51:28","FAC-003639"
3640,17,"Vitamina C 1000mg x30","Vitaminas y suplementos",6,"Tecnoquímicas S.A",81,entregado,"2025-03-31 12:51:06","2025-04-04 12:51:06","FAC-003640"
3641,30,"Crema dental blanqueadora 75ml","Cuidado personal",7,"Bayer S.A Colombia",94,en proceso,"2025-07-02 11:32:27","2025-07-17 11:32:27",""
3642,31,"Desodorante roll-on 50ml","Cuidado personal",7,"Bayer S.A Colombia",40,entregado,"2023-06-24 18:47:28","2023-07-09 18:47:28","FAC-003642"
3643,33,"Condón Durex Natural x3","Condones",8,"Distribuidora Íntima de Colombia S.A.S",97,entregado,"2023-11-29 00:21:40","2023-12-02 00:21:40","FAC-003643"
3644,43,"Lubricante Pjur Original 30ml","Lubricantes",9,"Laboratorios Siegfried Colombia S.A",76,entregado,"2024-04-24 10:22:42","2024-05-01 10:22:42","FAC-003644"
3645,20,"Omega 3 1000mg x30","Vitaminas y suplementos",6,"Tecnoquímicas S.A",64,entregado,"2023-06-20 05:38:20","2023-07-05 05:38:20","FAC-003645"
3646,29,"Hilo dental 50m","Cuidado personal",7,"Bayer S.A Colombia",39,entregado,"2025-06-06 05:06:08","2025-06-14 05:06:08","FAC-003646"
3647,36,"Condón Prudence Fresa x3","Condones",8,"Distribuidora Íntima de Colombia S.A.S",67,aceptado,"2024-07-22 20:13:55","",""
3648,8,"Ketorolaco 10mg x10","Analgésico",4,"Laboratorios Lafrancol S.A.S",55,entregado,"2023-02-07 03:33:10","2023-02-13 03:33:10","FAC-003648"
3649,40,"Condón Protex x12","Condones",8,"Distribuidora Íntima de Colombia S.A.S",41,en proceso,"2025-09-17 07:40:48","2025-09-23 07:40:48",""
3650,8,"Ketorolaco 10mg x10","Analgésico",4,"Laboratorios Lafrancol S.A.S",65,en proceso,"2023-11-08 07:13:52","2023-11-16 07:13:52",""
3651,13,"Clindamicina 300mg x16","Antibiótico",5,"Genfar S.A - Grupo Sanofi",54,entregado,"2023-07-13 18:23:55","2023-07-23 18:23:55","FAC-003651"
3652,40,"Condón Protex x12","Condones",8,"Distribuidora Íntima de Colombia S.A.S",67,entregado,"2024-06-15 13:36:32","2024-06-22 13:36:32","FAC-003652"
3653,38,"Condón Lifestyles Ultra x12","Condones",8,"Distribuidora Íntima de Colombia S.A.S",82,en proceso,"2025-08-07 20:08:07","2025-08-23 20:08:07",""
3654,8,"Ketorolaco 10mg x10","Analgésico",4,"Laboratorios Lafrancol S.A.S",89,en proceso,"2025-10-05 17:47:28","2025-10-19 17:47:28",""
3655,33,"Condón Durex Natural x3","Condones",8,"Distribuidora Íntima de Colombia S.A.S",16,entregado,"2025-02-20 21:03:21","2025-03-04 21:03:21","FAC-003655"
3656,1,"Acetaminofén 500mg x10","Analgésico",4,"Laboratorios Lafrancol S.A.S",17,en proceso,"2024-10-01 03:31:36","2024-10-07 03:31:36",""
3657,22,"Zinc 50mg x30","Vitaminas y suplementos",6,"Tecnoquímicas S.A",40,entregado,"2024-01-08 04:08:51","2024-01-23 04:08:51","FAC-003657"
3658,23,"Hierro + Ácido Fólico x30","Vitaminas y suplementos",6,"Tecnoquímicas S.A",15,entregado,"2025-11-17 06:30:22","2025-12-01 06:30:22","FAC-003658"
3659,36,"Condón Prudence Fresa x3","Condones",8,"Distribuidora Íntima de Colombia S.A.S",53,en proceso,"2023-04-11 21:00:20","2023-04-27 21:00:20",""
3660,16,"Doxiciclina 100mg x10","Antibiótico",5,"Genfar S.A - Grupo Sanofi",56,entregado,"2025-04-16 15:06:10","2025-04-27 15:06:10","FAC-003660"
3661,19,"Complejo B x30","Vitaminas y suplementos",6,"Tecnoquímicas S.A",95,entregado,"2025-02-13 05:44:20","2025-02-26 05:44:20","FAC-003661"
3662,10,"Azitromicina 500mg x3","Antibiótico",5,"Genfar S.A - Grupo Sanofi",66,entregado,"2023-09-04 09:04:49","2023-09-14 09:04:49","FAC-003662"
3663,10,"Azitromicina 500mg x3","Antibiótico",5,"Genfar S.A - Grupo Sanofi",34,entregado,"2024-12-08 14:20:33","2024-12-13 14:20:33","FAC-003663"
3664,33,"Condón Durex Natural x3","Condones",8,"Distribuidora Íntima de Colombia S.A.S",39,en proceso,"2024-02-18 03:58:09","2024-03-06 03:58:09",""
3665,31,"Desodorante roll-on 50ml","Cuidado personal",7,"Bayer S.A Colombia",18,entregado,"2024-07-31 19:36:35","2024-08-03 19:36:35","FAC-003665"
3666,26,"Shampoo anticaspa 400ml","Cuidado personal",7,"Bayer S.A Colombia",21,entregado,"2024-08-07 05:10:49","2024-08-10 05:10:49","FAC-003666"
3667,20,"Omega 3 1000mg x30","Vitaminas y suplementos",6,"Tecnoquímicas S.A",16,aceptado,"2025-08-28 04:57:35","",""
3668,43,"Lubricante Pjur Original 30ml","Lubricantes",9,"Laboratorios Siegfried Colombia S.A",12,entregado,"2023-04-26 04:38:55","2023-05-08 04:38:55","FAC-003668"
3669,18,"Vitamina D3 2000UI x30","Vitaminas y suplementos",6,"Tecnoquímicas S.A",11,en proceso,"2023-01-18 06:25:19","2023-01-30 06:25:19",""
3670,44,"Lubricante Nuei Delay 100ml","Lubricantes",9,"Laboratorios Siegfried Colombia S.A",74,en proceso,"2025-02-26 10:53:17","2025-03-09 10:53:17",""
3671,5,"Diclofenaco 50mg x10","Analgésico",4,"Laboratorios Lafrancol S.A.S",38,entregado,"2023-04-02 22:38:15","2023-04-13 22:38:15","FAC-003671"
3672,22,"Zinc 50mg x30","Vitaminas y suplementos",6,"Tecnoquímicas S.A",43,en proceso,"2023-07-08 07:53:36","2023-07-21 07:53:36",""
3673,2,"Ibuprofeno 400mg x10","Analgésico",4,"Laboratorios Lafrancol S.A.S",84,aceptado,"2024-08-21 23:44:56","",""
3674,42,"Lubricante Íntimo KY 75ml","Lubricantes",9,"Laboratorios Siegfried Colombia S.A",83,entregado,"2025-09-25 15:56:27","2025-10-06 15:56:27","FAC-003674"
3675,12,"Metronidazol 500mg x14","Antibiótico",5,"Genfar S.A - Grupo Sanofi",61,entregado,"2024-08-19 21:19:43","2024-09-02 21:19:43","FAC-003675"
3676,15,"Cefalexina 500mg x20","Antibiótico",5,"Genfar S.A - Grupo Sanofi",94,entregado,"2023-04-15 18:40:51","2023-04-21 18:40:51","FAC-003676"
3677,43,"Lubricante Pjur Original 30ml","Lubricantes",9,"Laboratorios Siegfried Colombia S.A",31,aceptado,"2025-01-21 08:22:44","",""
3678,26,"Shampoo anticaspa 400ml","Cuidado personal",7,"Bayer S.A Colombia",100,entregado,"2025-05-05 02:16:37","2025-05-08 02:16:37","FAC-003678"
3679,2,"Ibuprofeno 400mg x10","Analgésico",4,"Laboratorios Lafrancol S.A.S",26,entregado,"2023-08-07 03:12:39","2023-08-21 03:12:39","FAC-003679"
3680,12,"Metronidazol 500mg x14","Antibiótico",5,"Genfar S.A - Grupo Sanofi",85,entregado,"2025-03-01 10:45:20","2025-03-10 10:45:20","FAC-003680"
3681,42,"Lubricante Íntimo KY 75ml","Lubricantes",9,"Laboratorios Siegfried Colombia S.A",38,entregado,"2024-07-27 15:41:50","2024-07-30 15:41:50","FAC-003681"
3682,47,"Lubricante Prudence Aqua 60ml","Lubricantes",9,"Laboratorios Siegfried Colombia S.A",66,en proceso,"2024-02-17 07:04:03","2024-02-25 07:04:03",""
3683,32,"Gel antibacterial 500ml","Cuidado personal",7,"Bayer S.A Colombia",41,entregado,"2023-10-30 15:21:46","2023-11-09 15:21:46","FAC-003683"
3684,23,"Hierro + Ácido Fólico x30","Vitaminas y suplementos",6,"Tecnoquímicas S.A",27,entregado,"2023-02-14 23:25:56","2023-02-22 23:25:56","FAC-003684"
3685,8,"Ketorolaco 10mg x10","Analgésico",4,"Laboratorios Lafrancol S.A.S",89,en proceso,"2025-11-20 14:04:49","2025-11-27 14:04:49",""
3686,37,"Condón Control Retard x3","Condones",8,"Distribuidora Íntima de Colombia S.A.S",28,en proceso,"2024-10-04 16:10:48","2024-10-11 16:10:48",""
3687,14,"Claritromicina 500mg x14","Antibiótico",5,"Genfar S.A - Grupo Sanofi",85,aceptado,"2024-01-23 03:18:32","",""
3688,18,"Vitamina D3 2000UI x30","Vitaminas y suplementos",6,"Tecnoquímicas S.A",99,entregado,"2024-05-02 09:10:33","2024-05-09 09:10:33","FAC-003688"
3689,46,"Lubricante Vive Sensitivo 50ml","Lubricantes",9,"Laboratorios Siegfried Colombia S.A",87,entregado,"2025-04-01 05:21:38","2025-04-13 05:21:38","FAC-003689"
3690,40,"Condón Protex x12","Condones",8,"Distribuidora Íntima de Colombia S.A.S",53,entregado,"2024-05-11 13:19:37","2024-05-20 13:19:37","FAC-003690"
3691,14,"Claritromicina 500mg x14","Antibiótico",5,"Genfar S.A - Grupo Sanofi",97,en proceso,"2025-12-09 16:08:26","2025-12-21 16:08:26",""
3692,29,"Hilo dental 50m","Cuidado personal",7,"Bayer S.A Colombia",57,en proceso,"2024-07-18 06:49:07","2024-07-23 06:49:07",""
3693,17,"Vitamina C 1000mg x30","Vitaminas y suplementos",6,"Tecnoquímicas S.A",37,entregado,"2024-09-05 03:01:39","2024-09-11 03:01:39","FAC-003693"
3694,25,"Protector solar SPF 50 50ml","Cuidado personal",7,"Bayer S.A Colombia",62,en proceso,"2025-03-12 12:57:47","2025-03-25 12:57:47",""
3695,45,"Lubricante Yes OB Natural 80ml","Lubricantes",9,"Laboratorios Siegfried Colombia S.A",81,entregado,"2024-07-16 20:49:57","2024-07-21 20:49:57","FAC-003695"
3696,4,"Aspirina 100mg x10","Analgésico",4,"Laboratorios Lafrancol S.A.S",83,en proceso,"2023-09-27 20:58:20","2023-10-04 20:58:20",""
3697,36,"Condón Prudence Fresa x3","Condones",8,"Distribuidora Íntima de Colombia S.A.S",51,entregado,"2023-02-20 22:14:53","2023-02-24 22:14:53","FAC-003697"
3698,10,"Azitromicina 500mg x3","Antibiótico",5,"Genfar S.A - Grupo Sanofi",76,en proceso,"2025-05-09 02:56:35","2025-05-26 02:56:35",""
3699,25,"Protector solar SPF 50 50ml","Cuidado personal",7,"Bayer S.A Colombia",38,entregado,"2024-02-18 08:51:12","2024-03-03 08:51:12","FAC-003699"
3700,24,"Magnesio 400mg x60","Vitaminas y suplementos",6,"Tecnoquímicas S.A",84,en proceso,"2023-01-27 20:18:09","2023-02-04 20:18:09",""
3701,30,"Crema dental blanqueadora 75ml","Cuidado personal",7,"Bayer S.A Colombia",33,entregado,"2024-12-20 02:36:49","2025-01-04 02:36:49","FAC-003701"
3702,20,"Omega 3 1000mg x30","Vitaminas y suplementos",6,"Tecnoquímicas S.A",82,aceptado,"2025-10-14 09:57:25","",""
3703,18,"Vitamina D3 2000UI x30","Vitaminas y suplementos",6,"Tecnoquímicas S.A",36,en proceso,"2024-05-26 16:06:59","2024-06-15 16:06:59",""
3704,7,"Tramadol 50mg x10","Analgésico",4,"Laboratorios Lafrancol S.A.S",48,en proceso,"2025-09-11 07:28:40","2025-09-17 07:28:40",""
3705,24,"Magnesio 400mg x60","Vitaminas y suplementos",6,"Tecnoquímicas S.A",53,en proceso,"2024-02-22 15:07:24","2024-03-06 15:07:24",""
3706,33,"Condón Durex Natural x3","Condones",8,"Distribuidora Íntima de Colombia S.A.S",57,entregado,"2025-09-11 09:14:18","2025-09-20 09:14:18","FAC-003706"
3707,19,"Complejo B x30","Vitaminas y suplementos",6,"Tecnoquímicas S.A",70,aceptado,"2025-08-09 12:37:43","",""
3708,35,"Condón Condomi Ultra x12","Condones",8,"Distribuidora Íntima de Colombia S.A.S",51,aceptado,"2023-11-27 16:29:53","",""
3709,44,"Lubricante Nuei Delay 100ml","Lubricantes",9,"Laboratorios Siegfried Colombia S.A",28,en proceso,"2025-01-06 21:18:54","2025-01-24 21:18:54",""
3710,20,"Omega 3 1000mg x30","Vitaminas y suplementos",6,"Tecnoquímicas S.A",18,en proceso,"2025-06-02 01:45:08","2025-06-13 01:45:08",""
3711,9,"Amoxicilina 500mg x21","Antibiótico",5,"Genfar S.A - Grupo Sanofi",100,en proceso,"2024-11-01 22:29:18","2024-11-09 22:29:18",""
3712,36,"Condón Prudence Fresa x3","Condones",8,"Distribuidora Íntima de Colombia S.A.S",30,entregado,"2023-03-13 23:53:40","2023-03-23 23:53:40","FAC-003712"
3713,43,"Lubricante Pjur Original 30ml","Lubricantes",9,"Laboratorios Siegfried Colombia S.A",35,en proceso,"2025-10-12 22:06:25","2025-10-21 22:06:25",""
3714,8,"Ketorolaco 10mg x10","Analgésico",4,"Laboratorios Lafrancol S.A.S",98,entregado,"2023-12-06 06:18:17","2023-12-09 06:18:17","FAC-003714"
3715,23,"Hierro + Ácido Fólico x30","Vitaminas y suplementos",6,"Tecnoquímicas S.A",86,en proceso,"2025-03-03 19:39:05","2025-03-17 19:39:05",""
3716,29,"Hilo dental 50m","Cuidado personal",7,"Bayer S.A Colombia",100,entregado,"2025-08-26 13:57:05","2025-09-10 13:57:05","FAC-003716"
3717,8,"Ketorolaco 10mg x10","Analgésico",4,"Laboratorios Lafrancol S.A.S",81,entregado,"2023-09-13 07:35:39","2023-09-17 07:35:39","FAC-003717"
3718,43,"Lubricante Pjur Original 30ml","Lubricantes",9,"Laboratorios Siegfried Colombia S.A",100,en proceso,"2024-07-19 19:43:02","2024-08-07 19:43:02",""
3719,1,"Acetaminofén 500mg x10","Analgésico",4,"Laboratorios Lafrancol S.A.S",20,en proceso,"2024-02-02 21:51:14","2024-02-11 21:51:14",""
3720,45,"Lubricante Yes OB Natural 80ml","Lubricantes",9,"Laboratorios Siegfried Colombia S.A",48,entregado,"2025-04-28 01:26:07","2025-05-12 01:26:07","FAC-003720"
3721,29,"Hilo dental 50m","Cuidado personal",7,"Bayer S.A Colombia",52,entregado,"2024-11-07 17:45:17","2024-11-20 17:45:17","FAC-003721"
3722,21,"Calcio + Vitamina D x60","Vitaminas y suplementos",6,"Tecnoquímicas S.A",84,entregado,"2024-11-29 05:23:46","2024-12-04 05:23:46","FAC-003722"
3723,13,"Clindamicina 300mg x16","Antibiótico",5,"Genfar S.A - Grupo Sanofi",80,en proceso,"2025-09-26 11:51:52","2025-10-12 11:51:52",""
3724,46,"Lubricante Vive Sensitivo 50ml","Lubricantes",9,"Laboratorios Siegfried Colombia S.A",57,entregado,"2024-08-01 23:42:05","2024-08-04 23:42:05","FAC-003724"
3725,22,"Zinc 50mg x30","Vitaminas y suplementos",6,"Tecnoquímicas S.A",57,aceptado,"2025-08-01 13:16:11","",""
3726,19,"Complejo B x30","Vitaminas y suplementos",6,"Tecnoquímicas S.A",100,entregado,"2025-04-14 03:30:14","2025-04-17 03:30:14","FAC-003726"
3727,48,"Lubricante Control Aqua 75ml","Lubricantes",9,"Laboratorios Siegfried Colombia S.A",24,entregado,"2025-12-09 00:12:23","2025-12-13 00:12:23","FAC-003727"
3728,7,"Tramadol 50mg x10","Analgésico",4,"Laboratorios Lafrancol S.A.S",60,en proceso,"2025-05-31 02:26:05","2025-06-14 02:26:05",""
3729,10,"Azitromicina 500mg x3","Antibiótico",5,"Genfar S.A - Grupo Sanofi",82,entregado,"2024-01-11 13:50:36","2024-01-25 13:50:36","FAC-003729"
3730,23,"Hierro + Ácido Fólico x30","Vitaminas y suplementos",6,"Tecnoquímicas S.A",10,en proceso,"2023-06-06 20:05:36","2023-06-24 20:05:36",""
3731,47,"Lubricante Prudence Aqua 60ml","Lubricantes",9,"Laboratorios Siegfried Colombia S.A",89,entregado,"2025-10-24 18:37:40","2025-10-28 18:37:40","FAC-003731"
3732,31,"Desodorante roll-on 50ml","Cuidado personal",7,"Bayer S.A Colombia",52,entregado,"2024-09-25 16:31:58","2024-09-30 16:31:58","FAC-003732"
3733,11,"Ciprofloxacino 500mg x10","Antibiótico",5,"Genfar S.A - Grupo Sanofi",20,aceptado,"2025-12-20 04:39:53","",""
3734,19,"Complejo B x30","Vitaminas y suplementos",6,"Tecnoquímicas S.A",83,entregado,"2025-06-24 19:17:40","2025-06-28 19:17:40","FAC-003734"
3735,11,"Ciprofloxacino 500mg x10","Antibiótico",5,"Genfar S.A - Grupo Sanofi",46,entregado,"2024-04-20 20:12:20","2024-04-28 20:12:20","FAC-003735"
3736,11,"Ciprofloxacino 500mg x10","Antibiótico",5,"Genfar S.A - Grupo Sanofi",90,aceptado,"2023-02-19 13:48:40","",""
3737,35,"Condón Condomi Ultra x12","Condones",8,"Distribuidora Íntima de Colombia S.A.S",37,en proceso,"2023-06-11 07:51:05","2023-06-16 07:51:05",""
3738,27,"Crema hidratante facial 50ml","Cuidado personal",7,"Bayer S.A Colombia",78,aceptado,"2024-03-08 00:56:31","",""
3739,26,"Shampoo anticaspa 400ml","Cuidado personal",7,"Bayer S.A Colombia",79,aceptado,"2024-05-14 20:14:17","",""
3740,33,"Condón Durex Natural x3","Condones",8,"Distribuidora Íntima de Colombia S.A.S",76,entregado,"2024-11-14 08:35:54","2024-11-20 08:35:54","FAC-003740"
3741,32,"Gel antibacterial 500ml","Cuidado personal",7,"Bayer S.A Colombia",53,entregado,"2023-05-24 12:12:35","2023-06-02 12:12:35","FAC-003741"
3742,45,"Lubricante Yes OB Natural 80ml","Lubricantes",9,"Laboratorios Siegfried Colombia S.A",52,entregado,"2023-04-10 12:54:39","2023-04-15 12:54:39","FAC-003742"
3743,13,"Clindamicina 300mg x16","Antibiótico",5,"Genfar S.A - Grupo Sanofi",53,aceptado,"2024-07-11 19:47:01","",""
3744,43,"Lubricante Pjur Original 30ml","Lubricantes",9,"Laboratorios Siegfried Colombia S.A",83,entregado,"2024-02-08 08:55:55","2024-02-15 08:55:55","FAC-003744"
3745,26,"Shampoo anticaspa 400ml","Cuidado personal",7,"Bayer S.A Colombia",89,aceptado,"2023-11-26 08:19:02","",""
3746,27,"Crema hidratante facial 50ml","Cuidado personal",7,"Bayer S.A Colombia",98,entregado,"2025-10-19 07:44:44","2025-10-27 07:44:44","FAC-003746"
3747,43,"Lubricante Pjur Original 30ml","Lubricantes",9,"Laboratorios Siegfried Colombia S.A",94,entregado,"2025-09-12 15:09:42","2025-09-18 15:09:42","FAC-003747"
3748,2,"Ibuprofeno 400mg x10","Analgésico",4,"Laboratorios Lafrancol S.A.S",42,entregado,"2025-09-16 03:48:00","2025-09-26 03:48:00","FAC-003748"
3749,19,"Complejo B x30","Vitaminas y suplementos",6,"Tecnoquímicas S.A",31,en proceso,"2025-06-26 17:41:33","2025-07-11 17:41:33",""
3750,19,"Complejo B x30","Vitaminas y suplementos",6,"Tecnoquímicas S.A",26,entregado,"2023-03-22 18:24:02","2023-04-04 18:24:02","FAC-003750"
3751,39,"Condón Vive Placer Real x3","Condones",8,"Distribuidora Íntima de Colombia S.A.S",96,en proceso,"2024-03-31 01:18:28","2024-04-09 01:18:28",""
3752,20,"Omega 3 1000mg x30","Vitaminas y suplementos",6,"Tecnoquímicas S.A",43,entregado,"2024-07-31 18:22:58","2024-08-12 18:22:58","FAC-003752"
3753,4,"Aspirina 100mg x10","Analgésico",4,"Laboratorios Lafrancol S.A.S",17,aceptado,"2023-09-20 00:04:18","",""
3754,40,"Condón Protex x12","Condones",8,"Distribuidora Íntima de Colombia S.A.S",63,en proceso,"2024-09-30 04:37:15","2024-10-06 04:37:15",""
3755,15,"Cefalexina 500mg x20","Antibiótico",5,"Genfar S.A - Grupo Sanofi",27,entregado,"2023-01-17 15:52:18","2023-01-27 15:52:18","FAC-003755"
3756,43,"Lubricante Pjur Original 30ml","Lubricantes",9,"Laboratorios Siegfried Colombia S.A",45,aceptado,"2025-08-24 20:39:39","",""
3757,10,"Azitromicina 500mg x3","Antibiótico",5,"Genfar S.A - Grupo Sanofi",21,aceptado,"2023-03-19 19:32:14","",""
3758,6,"Meloxicam 15mg x10","Analgésico",4,"Laboratorios Lafrancol S.A.S",90,entregado,"2023-11-20 08:43:04","2023-11-29 08:43:04","FAC-003758"
3759,38,"Condón Lifestyles Ultra x12","Condones",8,"Distribuidora Íntima de Colombia S.A.S",34,en proceso,"2023-06-05 04:47:59","2023-06-20 04:47:59",""
3760,22,"Zinc 50mg x30","Vitaminas y suplementos",6,"Tecnoquímicas S.A",63,en proceso,"2024-05-02 15:23:01","2024-05-13 15:23:01",""
3761,11,"Ciprofloxacino 500mg x10","Antibiótico",5,"Genfar S.A - Grupo Sanofi",17,en proceso,"2024-11-22 09:42:38","2024-12-02 09:42:38",""
3762,48,"Lubricante Control Aqua 75ml","Lubricantes",9,"Laboratorios Siegfried Colombia S.A",73,aceptado,"2025-01-13 21:13:08","",""
3763,20,"Omega 3 1000mg x30","Vitaminas y suplementos",6,"Tecnoquímicas S.A",39,aceptado,"2023-02-08 01:05:46","",""
3764,47,"Lubricante Prudence Aqua 60ml","Lubricantes",9,"Laboratorios Siegfried Colombia S.A",75,aceptado,"2024-07-22 02:25:45","",""
3765,17,"Vitamina C 1000mg x30","Vitaminas y suplementos",6,"Tecnoquímicas S.A",18,entregado,"2025-10-10 02:33:23","2025-10-18 02:33:23","FAC-003765"
3766,24,"Magnesio 400mg x60","Vitaminas y suplementos",6,"Tecnoquímicas S.A",97,entregado,"2024-12-08 08:59:41","2024-12-21 08:59:41","FAC-003766"
3767,35,"Condón Condomi Ultra x12","Condones",8,"Distribuidora Íntima de Colombia S.A.S",28,entregado,"2023-02-04 14:15:15","2023-02-11 14:15:15","FAC-003767"
3768,23,"Hierro + Ácido Fólico x30","Vitaminas y suplementos",6,"Tecnoquímicas S.A",52,en proceso,"2023-12-20 15:00:14","2024-01-03 15:00:14",""
3769,46,"Lubricante Vive Sensitivo 50ml","Lubricantes",9,"Laboratorios Siegfried Colombia S.A",83,en proceso,"2024-06-22 14:01:04","2024-07-06 14:01:04",""
3770,37,"Condón Control Retard x3","Condones",8,"Distribuidora Íntima de Colombia S.A.S",25,entregado,"2024-08-02 20:40:41","2024-08-05 20:40:41","FAC-003770"
3771,6,"Meloxicam 15mg x10","Analgésico",4,"Laboratorios Lafrancol S.A.S",81,en proceso,"2023-09-13 11:19:26","2023-10-01 11:19:26",""
3772,35,"Condón Condomi Ultra x12","Condones",8,"Distribuidora Íntima de Colombia S.A.S",50,entregado,"2023-12-12 22:08:02","2023-12-25 22:08:02","FAC-003772"
3773,31,"Desodorante roll-on 50ml","Cuidado personal",7,"Bayer S.A Colombia",87,entregado,"2025-11-23 03:56:47","2025-11-27 03:56:47","FAC-003773"
3774,6,"Meloxicam 15mg x10","Analgésico",4,"Laboratorios Lafrancol S.A.S",61,entregado,"2024-01-25 03:14:47","2024-02-02 03:14:47","FAC-003774"
3775,17,"Vitamina C 1000mg x30","Vitaminas y suplementos",6,"Tecnoquímicas S.A",36,aceptado,"2023-11-09 11:24:50","",""
3776,8,"Ketorolaco 10mg x10","Analgésico",4,"Laboratorios Lafrancol S.A.S",92,entregado,"2024-10-20 13:53:51","2024-10-26 13:53:51","FAC-003776"
3777,8,"Ketorolaco 10mg x10","Analgésico",4,"Laboratorios Lafrancol S.A.S",70,entregado,"2023-12-23 13:42:42","2023-12-28 13:42:42","FAC-003777"
3778,21,"Calcio + Vitamina D x60","Vitaminas y suplementos",6,"Tecnoquímicas S.A",97,entregado,"2023-06-14 07:38:29","2023-06-28 07:38:29","FAC-003778"
3779,7,"Tramadol 50mg x10","Analgésico",4,"Laboratorios Lafrancol S.A.S",10,en proceso,"2024-03-27 16:01:28","2024-04-01 16:01:28",""
3780,5,"Diclofenaco 50mg x10","Analgésico",4,"Laboratorios Lafrancol S.A.S",83,entregado,"2024-02-18 12:08:46","2024-02-26 12:08:46","FAC-003780"
3781,44,"Lubricante Nuei Delay 100ml","Lubricantes",9,"Laboratorios Siegfried Colombia S.A",65,entregado,"2025-05-14 17:27:25","2025-05-24 17:27:25","FAC-003781"
3782,45,"Lubricante Yes OB Natural 80ml","Lubricantes",9,"Laboratorios Siegfried Colombia S.A",56,entregado,"2025-11-06 18:26:37","2025-11-12 18:26:37","FAC-003782"
3783,42,"Lubricante Íntimo KY 75ml","Lubricantes",9,"Laboratorios Siegfried Colombia S.A",58,entregado,"2023-09-20 03:57:04","2023-09-25 03:57:04","FAC-003783"
3784,36,"Condón Prudence Fresa x3","Condones",8,"Distribuidora Íntima de Colombia S.A.S",30,entregado,"2023-09-16 00:48:41","2023-09-26 00:48:41","FAC-003784"
3785,34,"Condón Durex Extra Fino x3","Condones",8,"Distribuidora Íntima de Colombia S.A.S",25,entregado,"2025-01-28 04:57:14","2025-02-08 04:57:14","FAC-003785"
3786,7,"Tramadol 50mg x10","Analgésico",4,"Laboratorios Lafrancol S.A.S",18,entregado,"2023-06-26 19:58:52","2023-07-01 19:58:52","FAC-003786"
3787,10,"Azitromicina 500mg x3","Antibiótico",5,"Genfar S.A - Grupo Sanofi",70,en proceso,"2024-02-05 11:31:49","2024-02-11 11:31:49",""
3788,34,"Condón Durex Extra Fino x3","Condones",8,"Distribuidora Íntima de Colombia S.A.S",36,entregado,"2023-03-13 07:08:56","2023-03-20 07:08:56","FAC-003788"
3789,7,"Tramadol 50mg x10","Analgésico",4,"Laboratorios Lafrancol S.A.S",78,entregado,"2024-08-11 20:09:29","2024-08-26 20:09:29","FAC-003789"
3790,16,"Doxiciclina 100mg x10","Antibiótico",5,"Genfar S.A - Grupo Sanofi",34,en proceso,"2024-10-07 13:48:53","2024-10-26 13:48:53",""
3791,22,"Zinc 50mg x30","Vitaminas y suplementos",6,"Tecnoquímicas S.A",70,entregado,"2025-08-23 02:58:47","2025-08-30 02:58:47","FAC-003791"
3792,25,"Protector solar SPF 50 50ml","Cuidado personal",7,"Bayer S.A Colombia",83,entregado,"2024-09-26 03:08:12","2024-10-01 03:08:12","FAC-003792"
3793,29,"Hilo dental 50m","Cuidado personal",7,"Bayer S.A Colombia",64,entregado,"2024-09-24 18:26:39","2024-10-08 18:26:39","FAC-003793"
3794,9,"Amoxicilina 500mg x21","Antibiótico",5,"Genfar S.A - Grupo Sanofi",60,entregado,"2024-11-15 14:00:47","2024-11-19 14:00:47","FAC-003794"
3795,6,"Meloxicam 15mg x10","Analgésico",4,"Laboratorios Lafrancol S.A.S",13,entregado,"2025-07-22 05:58:50","2025-07-28 05:58:50","FAC-003795"
3796,14,"Claritromicina 500mg x14","Antibiótico",5,"Genfar S.A - Grupo Sanofi",81,entregado,"2025-06-25 07:13:05","2025-07-05 07:13:05","FAC-003796"
3797,48,"Lubricante Control Aqua 75ml","Lubricantes",9,"Laboratorios Siegfried Colombia S.A",48,en proceso,"2025-11-13 20:22:10","2025-12-02 20:22:10",""
3798,28,"Jabón antibacterial 250ml","Cuidado personal",7,"Bayer S.A Colombia",51,entregado,"2025-03-24 01:46:19","2025-04-06 01:46:19","FAC-003798"
3799,11,"Ciprofloxacino 500mg x10","Antibiótico",5,"Genfar S.A - Grupo Sanofi",43,entregado,"2025-03-25 04:44:23","2025-03-31 04:44:23","FAC-003799"
3800,25,"Protector solar SPF 50 50ml","Cuidado personal",7,"Bayer S.A Colombia",80,entregado,"2023-06-27 22:47:22","2023-07-03 22:47:22","FAC-003800"
3801,39,"Condón Vive Placer Real x3","Condones",8,"Distribuidora Íntima de Colombia S.A.S",92,aceptado,"2025-10-22 07:29:39","",""
3802,48,"Lubricante Control Aqua 75ml","Lubricantes",9,"Laboratorios Siegfried Colombia S.A",77,aceptado,"2025-03-24 02:54:40","",""
3803,36,"Condón Prudence Fresa x3","Condones",8,"Distribuidora Íntima de Colombia S.A.S",47,entregado,"2025-11-16 19:03:46","2025-11-20 19:03:46","FAC-003803"
3804,24,"Magnesio 400mg x60","Vitaminas y suplementos",6,"Tecnoquímicas S.A",35,entregado,"2025-04-27 22:47:11","2025-05-07 22:47:11","FAC-003804"
3805,45,"Lubricante Yes OB Natural 80ml","Lubricantes",9,"Laboratorios Siegfried Colombia S.A",20,entregado,"2025-05-13 17:01:27","2025-05-25 17:01:27","FAC-003805"
3806,41,"Lubricante Durex Play 50ml","Lubricantes",9,"Laboratorios Siegfried Colombia S.A",77,en proceso,"2024-01-10 17:26:45","2024-01-20 17:26:45",""
3807,31,"Desodorante roll-on 50ml","Cuidado personal",7,"Bayer S.A Colombia",91,entregado,"2025-06-22 13:03:50","2025-06-28 13:03:50","FAC-003807"
3808,22,"Zinc 50mg x30","Vitaminas y suplementos",6,"Tecnoquímicas S.A",76,en proceso,"2023-11-28 20:31:56","2023-12-16 20:31:56",""
3809,5,"Diclofenaco 50mg x10","Analgésico",4,"Laboratorios Lafrancol S.A.S",56,aceptado,"2025-10-05 07:36:58","",""
3810,47,"Lubricante Prudence Aqua 60ml","Lubricantes",9,"Laboratorios Siegfried Colombia S.A",22,en proceso,"2024-07-31 15:35:17","2024-08-16 15:35:17",""
3811,38,"Condón Lifestyles Ultra x12","Condones",8,"Distribuidora Íntima de Colombia S.A.S",62,en proceso,"2025-10-14 20:47:23","2025-10-19 20:47:23",""
3812,8,"Ketorolaco 10mg x10","Analgésico",4,"Laboratorios Lafrancol S.A.S",66,entregado,"2024-03-14 15:46:07","2024-03-18 15:46:07","FAC-003812"
3813,12,"Metronidazol 500mg x14","Antibiótico",5,"Genfar S.A - Grupo Sanofi",31,en proceso,"2023-04-14 05:58:12","2023-04-20 05:58:12",""
3814,14,"Claritromicina 500mg x14","Antibiótico",5,"Genfar S.A - Grupo Sanofi",31,entregado,"2024-01-15 00:24:17","2024-01-29 00:24:17","FAC-003814"
3815,13,"Clindamicina 300mg x16","Antibiótico",5,"Genfar S.A - Grupo Sanofi",58,entregado,"2024-07-29 03:11:42","2024-08-13 03:11:42","FAC-003815"
3816,1,"Acetaminofén 500mg x10","Analgésico",4,"Laboratorios Lafrancol S.A.S",51,entregado,"2025-01-03 09:02:55","2025-01-08 09:02:55","FAC-003816"
3817,39,"Condón Vive Placer Real x3","Condones",8,"Distribuidora Íntima de Colombia S.A.S",91,en proceso,"2024-06-16 01:33:57","2024-06-30 01:33:57",""
3818,26,"Shampoo anticaspa 400ml","Cuidado personal",7,"Bayer S.A Colombia",87,entregado,"2025-11-26 13:34:03","2025-12-10 13:34:03","FAC-003818"
3819,13,"Clindamicina 300mg x16","Antibiótico",5,"Genfar S.A - Grupo Sanofi",73,entregado,"2024-11-20 00:16:08","2024-12-03 00:16:08","FAC-003819"
3820,21,"Calcio + Vitamina D x60","Vitaminas y suplementos",6,"Tecnoquímicas S.A",47,entregado,"2025-09-12 22:22:13","2025-09-18 22:22:13","FAC-003820"
3821,47,"Lubricante Prudence Aqua 60ml","Lubricantes",9,"Laboratorios Siegfried Colombia S.A",52,en proceso,"2024-02-29 02:49:00","2024-03-08 02:49:00",""
3822,38,"Condón Lifestyles Ultra x12","Condones",8,"Distribuidora Íntima de Colombia S.A.S",51,entregado,"2024-10-24 08:11:09","2024-11-05 08:11:09","FAC-003822"
3823,48,"Lubricante Control Aqua 75ml","Lubricantes",9,"Laboratorios Siegfried Colombia S.A",28,entregado,"2023-07-08 10:37:59","2023-07-18 10:37:59","FAC-003823"
3824,30,"Crema dental blanqueadora 75ml","Cuidado personal",7,"Bayer S.A Colombia",54,entregado,"2023-07-01 00:47:59","2023-07-13 00:47:59","FAC-003824"
3825,35,"Condón Condomi Ultra x12","Condones",8,"Distribuidora Íntima de Colombia S.A.S",18,entregado,"2025-04-10 11:45:34","2025-04-18 11:45:34","FAC-003825"
3826,25,"Protector solar SPF 50 50ml","Cuidado personal",7,"Bayer S.A Colombia",12,entregado,"2024-12-26 00:45:56","2025-01-05 00:45:56","FAC-003826"
3827,22,"Zinc 50mg x30","Vitaminas y suplementos",6,"Tecnoquímicas S.A",70,aceptado,"2023-01-11 03:17:12","",""
3828,14,"Claritromicina 500mg x14","Antibiótico",5,"Genfar S.A - Grupo Sanofi",72,entregado,"2023-02-18 01:19:05","2023-02-27 01:19:05","FAC-003828"
3829,39,"Condón Vive Placer Real x3","Condones",8,"Distribuidora Íntima de Colombia S.A.S",91,entregado,"2025-11-01 07:58:01","2025-11-14 07:58:01","FAC-003829"
3830,45,"Lubricante Yes OB Natural 80ml","Lubricantes",9,"Laboratorios Siegfried Colombia S.A",41,en proceso,"2025-05-13 02:20:11","2025-06-02 02:20:11",""
3831,15,"Cefalexina 500mg x20","Antibiótico",5,"Genfar S.A - Grupo Sanofi",24,entregado,"2025-06-23 06:40:19","2025-07-03 06:40:19","FAC-003831"
3832,15,"Cefalexina 500mg x20","Antibiótico",5,"Genfar S.A - Grupo Sanofi",56,entregado,"2023-01-09 01:03:20","2023-01-20 01:03:20","FAC-003832"
3833,3,"Naproxeno 500mg x10","Analgésico",4,"Laboratorios Lafrancol S.A.S",16,en proceso,"2024-05-02 15:44:25","2024-05-20 15:44:25",""
3834,39,"Condón Vive Placer Real x3","Condones",8,"Distribuidora Íntima de Colombia S.A.S",90,entregado,"2024-08-29 05:53:12","2024-09-01 05:53:12","FAC-003834"
3835,32,"Gel antibacterial 500ml","Cuidado personal",7,"Bayer S.A Colombia",20,en proceso,"2023-07-27 14:57:35","2023-08-13 14:57:35",""
3836,25,"Protector solar SPF 50 50ml","Cuidado personal",7,"Bayer S.A Colombia",80,entregado,"2024-10-31 00:01:21","2024-11-12 00:01:21","FAC-003836"
3837,6,"Meloxicam 15mg x10","Analgésico",4,"Laboratorios Lafrancol S.A.S",69,entregado,"2024-06-21 03:52:58","2024-07-01 03:52:58","FAC-003837"
3838,36,"Condón Prudence Fresa x3","Condones",8,"Distribuidora Íntima de Colombia S.A.S",49,aceptado,"2025-07-08 19:20:58","",""
3839,2,"Ibuprofeno 400mg x10","Analgésico",4,"Laboratorios Lafrancol S.A.S",24,entregado,"2023-01-24 21:08:29","2023-02-03 21:08:29","FAC-003839"
3840,47,"Lubricante Prudence Aqua 60ml","Lubricantes",9,"Laboratorios Siegfried Colombia S.A",60,entregado,"2025-11-15 22:43:28","2025-11-26 22:43:28","FAC-003840"
3841,21,"Calcio + Vitamina D x60","Vitaminas y suplementos",6,"Tecnoquímicas S.A",93,entregado,"2024-11-28 07:08:05","2024-12-04 07:08:05","FAC-003841"
3842,38,"Condón Lifestyles Ultra x12","Condones",8,"Distribuidora Íntima de Colombia S.A.S",34,en proceso,"2023-07-19 11:33:10","2023-07-27 11:33:10",""
3843,5,"Diclofenaco 50mg x10","Analgésico",4,"Laboratorios Lafrancol S.A.S",62,entregado,"2024-07-03 00:47:36","2024-07-15 00:47:36","FAC-003843"
3844,19,"Complejo B x30","Vitaminas y suplementos",6,"Tecnoquímicas S.A",17,entregado,"2024-08-01 21:57:25","2024-08-13 21:57:25","FAC-003844"
3845,17,"Vitamina C 1000mg x30","Vitaminas y suplementos",6,"Tecnoquímicas S.A",79,en proceso,"2023-09-01 16:48:25","2023-09-16 16:48:25",""
3846,40,"Condón Protex x12","Condones",8,"Distribuidora Íntima de Colombia S.A.S",28,entregado,"2023-03-12 00:25:14","2023-03-27 00:25:14","FAC-003846"
3847,47,"Lubricante Prudence Aqua 60ml","Lubricantes",9,"Laboratorios Siegfried Colombia S.A",40,aceptado,"2024-03-22 08:24:27","",""
3848,33,"Condón Durex Natural x3","Condones",8,"Distribuidora Íntima de Colombia S.A.S",96,en proceso,"2025-11-26 08:54:06","2025-12-14 08:54:06",""
3849,47,"Lubricante Prudence Aqua 60ml","Lubricantes",9,"Laboratorios Siegfried Colombia S.A",14,en proceso,"2025-07-03 17:54:09","2025-07-10 17:54:09",""
3850,38,"Condón Lifestyles Ultra x12","Condones",8,"Distribuidora Íntima de Colombia S.A.S",56,entregado,"2024-09-27 11:50:35","2024-10-05 11:50:35","FAC-003850"
3851,46,"Lubricante Vive Sensitivo 50ml","Lubricantes",9,"Laboratorios Siegfried Colombia S.A",20,entregado,"2023-04-29 01:12:01","2023-05-12 01:12:01","FAC-003851"
3852,32,"Gel antibacterial 500ml","Cuidado personal",7,"Bayer S.A Colombia",15,en proceso,"2025-07-22 05:47:17","2025-08-07 05:47:17",""
3853,42,"Lubricante Íntimo KY 75ml","Lubricantes",9,"Laboratorios Siegfried Colombia S.A",21,entregado,"2025-02-10 19:31:07","2025-02-15 19:31:07","FAC-003853"
3854,26,"Shampoo anticaspa 400ml","Cuidado personal",7,"Bayer S.A Colombia",98,entregado,"2024-12-07 09:16:24","2024-12-17 09:16:24","FAC-003854"
3855,19,"Complejo B x30","Vitaminas y suplementos",6,"Tecnoquímicas S.A",60,entregado,"2023-07-16 05:37:28","2023-07-22 05:37:28","FAC-003855"
3856,43,"Lubricante Pjur Original 30ml","Lubricantes",9,"Laboratorios Siegfried Colombia S.A",26,entregado,"2025-05-17 16:03:19","2025-05-29 16:03:19","FAC-003856"
3857,6,"Meloxicam 15mg x10","Analgésico",4,"Laboratorios Lafrancol S.A.S",40,entregado,"2025-01-29 21:45:03","2025-02-13 21:45:03","FAC-003857"
3858,39,"Condón Vive Placer Real x3","Condones",8,"Distribuidora Íntima de Colombia S.A.S",50,entregado,"2023-01-31 14:37:28","2023-02-05 14:37:28","FAC-003858"
3859,7,"Tramadol 50mg x10","Analgésico",4,"Laboratorios Lafrancol S.A.S",34,aceptado,"2025-04-08 23:25:07","",""
3860,25,"Protector solar SPF 50 50ml","Cuidado personal",7,"Bayer S.A Colombia",42,aceptado,"2024-11-17 21:03:35","",""
3861,29,"Hilo dental 50m","Cuidado personal",7,"Bayer S.A Colombia",24,entregado,"2023-05-31 04:27:44","2023-06-14 04:27:44","FAC-003861"
3862,2,"Ibuprofeno 400mg x10","Analgésico",4,"Laboratorios Lafrancol S.A.S",89,entregado,"2024-02-21 08:10:24","2024-03-06 08:10:24","FAC-003862"
3863,14,"Claritromicina 500mg x14","Antibiótico",5,"Genfar S.A - Grupo Sanofi",71,entregado,"2023-04-06 09:55:49","2023-04-09 09:55:49","FAC-003863"
3864,28,"Jabón antibacterial 250ml","Cuidado personal",7,"Bayer S.A Colombia",13,aceptado,"2025-03-06 16:50:08","",""
3865,27,"Crema hidratante facial 50ml","Cuidado personal",7,"Bayer S.A Colombia",41,entregado,"2023-04-17 08:33:57","2023-04-28 08:33:57","FAC-003865"
3866,11,"Ciprofloxacino 500mg x10","Antibiótico",5,"Genfar S.A - Grupo Sanofi",96,entregado,"2025-02-26 08:33:38","2025-03-09 08:33:38","FAC-003866"
3867,23,"Hierro + Ácido Fólico x30","Vitaminas y suplementos",6,"Tecnoquímicas S.A",45,entregado,"2024-09-12 01:00:24","2024-09-24 01:00:24","FAC-003867"
3868,40,"Condón Protex x12","Condones",8,"Distribuidora Íntima de Colombia S.A.S",96,entregado,"2025-03-18 07:32:01","2025-03-22 07:32:01","FAC-003868"
3869,23,"Hierro + Ácido Fólico x30","Vitaminas y suplementos",6,"Tecnoquímicas S.A",69,entregado,"2024-01-27 07:47:41","2024-02-06 07:47:41","FAC-003869"
3870,3,"Naproxeno 500mg x10","Analgésico",4,"Laboratorios Lafrancol S.A.S",75,aceptado,"2023-01-05 08:28:48","",""
3871,17,"Vitamina C 1000mg x30","Vitaminas y suplementos",6,"Tecnoquímicas S.A",87,entregado,"2025-12-09 23:08:27","2025-12-20 23:08:27","FAC-003871"
3872,45,"Lubricante Yes OB Natural 80ml","Lubricantes",9,"Laboratorios Siegfried Colombia S.A",72,entregado,"2025-02-23 19:58:27","2025-03-03 19:58:27","FAC-003872"
3873,43,"Lubricante Pjur Original 30ml","Lubricantes",9,"Laboratorios Siegfried Colombia S.A",93,entregado,"2024-03-09 16:44:52","2024-03-19 16:44:52","FAC-003873"
3874,46,"Lubricante Vive Sensitivo 50ml","Lubricantes",9,"Laboratorios Siegfried Colombia S.A",68,entregado,"2024-06-30 05:48:00","2024-07-12 05:48:00","FAC-003874"
3875,23,"Hierro + Ácido Fólico x30","Vitaminas y suplementos",6,"Tecnoquímicas S.A",61,entregado,"2025-06-13 11:15:38","2025-06-28 11:15:38","FAC-003875"
3876,15,"Cefalexina 500mg x20","Antibiótico",5,"Genfar S.A - Grupo Sanofi",20,entregado,"2023-12-07 03:08:03","2023-12-16 03:08:03","FAC-003876"
3877,27,"Crema hidratante facial 50ml","Cuidado personal",7,"Bayer S.A Colombia",26,entregado,"2024-10-28 12:08:07","2024-11-11 12:08:07","FAC-003877"
3878,26,"Shampoo anticaspa 400ml","Cuidado personal",7,"Bayer S.A Colombia",90,entregado,"2023-09-25 01:22:13","2023-09-28 01:22:13","FAC-003878"
3879,29,"Hilo dental 50m","Cuidado personal",7,"Bayer S.A Colombia",80,en proceso,"2023-10-30 10:15:27","2023-11-06 10:15:27",""
3880,8,"Ketorolaco 10mg x10","Analgésico",4,"Laboratorios Lafrancol S.A.S",35,entregado,"2024-01-22 10:02:11","2024-02-06 10:02:11","FAC-003880"
3881,30,"Crema dental blanqueadora 75ml","Cuidado personal",7,"Bayer S.A Colombia",48,entregado,"2025-01-06 13:22:31","2025-01-21 13:22:31","FAC-003881"
3882,25,"Protector solar SPF 50 50ml","Cuidado personal",7,"Bayer S.A Colombia",16,entregado,"2023-04-19 09:27:15","2023-04-24 09:27:15","FAC-003882"
3883,25,"Protector solar SPF 50 50ml","Cuidado personal",7,"Bayer S.A Colombia",58,entregado,"2025-02-21 20:01:19","2025-02-26 20:01:19","FAC-003883"
3884,10,"Azitromicina 500mg x3","Antibiótico",5,"Genfar S.A - Grupo Sanofi",74,entregado,"2024-09-14 05:26:19","2024-09-26 05:26:19","FAC-003884"
3885,30,"Crema dental blanqueadora 75ml","Cuidado personal",7,"Bayer S.A Colombia",95,en proceso,"2024-02-18 10:42:20","2024-03-09 10:42:20",""
3886,41,"Lubricante Durex Play 50ml","Lubricantes",9,"Laboratorios Siegfried Colombia S.A",25,aceptado,"2023-11-25 17:37:14","",""
3887,11,"Ciprofloxacino 500mg x10","Antibiótico",5,"Genfar S.A - Grupo Sanofi",99,entregado,"2023-12-03 15:45:44","2023-12-08 15:45:44","FAC-003887"
3888,12,"Metronidazol 500mg x14","Antibiótico",5,"Genfar S.A - Grupo Sanofi",81,en proceso,"2025-06-14 04:50:31","2025-06-20 04:50:31",""
3889,34,"Condón Durex Extra Fino x3","Condones",8,"Distribuidora Íntima de Colombia S.A.S",67,entregado,"2023-12-29 16:11:18","2024-01-07 16:11:18","FAC-003889"
3890,46,"Lubricante Vive Sensitivo 50ml","Lubricantes",9,"Laboratorios Siegfried Colombia S.A",58,entregado,"2024-02-02 20:18:16","2024-02-08 20:18:16","FAC-003890"
3891,42,"Lubricante Íntimo KY 75ml","Lubricantes",9,"Laboratorios Siegfried Colombia S.A",91,entregado,"2023-03-28 02:37:53","2023-04-06 02:37:53","FAC-003891"
3892,13,"Clindamicina 300mg x16","Antibiótico",5,"Genfar S.A - Grupo Sanofi",91,en proceso,"2025-10-13 17:19:33","2025-10-28 17:19:33",""
3893,42,"Lubricante Íntimo KY 75ml","Lubricantes",9,"Laboratorios Siegfried Colombia S.A",95,aceptado,"2023-01-31 21:56:42","",""
3894,43,"Lubricante Pjur Original 30ml","Lubricantes",9,"Laboratorios Siegfried Colombia S.A",37,aceptado,"2023-11-11 01:55:49","",""
3895,22,"Zinc 50mg x30","Vitaminas y suplementos",6,"Tecnoquímicas S.A",63,aceptado,"2025-05-29 13:25:02","",""
3896,43,"Lubricante Pjur Original 30ml","Lubricantes",9,"Laboratorios Siegfried Colombia S.A",64,entregado,"2023-03-20 09:40:23","2023-03-29 09:40:23","FAC-003896"
3897,20,"Omega 3 1000mg x30","Vitaminas y suplementos",6,"Tecnoquímicas S.A",42,entregado,"2024-12-11 22:42:22","2024-12-25 22:42:22","FAC-003897"
3898,43,"Lubricante Pjur Original 30ml","Lubricantes",9,"Laboratorios Siegfried Colombia S.A",48,entregado,"2023-04-25 12:31:05","2023-04-29 12:31:05","FAC-003898"
3899,13,"Clindamicina 300mg x16","Antibiótico",5,"Genfar S.A - Grupo Sanofi",21,entregado,"2025-06-18 17:26:47","2025-07-01 17:26:47","FAC-003899"
3900,42,"Lubricante Íntimo KY 75ml","Lubricantes",9,"Laboratorios Siegfried Colombia S.A",37,en proceso,"2023-05-28 07:02:54","2023-06-11 07:02:54",""
3901,4,"Aspirina 100mg x10","Analgésico",4,"Laboratorios Lafrancol S.A.S",57,entregado,"2023-12-23 16:37:29","2023-12-28 16:37:29","FAC-003901"
3902,26,"Shampoo anticaspa 400ml","Cuidado personal",7,"Bayer S.A Colombia",86,entregado,"2023-06-06 23:37:11","2023-06-10 23:37:11","FAC-003902"
3903,8,"Ketorolaco 10mg x10","Analgésico",4,"Laboratorios Lafrancol S.A.S",67,entregado,"2023-01-14 21:16:20","2023-01-24 21:16:20","FAC-003903"
3904,8,"Ketorolaco 10mg x10","Analgésico",4,"Laboratorios Lafrancol S.A.S",39,en proceso,"2025-04-10 13:32:40","2025-04-15 13:32:40",""
3905,19,"Complejo B x30","Vitaminas y suplementos",6,"Tecnoquímicas S.A",21,aceptado,"2025-05-29 02:44:15","",""
3906,6,"Meloxicam 15mg x10","Analgésico",4,"Laboratorios Lafrancol S.A.S",42,entregado,"2025-03-20 23:20:03","2025-04-03 23:20:03","FAC-003906"
3907,21,"Calcio + Vitamina D x60","Vitaminas y suplementos",6,"Tecnoquímicas S.A",67,en proceso,"2024-09-11 05:26:56","2024-09-28 05:26:56",""
3908,36,"Condón Prudence Fresa x3","Condones",8,"Distribuidora Íntima de Colombia S.A.S",14,entregado,"2024-10-25 08:00:02","2024-11-04 08:00:02","FAC-003908"
3909,40,"Condón Protex x12","Condones",8,"Distribuidora Íntima de Colombia S.A.S",67,entregado,"2025-02-28 15:31:07","2025-03-09 15:31:07","FAC-003909"
3910,24,"Magnesio 400mg x60","Vitaminas y suplementos",6,"Tecnoquímicas S.A",13,en proceso,"2024-09-24 17:54:45","2024-10-03 17:54:45",""
3911,39,"Condón Vive Placer Real x3","Condones",8,"Distribuidora Íntima de Colombia S.A.S",85,en proceso,"2023-10-27 04:40:02","2023-11-02 04:40:02",""
3912,38,"Condón Lifestyles Ultra x12","Condones",8,"Distribuidora Íntima de Colombia S.A.S",60,en proceso,"2025-08-06 04:16:03","2025-08-15 04:16:03",""
3913,2,"Ibuprofeno 400mg x10","Analgésico",4,"Laboratorios Lafrancol S.A.S",47,entregado,"2024-05-15 08:41:52","2024-05-18 08:41:52","FAC-003913"
3914,31,"Desodorante roll-on 50ml","Cuidado personal",7,"Bayer S.A Colombia",19,entregado,"2025-04-18 06:00:41","2025-04-29 06:00:41","FAC-003914"
3915,9,"Amoxicilina 500mg x21","Antibiótico",5,"Genfar S.A - Grupo Sanofi",88,entregado,"2024-11-21 15:46:12","2024-12-04 15:46:12","FAC-003915"
3916,37,"Condón Control Retard x3","Condones",8,"Distribuidora Íntima de Colombia S.A.S",38,en proceso,"2025-05-01 05:20:00","2025-05-09 05:20:00",""
3917,5,"Diclofenaco 50mg x10","Analgésico",4,"Laboratorios Lafrancol S.A.S",22,entregado,"2024-03-29 08:00:30","2024-04-12 08:00:30","FAC-003917"
3918,14,"Claritromicina 500mg x14","Antibiótico",5,"Genfar S.A - Grupo Sanofi",25,entregado,"2023-03-07 20:31:41","2023-03-20 20:31:41","FAC-003918"
3919,46,"Lubricante Vive Sensitivo 50ml","Lubricantes",9,"Laboratorios Siegfried Colombia S.A",77,entregado,"2025-09-29 21:55:31","2025-10-06 21:55:31","FAC-003919"
3920,4,"Aspirina 100mg x10","Analgésico",4,"Laboratorios Lafrancol S.A.S",66,entregado,"2025-03-26 06:32:08","2025-03-31 06:32:08","FAC-003920"
3921,47,"Lubricante Prudence Aqua 60ml","Lubricantes",9,"Laboratorios Siegfried Colombia S.A",16,entregado,"2025-12-12 01:55:20","2025-12-20 01:55:20","FAC-003921"
3922,48,"Lubricante Control Aqua 75ml","Lubricantes",9,"Laboratorios Siegfried Colombia S.A",84,entregado,"2024-04-13 15:56:15","2024-04-25 15:56:15","FAC-003922"
3923,3,"Naproxeno 500mg x10","Analgésico",4,"Laboratorios Lafrancol S.A.S",30,en proceso,"2025-04-08 03:40:06","2025-04-18 03:40:06",""
3924,5,"Diclofenaco 50mg x10","Analgésico",4,"Laboratorios Lafrancol S.A.S",93,en proceso,"2024-05-22 04:21:00","2024-05-29 04:21:00",""
3925,26,"Shampoo anticaspa 400ml","Cuidado personal",7,"Bayer S.A Colombia",26,entregado,"2025-07-03 12:48:59","2025-07-16 12:48:59","FAC-003925"
3926,34,"Condón Durex Extra Fino x3","Condones",8,"Distribuidora Íntima de Colombia S.A.S",38,entregado,"2024-04-08 10:11:22","2024-04-13 10:11:22","FAC-003926"
3927,33,"Condón Durex Natural x3","Condones",8,"Distribuidora Íntima de Colombia S.A.S",25,en proceso,"2024-07-19 12:31:17","2024-08-08 12:31:17",""
3928,38,"Condón Lifestyles Ultra x12","Condones",8,"Distribuidora Íntima de Colombia S.A.S",80,en proceso,"2025-12-25 12:40:46","2026-01-05 12:40:46",""
3929,8,"Ketorolaco 10mg x10","Analgésico",4,"Laboratorios Lafrancol S.A.S",25,entregado,"2025-02-01 14:37:20","2025-02-09 14:37:20","FAC-003929"
3930,19,"Complejo B x30","Vitaminas y suplementos",6,"Tecnoquímicas S.A",10,entregado,"2023-08-05 06:00:29","2023-08-14 06:00:29","FAC-003930"
3931,16,"Doxiciclina 100mg x10","Antibiótico",5,"Genfar S.A - Grupo Sanofi",89,en proceso,"2025-10-25 00:06:47","2025-11-09 00:06:47",""
3932,13,"Clindamicina 300mg x16","Antibiótico",5,"Genfar S.A - Grupo Sanofi",74,aceptado,"2024-06-18 07:01:07","",""
3933,31,"Desodorante roll-on 50ml","Cuidado personal",7,"Bayer S.A Colombia",11,entregado,"2024-03-06 07:34:20","2024-03-14 07:34:20","FAC-003933"
3934,3,"Naproxeno 500mg x10","Analgésico",4,"Laboratorios Lafrancol S.A.S",69,entregado,"2024-10-31 08:28:22","2024-11-13 08:28:22","FAC-003934"
3935,25,"Protector solar SPF 50 50ml","Cuidado personal",7,"Bayer S.A Colombia",17,entregado,"2025-01-05 14:42:08","2025-01-17 14:42:08","FAC-003935"
3936,33,"Condón Durex Natural x3","Condones",8,"Distribuidora Íntima de Colombia S.A.S",97,entregado,"2025-06-11 20:14:17","2025-06-25 20:14:17","FAC-003936"
3937,23,"Hierro + Ácido Fólico x30","Vitaminas y suplementos",6,"Tecnoquímicas S.A",76,aceptado,"2025-02-11 09:20:27","",""
3938,48,"Lubricante Control Aqua 75ml","Lubricantes",9,"Laboratorios Siegfried Colombia S.A",19,aceptado,"2025-07-17 18:49:59","",""
3939,43,"Lubricante Pjur Original 30ml","Lubricantes",9,"Laboratorios Siegfried Colombia S.A",31,en proceso,"2025-06-09 19:09:15","2025-06-15 19:09:15",""
3940,20,"Omega 3 1000mg x30","Vitaminas y suplementos",6,"Tecnoquímicas S.A",79,entregado,"2024-02-07 02:29:54","2024-02-16 02:29:54","FAC-003940"
3941,9,"Amoxicilina 500mg x21","Antibiótico",5,"Genfar S.A - Grupo Sanofi",22,entregado,"2025-06-28 08:40:03","2025-07-10 08:40:03","FAC-003941"
3942,40,"Condón Protex x12","Condones",8,"Distribuidora Íntima de Colombia S.A.S",48,entregado,"2024-12-05 18:08:12","2024-12-19 18:08:12","FAC-003942"
3943,41,"Lubricante Durex Play 50ml","Lubricantes",9,"Laboratorios Siegfried Colombia S.A",26,aceptado,"2024-10-06 10:12:50","",""
3944,1,"Acetaminofén 500mg x10","Analgésico",4,"Laboratorios Lafrancol S.A.S",47,en proceso,"2024-07-17 01:58:57","2024-08-03 01:58:57",""
3945,17,"Vitamina C 1000mg x30","Vitaminas y suplementos",6,"Tecnoquímicas S.A",25,entregado,"2025-07-17 00:56:10","2025-07-28 00:56:10","FAC-003945"
3946,11,"Ciprofloxacino 500mg x10","Antibiótico",5,"Genfar S.A - Grupo Sanofi",95,aceptado,"2025-06-10 02:17:25","",""
3947,19,"Complejo B x30","Vitaminas y suplementos",6,"Tecnoquímicas S.A",62,aceptado,"2023-07-19 09:30:20","",""
3948,4,"Aspirina 100mg x10","Analgésico",4,"Laboratorios Lafrancol S.A.S",76,entregado,"2025-08-20 13:15:47","2025-08-30 13:15:47","FAC-003948"
3949,21,"Calcio + Vitamina D x60","Vitaminas y suplementos",6,"Tecnoquímicas S.A",53,entregado,"2023-11-06 04:33:19","2023-11-18 04:33:19","FAC-003949"
3950,34,"Condón Durex Extra Fino x3","Condones",8,"Distribuidora Íntima de Colombia S.A.S",49,entregado,"2025-09-23 02:23:05","2025-10-05 02:23:05","FAC-003950"
3951,23,"Hierro + Ácido Fólico x30","Vitaminas y suplementos",6,"Tecnoquímicas S.A",35,entregado,"2025-09-28 16:26:32","2025-10-13 16:26:32","FAC-003951"
3952,8,"Ketorolaco 10mg x10","Analgésico",4,"Laboratorios Lafrancol S.A.S",23,entregado,"2024-10-18 15:49:17","2024-10-28 15:49:17","FAC-003952"
3953,41,"Lubricante Durex Play 50ml","Lubricantes",9,"Laboratorios Siegfried Colombia S.A",22,entregado,"2024-08-29 00:27:16","2024-09-07 00:27:16","FAC-003953"
3954,40,"Condón Protex x12","Condones",8,"Distribuidora Íntima de Colombia S.A.S",43,entregado,"2025-03-26 16:48:56","2025-04-08 16:48:56","FAC-003954"
3955,35,"Condón Condomi Ultra x12","Condones",8,"Distribuidora Íntima de Colombia S.A.S",56,entregado,"2023-09-02 18:52:32","2023-09-16 18:52:32","FAC-003955"
3956,6,"Meloxicam 15mg x10","Analgésico",4,"Laboratorios Lafrancol S.A.S",30,en proceso,"2023-03-26 16:12:15","2023-04-11 16:12:15",""
3957,19,"Complejo B x30","Vitaminas y suplementos",6,"Tecnoquímicas S.A",63,entregado,"2025-10-24 04:26:51","2025-10-29 04:26:51","FAC-003957"
3958,41,"Lubricante Durex Play 50ml","Lubricantes",9,"Laboratorios Siegfried Colombia S.A",62,entregado,"2023-10-27 06:43:57","2023-11-05 06:43:57","FAC-003958"
3959,38,"Condón Lifestyles Ultra x12","Condones",8,"Distribuidora Íntima de Colombia S.A.S",79,entregado,"2024-09-18 06:03:27","2024-09-22 06:03:27","FAC-003959"
3960,30,"Crema dental blanqueadora 75ml","Cuidado personal",7,"Bayer S.A Colombia",89,aceptado,"2023-06-18 08:32:05","",""
3961,25,"Protector solar SPF 50 50ml","Cuidado personal",7,"Bayer S.A Colombia",61,entregado,"2025-11-04 16:03:44","2025-11-12 16:03:44","FAC-003961"
3962,25,"Protector solar SPF 50 50ml","Cuidado personal",7,"Bayer S.A Colombia",77,en proceso,"2023-06-21 05:58:35","2023-06-30 05:58:35",""
3963,8,"Ketorolaco 10mg x10","Analgésico",4,"Laboratorios Lafrancol S.A.S",45,entregado,"2025-06-03 09:53:54","2025-06-18 09:53:54","FAC-003963"
3964,27,"Crema hidratante facial 50ml","Cuidado personal",7,"Bayer S.A Colombia",22,entregado,"2023-07-10 01:36:13","2023-07-19 01:36:13","FAC-003964"
3965,21,"Calcio + Vitamina D x60","Vitaminas y suplementos",6,"Tecnoquímicas S.A",96,aceptado,"2023-11-10 13:26:08","",""
3966,47,"Lubricante Prudence Aqua 60ml","Lubricantes",9,"Laboratorios Siegfried Colombia S.A",60,en proceso,"2024-09-03 23:53:23","2024-09-12 23:53:23",""
3967,35,"Condón Condomi Ultra x12","Condones",8,"Distribuidora Íntima de Colombia S.A.S",81,en proceso,"2023-06-03 03:13:23","2023-06-21 03:13:23",""
3968,4,"Aspirina 100mg x10","Analgésico",4,"Laboratorios Lafrancol S.A.S",44,en proceso,"2025-05-25 01:22:01","2025-06-02 01:22:01",""
3969,37,"Condón Control Retard x3","Condones",8,"Distribuidora Íntima de Colombia S.A.S",92,aceptado,"2023-09-30 22:50:10","",""
3970,12,"Metronidazol 500mg x14","Antibiótico",5,"Genfar S.A - Grupo Sanofi",34,entregado,"2024-06-11 00:48:03","2024-06-17 00:48:03","FAC-003970"
3971,38,"Condón Lifestyles Ultra x12","Condones",8,"Distribuidora Íntima de Colombia S.A.S",54,entregado,"2024-01-06 11:13:26","2024-01-15 11:13:26","FAC-003971"
3972,1,"Acetaminofén 500mg x10","Analgésico",4,"Laboratorios Lafrancol S.A.S",86,entregado,"2024-11-18 11:15:18","2024-12-01 11:15:18","FAC-003972"
3973,43,"Lubricante Pjur Original 30ml","Lubricantes",9,"Laboratorios Siegfried Colombia S.A",69,aceptado,"2025-12-09 19:47:39","",""
3974,33,"Condón Durex Natural x3","Condones",8,"Distribuidora Íntima de Colombia S.A.S",26,entregado,"2025-09-26 06:01:40","2025-09-29 06:01:40","FAC-003974"
3975,29,"Hilo dental 50m","Cuidado personal",7,"Bayer S.A Colombia",74,entregado,"2024-11-19 10:39:08","2024-12-03 10:39:08","FAC-003975"
3976,33,"Condón Durex Natural x3","Condones",8,"Distribuidora Íntima de Colombia S.A.S",46,entregado,"2025-11-17 02:53:18","2025-11-30 02:53:18","FAC-003976"
3977,9,"Amoxicilina 500mg x21","Antibiótico",5,"Genfar S.A - Grupo Sanofi",54,en proceso,"2024-10-01 11:09:45","2024-10-15 11:09:45",""
3978,42,"Lubricante Íntimo KY 75ml","Lubricantes",9,"Laboratorios Siegfried Colombia S.A",73,entregado,"2023-09-03 22:52:14","2023-09-16 22:52:14","FAC-003978"
3979,31,"Desodorante roll-on 50ml","Cuidado personal",7,"Bayer S.A Colombia",48,entregado,"2024-06-25 12:40:39","2024-07-01 12:40:39","FAC-003979"
3980,14,"Claritromicina 500mg x14","Antibiótico",5,"Genfar S.A - Grupo Sanofi",28,aceptado,"2025-10-11 10:26:17","",""
3981,39,"Condón Vive Placer Real x3","Condones",8,"Distribuidora Íntima de Colombia S.A.S",77,en proceso,"2025-06-10 00:23:25","2025-06-19 00:23:25",""
3982,34,"Condón Durex Extra Fino x3","Condones",8,"Distribuidora Íntima de Colombia S.A.S",36,entregado,"2025-10-03 00:09:39","2025-10-18 00:09:39","FAC-003982"
3983,17,"Vitamina C 1000mg x30","Vitaminas y suplementos",6,"Tecnoquímicas S.A",69,entregado,"2024-01-06 16:07:51","2024-01-09 16:07:51","FAC-003983"
3984,42,"Lubricante Íntimo KY 75ml","Lubricantes",9,"Laboratorios Siegfried Colombia S.A",82,entregado,"2023-08-01 19:32:37","2023-08-05 19:32:37","FAC-003984"
3985,15,"Cefalexina 500mg x20","Antibiótico",5,"Genfar S.A - Grupo Sanofi",89,aceptado,"2024-06-02 08:05:50","",""
3986,11,"Ciprofloxacino 500mg x10","Antibiótico",5,"Genfar S.A - Grupo Sanofi",35,en proceso,"2023-02-10 08:49:44","2023-02-23 08:49:44",""
3987,6,"Meloxicam 15mg x10","Analgésico",4,"Laboratorios Lafrancol S.A.S",85,en proceso,"2025-07-26 19:43:03","2025-08-06 19:43:03",""
3988,39,"Condón Vive Placer Real x3","Condones",8,"Distribuidora Íntima de Colombia S.A.S",29,entregado,"2023-07-16 08:39:07","2023-07-19 08:39:07","FAC-003988"
3989,3,"Naproxeno 500mg x10","Analgésico",4,"Laboratorios Lafrancol S.A.S",88,aceptado,"2023-05-22 10:31:04","",""
3990,46,"Lubricante Vive Sensitivo 50ml","Lubricantes",9,"Laboratorios Siegfried Colombia S.A",54,entregado,"2023-10-29 18:52:13","2023-11-04 18:52:13","FAC-003990"
3991,13,"Clindamicina 300mg x16","Antibiótico",5,"Genfar S.A - Grupo Sanofi",53,en proceso,"2023-11-26 13:07:05","2023-12-06 13:07:05",""
3992,19,"Complejo B x30","Vitaminas y suplementos",6,"Tecnoquímicas S.A",21,en proceso,"2024-12-03 07:25:46","2024-12-12 07:25:46",""
3993,42,"Lubricante Íntimo KY 75ml","Lubricantes",9,"Laboratorios Siegfried Colombia S.A",31,entregado,"2025-09-06 16:45:36","2025-09-14 16:45:36","FAC-003993"
3994,47,"Lubricante Prudence Aqua 60ml","Lubricantes",9,"Laboratorios Siegfried Colombia S.A",96,en proceso,"2025-01-08 03:01:25","2025-01-14 03:01:25",""
3995,5,"Diclofenaco 50mg x10","Analgésico",4,"Laboratorios Lafrancol S.A.S",47,en proceso,"2025-11-14 11:51:46","2025-11-19 11:51:46",""
3996,47,"Lubricante Prudence Aqua 60ml","Lubricantes",9,"Laboratorios Siegfried Colombia S.A",29,aceptado,"2023-07-23 21:34:59","",""
3997,21,"Calcio + Vitamina D x60","Vitaminas y suplementos",6,"Tecnoquímicas S.A",71,aceptado,"2024-10-07 01:12:56","",""
3998,8,"Ketorolaco 10mg x10","Analgésico",4,"Laboratorios Lafrancol S.A.S",59,entregado,"2023-01-04 17:48:48","2023-01-14 17:48:48","FAC-003998"
3999,35,"Condón Condomi Ultra x12","Condones",8,"Distribuidora Íntima de Colombia S.A.S",10,aceptado,"2024-02-09 06:27:11","",""
4000,24,"Magnesio 400mg x60","Vitaminas y suplementos",6,"Tecnoquímicas S.A",13,en proceso,"2023-09-07 06:09:54","2023-09-27 06:09:54",""
4001,27,"Crema hidratante facial 50ml","Cuidado personal",7,"Bayer S.A Colombia",72,entregado,"2024-08-11 09:06:28","2024-08-19 09:06:28","FAC-004001"
4002,40,"Condón Protex x12","Condones",8,"Distribuidora Íntima de Colombia S.A.S",85,aceptado,"2025-11-04 13:10:52","",""
4003,8,"Ketorolaco 10mg x10","Analgésico",4,"Laboratorios Lafrancol S.A.S",63,entregado,"2025-05-18 12:12:37","2025-06-01 12:12:37","FAC-004003"
4004,8,"Ketorolaco 10mg x10","Analgésico",4,"Laboratorios Lafrancol S.A.S",80,entregado,"2025-10-13 04:50:01","2025-10-20 04:50:01","FAC-004004"
4005,25,"Protector solar SPF 50 50ml","Cuidado personal",7,"Bayer S.A Colombia",96,entregado,"2025-11-10 08:56:48","2025-11-16 08:56:48","FAC-004005"
4006,6,"Meloxicam 15mg x10","Analgésico",4,"Laboratorios Lafrancol S.A.S",22,entregado,"2024-01-04 22:33:53","2024-01-14 22:33:53","FAC-004006"
4007,17,"Vitamina C 1000mg x30","Vitaminas y suplementos",6,"Tecnoquímicas S.A",56,en proceso,"2024-05-16 21:42:59","2024-06-02 21:42:59",""
4008,25,"Protector solar SPF 50 50ml","Cuidado personal",7,"Bayer S.A Colombia",76,entregado,"2023-04-27 16:18:22","2023-05-05 16:18:22","FAC-004008"
4009,15,"Cefalexina 500mg x20","Antibiótico",5,"Genfar S.A - Grupo Sanofi",61,entregado,"2024-07-02 13:03:16","2024-07-16 13:03:16","FAC-004009"
4010,27,"Crema hidratante facial 50ml","Cuidado personal",7,"Bayer S.A Colombia",84,aceptado,"2025-03-08 02:22:20","",""
4011,14,"Claritromicina 500mg x14","Antibiótico",5,"Genfar S.A - Grupo Sanofi",16,en proceso,"2025-04-26 10:06:25","2025-05-14 10:06:25",""
4012,45,"Lubricante Yes OB Natural 80ml","Lubricantes",9,"Laboratorios Siegfried Colombia S.A",52,aceptado,"2023-01-11 10:02:23","",""
4013,5,"Diclofenaco 50mg x10","Analgésico",4,"Laboratorios Lafrancol S.A.S",70,entregado,"2025-02-18 22:01:27","2025-03-05 22:01:27","FAC-004013"
4014,39,"Condón Vive Placer Real x3","Condones",8,"Distribuidora Íntima de Colombia S.A.S",95,entregado,"2025-05-26 16:17:16","2025-06-05 16:17:16","FAC-004014"
4015,24,"Magnesio 400mg x60","Vitaminas y suplementos",6,"Tecnoquímicas S.A",77,en proceso,"2025-12-15 10:53:13","2026-01-04 10:53:13",""
4016,14,"Claritromicina 500mg x14","Antibiótico",5,"Genfar S.A - Grupo Sanofi",73,aceptado,"2024-07-26 11:02:41","",""
4017,8,"Ketorolaco 10mg x10","Analgésico",4,"Laboratorios Lafrancol S.A.S",57,entregado,"2024-11-27 15:02:28","2024-12-09 15:02:28","FAC-004017"
4018,44,"Lubricante Nuei Delay 100ml","Lubricantes",9,"Laboratorios Siegfried Colombia S.A",84,entregado,"2023-07-09 13:01:49","2023-07-20 13:01:49","FAC-004018"
4019,10,"Azitromicina 500mg x3","Antibiótico",5,"Genfar S.A - Grupo Sanofi",49,en proceso,"2023-10-08 07:40:21","2023-10-13 07:40:21",""
4020,8,"Ketorolaco 10mg x10","Analgésico",4,"Laboratorios Lafrancol S.A.S",88,entregado,"2024-11-01 02:40:25","2024-11-05 02:40:25","FAC-004020"
4021,36,"Condón Prudence Fresa x3","Condones",8,"Distribuidora Íntima de Colombia S.A.S",53,entregado,"2025-11-17 22:53:29","2025-12-01 22:53:29","FAC-004021"
4022,3,"Naproxeno 500mg x10","Analgésico",4,"Laboratorios Lafrancol S.A.S",85,en proceso,"2023-12-30 06:38:54","2024-01-15 06:38:54",""
4023,41,"Lubricante Durex Play 50ml","Lubricantes",9,"Laboratorios Siegfried Colombia S.A",55,entregado,"2023-12-02 00:15:51","2023-12-09 00:15:51","FAC-004023"
4024,15,"Cefalexina 500mg x20","Antibiótico",5,"Genfar S.A - Grupo Sanofi",38,entregado,"2024-07-27 22:41:52","2024-08-06 22:41:52","FAC-004024"
4025,4,"Aspirina 100mg x10","Analgésico",4,"Laboratorios Lafrancol S.A.S",41,entregado,"2024-11-30 10:02:00","2024-12-10 10:02:00","FAC-004025"
4026,3,"Naproxeno 500mg x10","Analgésico",4,"Laboratorios Lafrancol S.A.S",45,en proceso,"2023-12-01 05:01:35","2023-12-09 05:01:35",""
4027,17,"Vitamina C 1000mg x30","Vitaminas y suplementos",6,"Tecnoquímicas S.A",40,entregado,"2025-12-09 08:28:00","2025-12-15 08:28:00","FAC-004027"
4028,47,"Lubricante Prudence Aqua 60ml","Lubricantes",9,"Laboratorios Siegfried Colombia S.A",87,aceptado,"2023-06-02 23:21:27","",""
4029,25,"Protector solar SPF 50 50ml","Cuidado personal",7,"Bayer S.A Colombia",37,entregado,"2024-05-31 21:32:46","2024-06-14 21:32:46","FAC-004029"
4030,16,"Doxiciclina 100mg x10","Antibiótico",5,"Genfar S.A - Grupo Sanofi",51,entregado,"2023-02-03 22:16:19","2023-02-10 22:16:19","FAC-004030"
4031,23,"Hierro + Ácido Fólico x30","Vitaminas y suplementos",6,"Tecnoquímicas S.A",70,entregado,"2023-04-21 01:32:56","2023-04-24 01:32:56","FAC-004031"
4032,8,"Ketorolaco 10mg x10","Analgésico",4,"Laboratorios Lafrancol S.A.S",62,entregado,"2024-08-06 12:05:15","2024-08-20 12:05:15","FAC-004032"
4033,10,"Azitromicina 500mg x3","Antibiótico",5,"Genfar S.A - Grupo Sanofi",81,aceptado,"2024-11-03 12:07:42","",""
4034,31,"Desodorante roll-on 50ml","Cuidado personal",7,"Bayer S.A Colombia",98,entregado,"2023-10-04 07:17:52","2023-10-13 07:17:52","FAC-004034"
4035,15,"Cefalexina 500mg x20","Antibiótico",5,"Genfar S.A - Grupo Sanofi",43,entregado,"2024-04-22 03:52:55","2024-05-07 03:52:55","FAC-004035"
4036,3,"Naproxeno 500mg x10","Analgésico",4,"Laboratorios Lafrancol S.A.S",94,en proceso,"2025-11-18 06:31:14","2025-12-01 06:31:14",""
4037,10,"Azitromicina 500mg x3","Antibiótico",5,"Genfar S.A - Grupo Sanofi",72,en proceso,"2024-09-21 10:07:46","2024-10-03 10:07:46",""
4038,29,"Hilo dental 50m","Cuidado personal",7,"Bayer S.A Colombia",70,en proceso,"2025-09-11 06:34:47","2025-09-28 06:34:47",""
4039,8,"Ketorolaco 10mg x10","Analgésico",4,"Laboratorios Lafrancol S.A.S",53,en proceso,"2025-08-23 22:46:46","2025-08-29 22:46:46",""
4040,42,"Lubricante Íntimo KY 75ml","Lubricantes",9,"Laboratorios Siegfried Colombia S.A",36,aceptado,"2024-12-15 23:24:56","",""
4041,7,"Tramadol 50mg x10","Analgésico",4,"Laboratorios Lafrancol S.A.S",27,entregado,"2023-10-22 10:22:02","2023-11-02 10:22:02","FAC-004041"
4042,48,"Lubricante Control Aqua 75ml","Lubricantes",9,"Laboratorios Siegfried Colombia S.A",87,en proceso,"2024-07-03 00:19:11","2024-07-12 00:19:11",""
4043,11,"Ciprofloxacino 500mg x10","Antibiótico",5,"Genfar S.A - Grupo Sanofi",40,entregado,"2023-12-06 22:35:46","2023-12-11 22:35:46","FAC-004043"
4044,13,"Clindamicina 300mg x16","Antibiótico",5,"Genfar S.A - Grupo Sanofi",51,entregado,"2023-09-15 00:48:39","2023-09-18 00:48:39","FAC-004044"
4045,2,"Ibuprofeno 400mg x10","Analgésico",4,"Laboratorios Lafrancol S.A.S",22,entregado,"2024-07-08 16:15:52","2024-07-22 16:15:52","FAC-004045"
4046,13,"Clindamicina 300mg x16","Antibiótico",5,"Genfar S.A - Grupo Sanofi",73,entregado,"2024-04-02 02:00:59","2024-04-11 02:00:59","FAC-004046"
4047,26,"Shampoo anticaspa 400ml","Cuidado personal",7,"Bayer S.A Colombia",43,entregado,"2025-05-21 12:57:53","2025-06-01 12:57:53","FAC-004047"
4048,19,"Complejo B x30","Vitaminas y suplementos",6,"Tecnoquímicas S.A",39,entregado,"2023-05-14 13:49:21","2023-05-19 13:49:21","FAC-004048"
4049,1,"Acetaminofén 500mg x10","Analgésico",4,"Laboratorios Lafrancol S.A.S",37,entregado,"2025-06-06 16:47:17","2025-06-13 16:47:17","FAC-004049"
4050,47,"Lubricante Prudence Aqua 60ml","Lubricantes",9,"Laboratorios Siegfried Colombia S.A",11,entregado,"2023-09-21 21:34:33","2023-09-24 21:34:33","FAC-004050"
4051,44,"Lubricante Nuei Delay 100ml","Lubricantes",9,"Laboratorios Siegfried Colombia S.A",37,en proceso,"2023-04-20 05:30:53","2023-05-02 05:30:53",""
4052,43,"Lubricante Pjur Original 30ml","Lubricantes",9,"Laboratorios Siegfried Colombia S.A",20,entregado,"2025-12-18 10:54:13","2026-01-01 10:54:13","FAC-004052"
4053,23,"Hierro + Ácido Fólico x30","Vitaminas y suplementos",6,"Tecnoquímicas S.A",63,entregado,"2024-06-24 10:21:49","2024-07-08 10:21:49","FAC-004053"
4054,7,"Tramadol 50mg x10","Analgésico",4,"Laboratorios Lafrancol S.A.S",14,aceptado,"2025-08-12 21:55:22","",""
4055,45,"Lubricante Yes OB Natural 80ml","Lubricantes",9,"Laboratorios Siegfried Colombia S.A",71,entregado,"2023-08-29 16:53:11","2023-09-11 16:53:11","FAC-004055"
4056,10,"Azitromicina 500mg x3","Antibiótico",5,"Genfar S.A - Grupo Sanofi",62,aceptado,"2025-04-02 04:12:28","",""
4057,5,"Diclofenaco 50mg x10","Analgésico",4,"Laboratorios Lafrancol S.A.S",68,en proceso,"2024-04-12 05:01:51","2024-04-20 05:01:51",""
4058,6,"Meloxicam 15mg x10","Analgésico",4,"Laboratorios Lafrancol S.A.S",98,entregado,"2025-11-21 20:54:04","2025-11-26 20:54:04","FAC-004058"
4059,5,"Diclofenaco 50mg x10","Analgésico",4,"Laboratorios Lafrancol S.A.S",36,entregado,"2023-02-26 09:29:16","2023-03-02 09:29:16","FAC-004059"
4060,46,"Lubricante Vive Sensitivo 50ml","Lubricantes",9,"Laboratorios Siegfried Colombia S.A",25,en proceso,"2024-01-19 17:45:16","2024-02-03 17:45:16",""
4061,20,"Omega 3 1000mg x30","Vitaminas y suplementos",6,"Tecnoquímicas S.A",90,aceptado,"2023-01-08 20:09:19","",""
4062,4,"Aspirina 100mg x10","Analgésico",4,"Laboratorios Lafrancol S.A.S",87,entregado,"2025-11-03 18:31:23","2025-11-11 18:31:23","FAC-004062"
4063,35,"Condón Condomi Ultra x12","Condones",8,"Distribuidora Íntima de Colombia S.A.S",70,entregado,"2024-02-15 04:21:52","2024-02-24 04:21:52","FAC-004063"
4064,28,"Jabón antibacterial 250ml","Cuidado personal",7,"Bayer S.A Colombia",97,entregado,"2024-03-17 22:24:40","2024-03-25 22:24:40","FAC-004064"
4065,31,"Desodorante roll-on 50ml","Cuidado personal",7,"Bayer S.A Colombia",35,entregado,"2025-03-01 01:16:51","2025-03-05 01:16:51","FAC-004065"
4066,27,"Crema hidratante facial 50ml","Cuidado personal",7,"Bayer S.A Colombia",53,aceptado,"2023-05-16 06:10:59","",""
4067,35,"Condón Condomi Ultra x12","Condones",8,"Distribuidora Íntima de Colombia S.A.S",21,entregado,"2023-12-27 21:51:58","2024-01-11 21:51:58","FAC-004067"
4068,11,"Ciprofloxacino 500mg x10","Antibiótico",5,"Genfar S.A - Grupo Sanofi",16,aceptado,"2024-01-26 13:49:42","",""
4069,46,"Lubricante Vive Sensitivo 50ml","Lubricantes",9,"Laboratorios Siegfried Colombia S.A",29,aceptado,"2025-07-16 06:49:07","",""
4070,13,"Clindamicina 300mg x16","Antibiótico",5,"Genfar S.A - Grupo Sanofi",81,entregado,"2024-07-11 12:55:15","2024-07-20 12:55:15","FAC-004070"
4071,37,"Condón Control Retard x3","Condones",8,"Distribuidora Íntima de Colombia S.A.S",23,entregado,"2023-12-07 00:21:16","2023-12-16 00:21:16","FAC-004071"
4072,20,"Omega 3 1000mg x30","Vitaminas y suplementos",6,"Tecnoquímicas S.A",24,en proceso,"2025-05-04 23:42:49","2025-05-18 23:42:49",""
4073,36,"Condón Prudence Fresa x3","Condones",8,"Distribuidora Íntima de Colombia S.A.S",39,en proceso,"2023-12-28 08:05:11","2024-01-10 08:05:11",""
4074,10,"Azitromicina 500mg x3","Antibiótico",5,"Genfar S.A - Grupo Sanofi",31,entregado,"2023-08-21 08:24:11","2023-08-31 08:24:11","FAC-004074"
4075,8,"Ketorolaco 10mg x10","Analgésico",4,"Laboratorios Lafrancol S.A.S",96,aceptado,"2025-05-14 09:07:14","",""
4076,43,"Lubricante Pjur Original 30ml","Lubricantes",9,"Laboratorios Siegfried Colombia S.A",22,aceptado,"2025-12-26 10:56:25","",""
4077,17,"Vitamina C 1000mg x30","Vitaminas y suplementos",6,"Tecnoquímicas S.A",70,entregado,"2025-09-21 03:06:30","2025-10-01 03:06:30","FAC-004077"
4078,7,"Tramadol 50mg x10","Analgésico",4,"Laboratorios Lafrancol S.A.S",74,en proceso,"2023-01-18 00:43:36","2023-01-30 00:43:36",""
4079,24,"Magnesio 400mg x60","Vitaminas y suplementos",6,"Tecnoquímicas S.A",53,aceptado,"2025-12-07 12:03:34","",""
4080,31,"Desodorante roll-on 50ml","Cuidado personal",7,"Bayer S.A Colombia",98,entregado,"2024-04-10 13:13:23","2024-04-20 13:13:23","FAC-004080"
4081,35,"Condón Condomi Ultra x12","Condones",8,"Distribuidora Íntima de Colombia S.A.S",30,entregado,"2024-05-28 07:46:35","2024-06-08 07:46:35","FAC-004081"
4082,19,"Complejo B x30","Vitaminas y suplementos",6,"Tecnoquímicas S.A",40,entregado,"2023-03-23 04:09:22","2023-04-05 04:09:22","FAC-004082"
4083,29,"Hilo dental 50m","Cuidado personal",7,"Bayer S.A Colombia",79,entregado,"2025-12-13 16:06:19","2025-12-24 16:06:19","FAC-004083"
4084,45,"Lubricante Yes OB Natural 80ml","Lubricantes",9,"Laboratorios Siegfried Colombia S.A",96,entregado,"2023-10-06 23:37:45","2023-10-15 23:37:45","FAC-004084"
4085,24,"Magnesio 400mg x60","Vitaminas y suplementos",6,"Tecnoquímicas S.A",86,aceptado,"2025-11-20 11:40:50","",""
4086,2,"Ibuprofeno 400mg x10","Analgésico",4,"Laboratorios Lafrancol S.A.S",78,aceptado,"2024-04-19 16:19:32","",""
4087,6,"Meloxicam 15mg x10","Analgésico",4,"Laboratorios Lafrancol S.A.S",80,entregado,"2025-01-04 22:28:13","2025-01-13 22:28:13","FAC-004087"
4088,24,"Magnesio 400mg x60","Vitaminas y suplementos",6,"Tecnoquímicas S.A",31,en proceso,"2024-02-09 00:02:42","2024-02-22 00:02:42",""
4089,2,"Ibuprofeno 400mg x10","Analgésico",4,"Laboratorios Lafrancol S.A.S",50,entregado,"2025-03-26 15:50:11","2025-04-07 15:50:11","FAC-004089"
4090,18,"Vitamina D3 2000UI x30","Vitaminas y suplementos",6,"Tecnoquímicas S.A",28,en proceso,"2025-01-13 17:05:18","2025-02-02 17:05:18",""
4091,16,"Doxiciclina 100mg x10","Antibiótico",5,"Genfar S.A - Grupo Sanofi",14,entregado,"2024-08-23 04:23:48","2024-08-28 04:23:48","FAC-004091"
4092,35,"Condón Condomi Ultra x12","Condones",8,"Distribuidora Íntima de Colombia S.A.S",73,entregado,"2024-11-18 18:44:48","2024-11-27 18:44:48","FAC-004092"
4093,40,"Condón Protex x12","Condones",8,"Distribuidora Íntima de Colombia S.A.S",40,en proceso,"2025-02-24 01:58:41","2025-03-09 01:58:41",""
4094,2,"Ibuprofeno 400mg x10","Analgésico",4,"Laboratorios Lafrancol S.A.S",83,aceptado,"2024-09-10 15:31:46","",""
4095,39,"Condón Vive Placer Real x3","Condones",8,"Distribuidora Íntima de Colombia S.A.S",18,entregado,"2024-11-03 08:54:56","2024-11-13 08:54:56","FAC-004095"
4096,48,"Lubricante Control Aqua 75ml","Lubricantes",9,"Laboratorios Siegfried Colombia S.A",81,entregado,"2024-05-12 19:38:44","2024-05-20 19:38:44","FAC-004096"
4097,3,"Naproxeno 500mg x10","Analgésico",4,"Laboratorios Lafrancol S.A.S",50,entregado,"2024-09-10 22:13:32","2024-09-16 22:13:32","FAC-004097"
4098,22,"Zinc 50mg x30","Vitaminas y suplementos",6,"Tecnoquímicas S.A",73,en proceso,"2023-08-15 15:40:43","2023-08-26 15:40:43",""
4099,2,"Ibuprofeno 400mg x10","Analgésico",4,"Laboratorios Lafrancol S.A.S",48,entregado,"2024-01-07 10:44:05","2024-01-11 10:44:05","FAC-004099"
4100,26,"Shampoo anticaspa 400ml","Cuidado personal",7,"Bayer S.A Colombia",37,entregado,"2024-12-04 11:06:44","2024-12-08 11:06:44","FAC-004100"
4101,31,"Desodorante roll-on 50ml","Cuidado personal",7,"Bayer S.A Colombia",34,entregado,"2023-08-14 03:58:38","2023-08-28 03:58:38","FAC-004101"
4102,6,"Meloxicam 15mg x10","Analgésico",4,"Laboratorios Lafrancol S.A.S",22,en proceso,"2024-05-02 23:07:52","2024-05-11 23:07:52",""
4103,12,"Metronidazol 500mg x14","Antibiótico",5,"Genfar S.A - Grupo Sanofi",20,aceptado,"2025-10-05 20:57:20","",""
4104,12,"Metronidazol 500mg x14","Antibiótico",5,"Genfar S.A - Grupo Sanofi",74,entregado,"2023-03-30 20:40:30","2023-04-10 20:40:30","FAC-004104"
4105,34,"Condón Durex Extra Fino x3","Condones",8,"Distribuidora Íntima de Colombia S.A.S",69,entregado,"2025-10-01 11:48:20","2025-10-13 11:48:20","FAC-004105"
4106,44,"Lubricante Nuei Delay 100ml","Lubricantes",9,"Laboratorios Siegfried Colombia S.A",21,entregado,"2023-05-11 06:59:47","2023-05-15 06:59:47","FAC-004106"
4107,5,"Diclofenaco 50mg x10","Analgésico",4,"Laboratorios Lafrancol S.A.S",17,entregado,"2024-09-19 09:36:34","2024-09-26 09:36:34","FAC-004107"
4108,12,"Metronidazol 500mg x14","Antibiótico",5,"Genfar S.A - Grupo Sanofi",21,entregado,"2024-06-21 23:56:00","2024-07-02 23:56:00","FAC-004108"
4109,47,"Lubricante Prudence Aqua 60ml","Lubricantes",9,"Laboratorios Siegfried Colombia S.A",68,entregado,"2024-10-06 14:32:20","2024-10-13 14:32:20","FAC-004109"
4110,4,"Aspirina 100mg x10","Analgésico",4,"Laboratorios Lafrancol S.A.S",84,aceptado,"2023-07-16 18:47:10","",""
4111,16,"Doxiciclina 100mg x10","Antibiótico",5,"Genfar S.A - Grupo Sanofi",27,aceptado,"2024-09-17 06:40:17","",""
4112,33,"Condón Durex Natural x3","Condones",8,"Distribuidora Íntima de Colombia S.A.S",12,en proceso,"2025-01-14 19:43:08","2025-01-30 19:43:08",""
4113,3,"Naproxeno 500mg x10","Analgésico",4,"Laboratorios Lafrancol S.A.S",86,entregado,"2025-12-08 07:06:58","2025-12-13 07:06:58","FAC-004113"
4114,37,"Condón Control Retard x3","Condones",8,"Distribuidora Íntima de Colombia S.A.S",97,en proceso,"2025-11-14 20:52:08","2025-11-19 20:52:08",""
4115,36,"Condón Prudence Fresa x3","Condones",8,"Distribuidora Íntima de Colombia S.A.S",58,entregado,"2025-07-21 01:38:27","2025-07-27 01:38:27","FAC-004115"
4116,34,"Condón Durex Extra Fino x3","Condones",8,"Distribuidora Íntima de Colombia S.A.S",67,entregado,"2024-05-01 18:38:10","2024-05-13 18:38:10","FAC-004116"
4117,18,"Vitamina D3 2000UI x30","Vitaminas y suplementos",6,"Tecnoquímicas S.A",58,entregado,"2025-10-11 03:02:26","2025-10-16 03:02:26","FAC-004117"
4118,38,"Condón Lifestyles Ultra x12","Condones",8,"Distribuidora Íntima de Colombia S.A.S",59,entregado,"2025-06-15 13:22:21","2025-06-18 13:22:21","FAC-004118"
4119,20,"Omega 3 1000mg x30","Vitaminas y suplementos",6,"Tecnoquímicas S.A",22,en proceso,"2025-07-22 22:58:25","2025-08-04 22:58:25",""
4120,24,"Magnesio 400mg x60","Vitaminas y suplementos",6,"Tecnoquímicas S.A",51,entregado,"2025-04-07 04:48:06","2025-04-19 04:48:06","FAC-004120"
4121,29,"Hilo dental 50m","Cuidado personal",7,"Bayer S.A Colombia",90,en proceso,"2023-06-28 16:00:46","2023-07-05 16:00:46",""
4122,46,"Lubricante Vive Sensitivo 50ml","Lubricantes",9,"Laboratorios Siegfried Colombia S.A",76,entregado,"2024-12-16 19:10:33","2024-12-21 19:10:33","FAC-004122"
4123,16,"Doxiciclina 100mg x10","Antibiótico",5,"Genfar S.A - Grupo Sanofi",23,aceptado,"2025-01-04 22:02:36","",""
4124,9,"Amoxicilina 500mg x21","Antibiótico",5,"Genfar S.A - Grupo Sanofi",56,en proceso,"2023-04-26 20:09:35","2023-05-01 20:09:35",""
4125,11,"Ciprofloxacino 500mg x10","Antibiótico",5,"Genfar S.A - Grupo Sanofi",67,aceptado,"2024-10-27 06:56:57","",""
4126,11,"Ciprofloxacino 500mg x10","Antibiótico",5,"Genfar S.A - Grupo Sanofi",37,entregado,"2025-04-02 16:12:31","2025-04-12 16:12:31","FAC-004126"
4127,37,"Condón Control Retard x3","Condones",8,"Distribuidora Íntima de Colombia S.A.S",19,aceptado,"2024-12-01 07:02:56","",""
4128,38,"Condón Lifestyles Ultra x12","Condones",8,"Distribuidora Íntima de Colombia S.A.S",75,entregado,"2023-12-22 03:24:16","2023-12-27 03:24:16","FAC-004128"
4129,32,"Gel antibacterial 500ml","Cuidado personal",7,"Bayer S.A Colombia",92,en proceso,"2024-04-23 21:17:05","2024-05-07 21:17:05",""
4130,25,"Protector solar SPF 50 50ml","Cuidado personal",7,"Bayer S.A Colombia",22,entregado,"2024-09-28 01:50:33","2024-10-08 01:50:33","FAC-004130"
4131,4,"Aspirina 100mg x10","Analgésico",4,"Laboratorios Lafrancol S.A.S",31,entregado,"2024-12-07 04:44:00","2024-12-22 04:44:00","FAC-004131"
4132,45,"Lubricante Yes OB Natural 80ml","Lubricantes",9,"Laboratorios Siegfried Colombia S.A",58,entregado,"2025-01-12 23:42:26","2025-01-26 23:42:26","FAC-004132"
4133,7,"Tramadol 50mg x10","Analgésico",4,"Laboratorios Lafrancol S.A.S",71,entregado,"2023-12-06 03:11:31","2023-12-13 03:11:31","FAC-004133"
4134,9,"Amoxicilina 500mg x21","Antibiótico",5,"Genfar S.A - Grupo Sanofi",19,entregado,"2023-03-20 12:08:47","2023-03-24 12:08:47","FAC-004134"
4135,5,"Diclofenaco 50mg x10","Analgésico",4,"Laboratorios Lafrancol S.A.S",24,en proceso,"2025-05-28 16:46:05","2025-06-15 16:46:05",""
4136,42,"Lubricante Íntimo KY 75ml","Lubricantes",9,"Laboratorios Siegfried Colombia S.A",43,aceptado,"2023-11-17 11:25:01","",""
4137,38,"Condón Lifestyles Ultra x12","Condones",8,"Distribuidora Íntima de Colombia S.A.S",28,entregado,"2024-10-02 22:15:21","2024-10-05 22:15:21","FAC-004137"
4138,1,"Acetaminofén 500mg x10","Analgésico",4,"Laboratorios Lafrancol S.A.S",45,entregado,"2025-03-14 11:42:25","2025-03-17 11:42:25","FAC-004138"
4139,8,"Ketorolaco 10mg x10","Analgésico",4,"Laboratorios Lafrancol S.A.S",28,aceptado,"2023-12-17 03:17:36","",""
4140,18,"Vitamina D3 2000UI x30","Vitaminas y suplementos",6,"Tecnoquímicas S.A",67,entregado,"2023-07-05 12:21:27","2023-07-09 12:21:27","FAC-004140"
4141,25,"Protector solar SPF 50 50ml","Cuidado personal",7,"Bayer S.A Colombia",78,entregado,"2024-07-30 07:12:41","2024-08-08 07:12:41","FAC-004141"
4142,37,"Condón Control Retard x3","Condones",8,"Distribuidora Íntima de Colombia S.A.S",22,entregado,"2024-07-30 04:09:55","2024-08-11 04:09:55","FAC-004142"
4143,47,"Lubricante Prudence Aqua 60ml","Lubricantes",9,"Laboratorios Siegfried Colombia S.A",46,entregado,"2024-10-10 18:07:21","2024-10-21 18:07:21","FAC-004143"
4144,24,"Magnesio 400mg x60","Vitaminas y suplementos",6,"Tecnoquímicas S.A",18,entregado,"2025-07-23 08:38:40","2025-08-07 08:38:40","FAC-004144"
4145,17,"Vitamina C 1000mg x30","Vitaminas y suplementos",6,"Tecnoquímicas S.A",82,en proceso,"2024-10-01 02:11:35","2024-10-06 02:11:35",""
4146,25,"Protector solar SPF 50 50ml","Cuidado personal",7,"Bayer S.A Colombia",37,entregado,"2025-04-26 03:42:26","2025-05-05 03:42:26","FAC-004146"
4147,17,"Vitamina C 1000mg x30","Vitaminas y suplementos",6,"Tecnoquímicas S.A",84,en proceso,"2025-07-31 00:34:41","2025-08-17 00:34:41",""
4148,48,"Lubricante Control Aqua 75ml","Lubricantes",9,"Laboratorios Siegfried Colombia S.A",46,entregado,"2025-08-24 01:11:42","2025-09-08 01:11:42","FAC-004148"
4149,19,"Complejo B x30","Vitaminas y suplementos",6,"Tecnoquímicas S.A",68,en proceso,"2025-04-16 02:22:36","2025-05-06 02:22:36",""
4150,7,"Tramadol 50mg x10","Analgésico",4,"Laboratorios Lafrancol S.A.S",20,entregado,"2024-06-27 15:04:47","2024-07-08 15:04:47","FAC-004150"
4151,20,"Omega 3 1000mg x30","Vitaminas y suplementos",6,"Tecnoquímicas S.A",29,en proceso,"2024-08-01 08:21:00","2024-08-09 08:21:00",""
4152,48,"Lubricante Control Aqua 75ml","Lubricantes",9,"Laboratorios Siegfried Colombia S.A",68,entregado,"2025-08-19 10:31:00","2025-09-02 10:31:00","FAC-004152"
4153,38,"Condón Lifestyles Ultra x12","Condones",8,"Distribuidora Íntima de Colombia S.A.S",98,entregado,"2025-05-06 14:04:30","2025-05-20 14:04:30","FAC-004153"
4154,47,"Lubricante Prudence Aqua 60ml","Lubricantes",9,"Laboratorios Siegfried Colombia S.A",74,entregado,"2024-02-19 00:27:56","2024-02-24 00:27:56","FAC-004154"
4155,33,"Condón Durex Natural x3","Condones",8,"Distribuidora Íntima de Colombia S.A.S",34,entregado,"2024-02-24 21:38:15","2024-03-09 21:38:15","FAC-004155"
4156,12,"Metronidazol 500mg x14","Antibiótico",5,"Genfar S.A - Grupo Sanofi",49,en proceso,"2025-05-30 18:57:35","2025-06-08 18:57:35",""
4157,22,"Zinc 50mg x30","Vitaminas y suplementos",6,"Tecnoquímicas S.A",75,aceptado,"2024-07-09 17:07:23","",""
4158,19,"Complejo B x30","Vitaminas y suplementos",6,"Tecnoquímicas S.A",61,en proceso,"2024-06-27 17:45:59","2024-07-12 17:45:59",""
4159,10,"Azitromicina 500mg x3","Antibiótico",5,"Genfar S.A - Grupo Sanofi",37,en proceso,"2023-06-07 21:39:04","2023-06-22 21:39:04",""
4160,6,"Meloxicam 15mg x10","Analgésico",4,"Laboratorios Lafrancol S.A.S",99,entregado,"2024-04-27 12:05:14","2024-05-04 12:05:14","FAC-004160"
4161,10,"Azitromicina 500mg x3","Antibiótico",5,"Genfar S.A - Grupo Sanofi",96,entregado,"2025-01-13 11:54:16","2025-01-18 11:54:16","FAC-004161"
4162,23,"Hierro + Ácido Fólico x30","Vitaminas y suplementos",6,"Tecnoquímicas S.A",52,aceptado,"2025-06-13 12:52:59","",""
4163,13,"Clindamicina 300mg x16","Antibiótico",5,"Genfar S.A - Grupo Sanofi",20,entregado,"2025-06-23 02:56:11","2025-07-02 02:56:11","FAC-004163"
4164,4,"Aspirina 100mg x10","Analgésico",4,"Laboratorios Lafrancol S.A.S",31,entregado,"2024-12-10 18:01:40","2024-12-18 18:01:40","FAC-004164"
4165,31,"Desodorante roll-on 50ml","Cuidado personal",7,"Bayer S.A Colombia",25,entregado,"2024-04-01 11:20:06","2024-04-12 11:20:06","FAC-004165"
4166,9,"Amoxicilina 500mg x21","Antibiótico",5,"Genfar S.A - Grupo Sanofi",23,entregado,"2025-02-13 10:22:47","2025-02-24 10:22:47","FAC-004166"
4167,15,"Cefalexina 500mg x20","Antibiótico",5,"Genfar S.A - Grupo Sanofi",13,aceptado,"2023-05-07 07:14:57","",""
4168,7,"Tramadol 50mg x10","Analgésico",4,"Laboratorios Lafrancol S.A.S",41,entregado,"2023-01-28 05:04:44","2023-02-11 05:04:44","FAC-004168"
4169,48,"Lubricante Control Aqua 75ml","Lubricantes",9,"Laboratorios Siegfried Colombia S.A",41,entregado,"2025-06-06 22:18:01","2025-06-12 22:18:01","FAC-004169"
4170,7,"Tramadol 50mg x10","Analgésico",4,"Laboratorios Lafrancol S.A.S",22,entregado,"2024-09-01 12:31:01","2024-09-13 12:31:01","FAC-004170"
4171,41,"Lubricante Durex Play 50ml","Lubricantes",9,"Laboratorios Siegfried Colombia S.A",30,en proceso,"2024-09-27 11:57:34","2024-10-08 11:57:34",""
4172,5,"Diclofenaco 50mg x10","Analgésico",4,"Laboratorios Lafrancol S.A.S",100,entregado,"2025-08-22 04:19:31","2025-08-31 04:19:31","FAC-004172"
4173,16,"Doxiciclina 100mg x10","Antibiótico",5,"Genfar S.A - Grupo Sanofi",79,entregado,"2023-08-06 23:00:23","2023-08-20 23:00:23","FAC-004173"
4174,1,"Acetaminofén 500mg x10","Analgésico",4,"Laboratorios Lafrancol S.A.S",92,entregado,"2024-10-11 21:34:35","2024-10-17 21:34:35","FAC-004174"
4175,43,"Lubricante Pjur Original 30ml","Lubricantes",9,"Laboratorios Siegfried Colombia S.A",56,en proceso,"2024-11-08 01:22:28","2024-11-15 01:22:28",""
4176,11,"Ciprofloxacino 500mg x10","Antibiótico",5,"Genfar S.A - Grupo Sanofi",40,entregado,"2023-01-21 04:25:21","2023-01-29 04:25:21","FAC-004176"
4177,10,"Azitromicina 500mg x3","Antibiótico",5,"Genfar S.A - Grupo Sanofi",84,en proceso,"2023-09-24 02:32:34","2023-10-08 02:32:34",""
4178,17,"Vitamina C 1000mg x30","Vitaminas y suplementos",6,"Tecnoquímicas S.A",32,aceptado,"2024-10-23 03:13:11","",""
4179,8,"Ketorolaco 10mg x10","Analgésico",4,"Laboratorios Lafrancol S.A.S",23,en proceso,"2025-12-18 04:54:18","2025-12-29 04:54:18",""
4180,3,"Naproxeno 500mg x10","Analgésico",4,"Laboratorios Lafrancol S.A.S",82,entregado,"2025-01-24 17:25:57","2025-01-28 17:25:57","FAC-004180"
4181,2,"Ibuprofeno 400mg x10","Analgésico",4,"Laboratorios Lafrancol S.A.S",80,en proceso,"2025-09-29 07:57:46","2025-10-12 07:57:46",""
4182,5,"Diclofenaco 50mg x10","Analgésico",4,"Laboratorios Lafrancol S.A.S",47,en proceso,"2025-07-06 12:50:42","2025-07-24 12:50:42",""
4183,17,"Vitamina C 1000mg x30","Vitaminas y suplementos",6,"Tecnoquímicas S.A",19,en proceso,"2023-06-14 18:23:36","2023-06-25 18:23:36",""
4184,3,"Naproxeno 500mg x10","Analgésico",4,"Laboratorios Lafrancol S.A.S",20,en proceso,"2024-06-13 01:02:51","2024-06-26 01:02:51",""
4185,26,"Shampoo anticaspa 400ml","Cuidado personal",7,"Bayer S.A Colombia",100,entregado,"2025-09-03 03:40:10","2025-09-10 03:40:10","FAC-004185"
4186,26,"Shampoo anticaspa 400ml","Cuidado personal",7,"Bayer S.A Colombia",81,entregado,"2023-04-20 11:27:00","2023-05-01 11:27:00","FAC-004186"
4187,46,"Lubricante Vive Sensitivo 50ml","Lubricantes",9,"Laboratorios Siegfried Colombia S.A",46,aceptado,"2024-03-26 05:07:35","",""
4188,43,"Lubricante Pjur Original 30ml","Lubricantes",9,"Laboratorios Siegfried Colombia S.A",83,en proceso,"2023-09-13 03:11:33","2023-09-30 03:11:33",""
4189,4,"Aspirina 100mg x10","Analgésico",4,"Laboratorios Lafrancol S.A.S",73,entregado,"2024-04-03 02:05:46","2024-04-09 02:05:46","FAC-004189"
4190,41,"Lubricante Durex Play 50ml","Lubricantes",9,"Laboratorios Siegfried Colombia S.A",83,en proceso,"2023-03-11 21:56:47","2023-03-28 21:56:47",""
4191,26,"Shampoo anticaspa 400ml","Cuidado personal",7,"Bayer S.A Colombia",61,entregado,"2023-02-18 18:55:58","2023-03-04 18:55:58","FAC-004191"
4192,21,"Calcio + Vitamina D x60","Vitaminas y suplementos",6,"Tecnoquímicas S.A",49,en proceso,"2025-11-10 22:05:34","2025-11-28 22:05:34",""
4193,12,"Metronidazol 500mg x14","Antibiótico",5,"Genfar S.A - Grupo Sanofi",28,entregado,"2023-02-16 23:40:21","2023-03-03 23:40:21","FAC-004193"
4194,14,"Claritromicina 500mg x14","Antibiótico",5,"Genfar S.A - Grupo Sanofi",82,en proceso,"2023-01-05 20:02:35","2023-01-20 20:02:35",""
4195,44,"Lubricante Nuei Delay 100ml","Lubricantes",9,"Laboratorios Siegfried Colombia S.A",37,en proceso,"2025-03-05 07:15:40","2025-03-19 07:15:40",""
4196,48,"Lubricante Control Aqua 75ml","Lubricantes",9,"Laboratorios Siegfried Colombia S.A",66,aceptado,"2023-10-03 06:33:55","",""
4197,37,"Condón Control Retard x3","Condones",8,"Distribuidora Íntima de Colombia S.A.S",22,en proceso,"2024-05-21 04:42:41","2024-06-03 04:42:41",""
4198,20,"Omega 3 1000mg x30","Vitaminas y suplementos",6,"Tecnoquímicas S.A",64,entregado,"2024-07-02 14:33:58","2024-07-10 14:33:58","FAC-004198"
4199,7,"Tramadol 50mg x10","Analgésico",4,"Laboratorios Lafrancol S.A.S",55,entregado,"2025-07-07 16:35:05","2025-07-18 16:35:05","FAC-004199"
4200,26,"Shampoo anticaspa 400ml","Cuidado personal",7,"Bayer S.A Colombia",51,en proceso,"2024-02-01 07:57:30","2024-02-17 07:57:30",""
4201,22,"Zinc 50mg x30","Vitaminas y suplementos",6,"Tecnoquímicas S.A",38,entregado,"2024-11-05 17:31:25","2024-11-09 17:31:25","FAC-004201"
4202,42,"Lubricante Íntimo KY 75ml","Lubricantes",9,"Laboratorios Siegfried Colombia S.A",72,entregado,"2025-10-12 15:55:18","2025-10-19 15:55:18","FAC-004202"
4203,29,"Hilo dental 50m","Cuidado personal",7,"Bayer S.A Colombia",98,entregado,"2023-03-27 11:38:02","2023-04-01 11:38:02","FAC-004203"
4204,8,"Ketorolaco 10mg x10","Analgésico",4,"Laboratorios Lafrancol S.A.S",30,entregado,"2024-01-04 01:06:19","2024-01-12 01:06:19","FAC-004204"
4205,34,"Condón Durex Extra Fino x3","Condones",8,"Distribuidora Íntima de Colombia S.A.S",94,en proceso,"2025-04-08 21:15:41","2025-04-25 21:15:41",""
4206,6,"Meloxicam 15mg x10","Analgésico",4,"Laboratorios Lafrancol S.A.S",65,entregado,"2025-12-13 14:07:52","2025-12-26 14:07:52","FAC-004206"
4207,39,"Condón Vive Placer Real x3","Condones",8,"Distribuidora Íntima de Colombia S.A.S",34,en proceso,"2025-10-24 04:35:04","2025-11-05 04:35:04",""
4208,12,"Metronidazol 500mg x14","Antibiótico",5,"Genfar S.A - Grupo Sanofi",11,entregado,"2024-01-06 01:09:47","2024-01-12 01:09:47","FAC-004208"
4209,23,"Hierro + Ácido Fólico x30","Vitaminas y suplementos",6,"Tecnoquímicas S.A",92,aceptado,"2023-02-01 19:33:14","",""
4210,43,"Lubricante Pjur Original 30ml","Lubricantes",9,"Laboratorios Siegfried Colombia S.A",93,entregado,"2025-07-01 07:55:34","2025-07-08 07:55:34","FAC-004210"
4211,31,"Desodorante roll-on 50ml","Cuidado personal",7,"Bayer S.A Colombia",60,entregado,"2024-06-09 20:41:10","2024-06-14 20:41:10","FAC-004211"
4212,23,"Hierro + Ácido Fólico x30","Vitaminas y suplementos",6,"Tecnoquímicas S.A",47,entregado,"2023-05-18 16:28:55","2023-05-29 16:28:55","FAC-004212"
4213,15,"Cefalexina 500mg x20","Antibiótico",5,"Genfar S.A - Grupo Sanofi",78,en proceso,"2023-09-14 22:04:37","2023-09-24 22:04:37",""
4214,2,"Ibuprofeno 400mg x10","Analgésico",4,"Laboratorios Lafrancol S.A.S",93,entregado,"2023-04-10 15:35:00","2023-04-19 15:35:00","FAC-004214"
4215,39,"Condón Vive Placer Real x3","Condones",8,"Distribuidora Íntima de Colombia S.A.S",17,entregado,"2025-03-12 16:57:22","2025-03-22 16:57:22","FAC-004215"
4216,45,"Lubricante Yes OB Natural 80ml","Lubricantes",9,"Laboratorios Siegfried Colombia S.A",43,entregado,"2025-05-17 14:25:23","2025-05-25 14:25:23","FAC-004216"
4217,1,"Acetaminofén 500mg x10","Analgésico",4,"Laboratorios Lafrancol S.A.S",76,entregado,"2025-01-09 11:25:12","2025-01-19 11:25:12","FAC-004217"
4218,39,"Condón Vive Placer Real x3","Condones",8,"Distribuidora Íntima de Colombia S.A.S",10,en proceso,"2025-07-11 16:59:40","2025-07-25 16:59:40",""
4219,41,"Lubricante Durex Play 50ml","Lubricantes",9,"Laboratorios Siegfried Colombia S.A",87,entregado,"2025-04-29 00:40:08","2025-05-12 00:40:08","FAC-004219"
4220,13,"Clindamicina 300mg x16","Antibiótico",5,"Genfar S.A - Grupo Sanofi",79,en proceso,"2025-09-06 12:08:32","2025-09-20 12:08:32",""
4221,44,"Lubricante Nuei Delay 100ml","Lubricantes",9,"Laboratorios Siegfried Colombia S.A",19,aceptado,"2025-03-13 17:36:03","",""
4222,6,"Meloxicam 15mg x10","Analgésico",4,"Laboratorios Lafrancol S.A.S",62,entregado,"2025-01-27 23:02:05","2025-02-08 23:02:05","FAC-004222"
4223,20,"Omega 3 1000mg x30","Vitaminas y suplementos",6,"Tecnoquímicas S.A",59,entregado,"2023-03-29 01:17:24","2023-04-08 01:17:24","FAC-004223"
4224,36,"Condón Prudence Fresa x3","Condones",8,"Distribuidora Íntima de Colombia S.A.S",30,en proceso,"2023-07-09 09:14:54","2023-07-16 09:14:54",""
4225,14,"Claritromicina 500mg x14","Antibiótico",5,"Genfar S.A - Grupo Sanofi",74,entregado,"2025-08-13 10:06:59","2025-08-17 10:06:59","FAC-004225"
4226,37,"Condón Control Retard x3","Condones",8,"Distribuidora Íntima de Colombia S.A.S",55,entregado,"2025-04-21 15:01:02","2025-05-01 15:01:02","FAC-004226"
4227,41,"Lubricante Durex Play 50ml","Lubricantes",9,"Laboratorios Siegfried Colombia S.A",23,en proceso,"2023-06-26 21:34:29","2023-07-02 21:34:29",""
4228,31,"Desodorante roll-on 50ml","Cuidado personal",7,"Bayer S.A Colombia",67,entregado,"2023-09-07 02:18:59","2023-09-22 02:18:59","FAC-004228"
4229,42,"Lubricante Íntimo KY 75ml","Lubricantes",9,"Laboratorios Siegfried Colombia S.A",89,entregado,"2025-06-12 11:58:38","2025-06-20 11:58:38","FAC-004229"
4230,2,"Ibuprofeno 400mg x10","Analgésico",4,"Laboratorios Lafrancol S.A.S",10,en proceso,"2023-03-10 15:54:18","2023-03-20 15:54:18",""
4231,17,"Vitamina C 1000mg x30","Vitaminas y suplementos",6,"Tecnoquímicas S.A",18,en proceso,"2023-04-08 02:10:35","2023-04-13 02:10:35",""
4232,12,"Metronidazol 500mg x14","Antibiótico",5,"Genfar S.A - Grupo Sanofi",85,entregado,"2023-09-22 13:05:55","2023-10-01 13:05:55","FAC-004232"
4233,47,"Lubricante Prudence Aqua 60ml","Lubricantes",9,"Laboratorios Siegfried Colombia S.A",46,aceptado,"2024-12-17 04:23:38","",""
4234,29,"Hilo dental 50m","Cuidado personal",7,"Bayer S.A Colombia",14,en proceso,"2024-02-05 22:15:53","2024-02-17 22:15:53",""
4235,41,"Lubricante Durex Play 50ml","Lubricantes",9,"Laboratorios Siegfried Colombia S.A",50,entregado,"2023-03-02 04:39:41","2023-03-12 04:39:41","FAC-004235"
4236,34,"Condón Durex Extra Fino x3","Condones",8,"Distribuidora Íntima de Colombia S.A.S",50,entregado,"2023-10-31 03:41:38","2023-11-10 03:41:38","FAC-004236"
4237,3,"Naproxeno 500mg x10","Analgésico",4,"Laboratorios Lafrancol S.A.S",51,en proceso,"2025-04-04 16:41:55","2025-04-22 16:41:55",""
4238,7,"Tramadol 50mg x10","Analgésico",4,"Laboratorios Lafrancol S.A.S",28,entregado,"2024-05-09 09:23:08","2024-05-20 09:23:08","FAC-004238"
4239,4,"Aspirina 100mg x10","Analgésico",4,"Laboratorios Lafrancol S.A.S",14,entregado,"2024-05-17 13:52:03","2024-05-23 13:52:03","FAC-004239"
4240,33,"Condón Durex Natural x3","Condones",8,"Distribuidora Íntima de Colombia S.A.S",17,en proceso,"2024-07-17 15:17:33","2024-08-01 15:17:33",""
4241,17,"Vitamina C 1000mg x30","Vitaminas y suplementos",6,"Tecnoquímicas S.A",66,entregado,"2024-03-24 04:42:24","2024-04-08 04:42:24","FAC-004241"
4242,12,"Metronidazol 500mg x14","Antibiótico",5,"Genfar S.A - Grupo Sanofi",78,entregado,"2023-11-25 20:07:05","2023-12-03 20:07:05","FAC-004242"
4243,8,"Ketorolaco 10mg x10","Analgésico",4,"Laboratorios Lafrancol S.A.S",49,entregado,"2025-09-17 10:18:28","2025-10-02 10:18:28","FAC-004243"
4244,23,"Hierro + Ácido Fólico x30","Vitaminas y suplementos",6,"Tecnoquímicas S.A",43,entregado,"2024-03-14 03:26:06","2024-03-23 03:26:06","FAC-004244"
4245,45,"Lubricante Yes OB Natural 80ml","Lubricantes",9,"Laboratorios Siegfried Colombia S.A",92,aceptado,"2024-03-13 13:07:34","",""
4246,1,"Acetaminofén 500mg x10","Analgésico",4,"Laboratorios Lafrancol S.A.S",94,entregado,"2024-09-10 05:15:22","2024-09-24 05:15:22","FAC-004246"
4247,19,"Complejo B x30","Vitaminas y suplementos",6,"Tecnoquímicas S.A",81,aceptado,"2025-03-17 02:11:16","",""
4248,11,"Ciprofloxacino 500mg x10","Antibiótico",5,"Genfar S.A - Grupo Sanofi",85,entregado,"2023-11-14 22:49:54","2023-11-19 22:49:54","FAC-004248"
4249,31,"Desodorante roll-on 50ml","Cuidado personal",7,"Bayer S.A Colombia",33,entregado,"2025-03-25 08:45:30","2025-04-02 08:45:30","FAC-004249"
4250,47,"Lubricante Prudence Aqua 60ml","Lubricantes",9,"Laboratorios Siegfried Colombia S.A",88,aceptado,"2023-07-20 12:35:37","",""
4251,42,"Lubricante Íntimo KY 75ml","Lubricantes",9,"Laboratorios Siegfried Colombia S.A",53,en proceso,"2025-09-18 18:10:54","2025-09-24 18:10:54",""
4252,23,"Hierro + Ácido Fólico x30","Vitaminas y suplementos",6,"Tecnoquímicas S.A",92,entregado,"2023-01-02 17:24:43","2023-01-15 17:24:43","FAC-004252"
4253,13,"Clindamicina 300mg x16","Antibiótico",5,"Genfar S.A - Grupo Sanofi",86,entregado,"2025-01-05 11:42:45","2025-01-19 11:42:45","FAC-004253"
4254,46,"Lubricante Vive Sensitivo 50ml","Lubricantes",9,"Laboratorios Siegfried Colombia S.A",77,en proceso,"2023-08-12 18:48:29","2023-08-23 18:48:29",""
4255,25,"Protector solar SPF 50 50ml","Cuidado personal",7,"Bayer S.A Colombia",38,aceptado,"2023-08-07 10:22:54","",""
4256,46,"Lubricante Vive Sensitivo 50ml","Lubricantes",9,"Laboratorios Siegfried Colombia S.A",42,entregado,"2024-04-19 11:15:33","2024-05-02 11:15:33","FAC-004256"
4257,23,"Hierro + Ácido Fólico x30","Vitaminas y suplementos",6,"Tecnoquímicas S.A",56,en proceso,"2023-06-11 10:56:07","2023-06-26 10:56:07",""
4258,46,"Lubricante Vive Sensitivo 50ml","Lubricantes",9,"Laboratorios Siegfried Colombia S.A",62,en proceso,"2025-07-05 01:25:18","2025-07-22 01:25:18",""
4259,35,"Condón Condomi Ultra x12","Condones",8,"Distribuidora Íntima de Colombia S.A.S",43,entregado,"2023-02-21 17:59:04","2023-03-07 17:59:04","FAC-004259"
4260,40,"Condón Protex x12","Condones",8,"Distribuidora Íntima de Colombia S.A.S",13,en proceso,"2023-10-14 12:59:03","2023-11-01 12:59:03",""
4261,23,"Hierro + Ácido Fólico x30","Vitaminas y suplementos",6,"Tecnoquímicas S.A",35,entregado,"2025-06-18 09:58:11","2025-07-01 09:58:11","FAC-004261"
4262,38,"Condón Lifestyles Ultra x12","Condones",8,"Distribuidora Íntima de Colombia S.A.S",96,entregado,"2025-04-28 00:05:56","2025-05-12 00:05:56","FAC-004262"
4263,25,"Protector solar SPF 50 50ml","Cuidado personal",7,"Bayer S.A Colombia",99,entregado,"2023-11-26 12:24:17","2023-12-07 12:24:17","FAC-004263"
4264,1,"Acetaminofén 500mg x10","Analgésico",4,"Laboratorios Lafrancol S.A.S",48,en proceso,"2023-10-06 23:15:47","2023-10-17 23:15:47",""
4265,47,"Lubricante Prudence Aqua 60ml","Lubricantes",9,"Laboratorios Siegfried Colombia S.A",35,entregado,"2023-06-17 10:58:18","2023-06-24 10:58:18","FAC-004265"
4266,21,"Calcio + Vitamina D x60","Vitaminas y suplementos",6,"Tecnoquímicas S.A",93,entregado,"2023-11-03 09:46:52","2023-11-15 09:46:52","FAC-004266"
4267,18,"Vitamina D3 2000UI x30","Vitaminas y suplementos",6,"Tecnoquímicas S.A",48,entregado,"2025-01-25 21:26:05","2025-02-04 21:26:05","FAC-004267"
4268,38,"Condón Lifestyles Ultra x12","Condones",8,"Distribuidora Íntima de Colombia S.A.S",87,entregado,"2025-04-05 01:24:53","2025-04-08 01:24:53","FAC-004268"
4269,1,"Acetaminofén 500mg x10","Analgésico",4,"Laboratorios Lafrancol S.A.S",87,entregado,"2023-08-01 15:57:39","2023-08-15 15:57:39","FAC-004269"
4270,8,"Ketorolaco 10mg x10","Analgésico",4,"Laboratorios Lafrancol S.A.S",95,en proceso,"2024-10-08 04:53:46","2024-10-27 04:53:46",""
4271,6,"Meloxicam 15mg x10","Analgésico",4,"Laboratorios Lafrancol S.A.S",62,en proceso,"2023-09-10 00:06:26","2023-09-18 00:06:26",""
4272,31,"Desodorante roll-on 50ml","Cuidado personal",7,"Bayer S.A Colombia",31,entregado,"2023-04-04 11:36:03","2023-04-11 11:36:03","FAC-004272"
4273,9,"Amoxicilina 500mg x21","Antibiótico",5,"Genfar S.A - Grupo Sanofi",43,entregado,"2024-01-26 17:37:55","2024-02-03 17:37:55","FAC-004273"
4274,37,"Condón Control Retard x3","Condones",8,"Distribuidora Íntima de Colombia S.A.S",33,entregado,"2025-04-09 01:06:56","2025-04-24 01:06:56","FAC-004274"
4275,47,"Lubricante Prudence Aqua 60ml","Lubricantes",9,"Laboratorios Siegfried Colombia S.A",18,entregado,"2025-10-27 17:53:58","2025-11-05 17:53:58","FAC-004275"
4276,2,"Ibuprofeno 400mg x10","Analgésico",4,"Laboratorios Lafrancol S.A.S",45,entregado,"2024-05-25 15:49:00","2024-06-02 15:49:00","FAC-004276"
4277,44,"Lubricante Nuei Delay 100ml","Lubricantes",9,"Laboratorios Siegfried Colombia S.A",36,entregado,"2025-01-11 10:31:39","2025-01-19 10:31:39","FAC-004277"
4278,12,"Metronidazol 500mg x14","Antibiótico",5,"Genfar S.A - Grupo Sanofi",75,entregado,"2023-03-19 11:53:29","2023-03-26 11:53:29","FAC-004278"
4279,18,"Vitamina D3 2000UI x30","Vitaminas y suplementos",6,"Tecnoquímicas S.A",71,entregado,"2023-09-28 14:00:58","2023-10-09 14:00:58","FAC-004279"
4280,34,"Condón Durex Extra Fino x3","Condones",8,"Distribuidora Íntima de Colombia S.A.S",63,entregado,"2023-01-16 19:28:43","2023-01-25 19:28:43","FAC-004280"
4281,39,"Condón Vive Placer Real x3","Condones",8,"Distribuidora Íntima de Colombia S.A.S",52,entregado,"2024-07-27 18:44:56","2024-08-08 18:44:56","FAC-004281"
4282,30,"Crema dental blanqueadora 75ml","Cuidado personal",7,"Bayer S.A Colombia",58,aceptado,"2023-02-12 04:55:36","",""
4283,12,"Metronidazol 500mg x14","Antibiótico",5,"Genfar S.A - Grupo Sanofi",71,entregado,"2023-07-05 05:47:28","2023-07-16 05:47:28","FAC-004283"
4284,43,"Lubricante Pjur Original 30ml","Lubricantes",9,"Laboratorios Siegfried Colombia S.A",65,entregado,"2023-08-04 19:34:23","2023-08-07 19:34:23","FAC-004284"
4285,28,"Jabón antibacterial 250ml","Cuidado personal",7,"Bayer S.A Colombia",48,entregado,"2025-04-15 00:45:22","2025-04-22 00:45:22","FAC-004285"
4286,34,"Condón Durex Extra Fino x3","Condones",8,"Distribuidora Íntima de Colombia S.A.S",86,entregado,"2023-06-28 22:15:04","2023-07-11 22:15:04","FAC-004286"
4287,29,"Hilo dental 50m","Cuidado personal",7,"Bayer S.A Colombia",58,en proceso,"2023-01-04 14:04:14","2023-01-21 14:04:14",""
4288,47,"Lubricante Prudence Aqua 60ml","Lubricantes",9,"Laboratorios Siegfried Colombia S.A",76,en proceso,"2024-07-22 07:48:17","2024-08-10 07:48:17",""
4289,6,"Meloxicam 15mg x10","Analgésico",4,"Laboratorios Lafrancol S.A.S",99,entregado,"2023-10-24 11:11:10","2023-10-27 11:11:10","FAC-004289"
4290,24,"Magnesio 400mg x60","Vitaminas y suplementos",6,"Tecnoquímicas S.A",25,entregado,"2024-01-01 06:33:23","2024-01-05 06:33:23","FAC-004290"
4291,42,"Lubricante Íntimo KY 75ml","Lubricantes",9,"Laboratorios Siegfried Colombia S.A",19,en proceso,"2023-08-22 22:10:00","2023-08-28 22:10:00",""
4292,44,"Lubricante Nuei Delay 100ml","Lubricantes",9,"Laboratorios Siegfried Colombia S.A",43,entregado,"2024-10-02 10:03:35","2024-10-14 10:03:35","FAC-004292"
4293,18,"Vitamina D3 2000UI x30","Vitaminas y suplementos",6,"Tecnoquímicas S.A",97,entregado,"2024-02-20 18:48:50","2024-02-24 18:48:50","FAC-004293"
4294,10,"Azitromicina 500mg x3","Antibiótico",5,"Genfar S.A - Grupo Sanofi",79,en proceso,"2024-08-23 22:24:37","2024-09-01 22:24:37",""
4295,2,"Ibuprofeno 400mg x10","Analgésico",4,"Laboratorios Lafrancol S.A.S",92,entregado,"2023-09-12 00:03:37","2023-09-22 00:03:37","FAC-004295"
4296,33,"Condón Durex Natural x3","Condones",8,"Distribuidora Íntima de Colombia S.A.S",71,entregado,"2024-08-19 02:25:00","2024-08-31 02:25:00","FAC-004296"
4297,40,"Condón Protex x12","Condones",8,"Distribuidora Íntima de Colombia S.A.S",98,entregado,"2025-11-29 10:36:58","2025-12-13 10:36:58","FAC-004297"
4298,15,"Cefalexina 500mg x20","Antibiótico",5,"Genfar S.A - Grupo Sanofi",23,entregado,"2025-01-09 01:16:12","2025-01-18 01:16:12","FAC-004298"
4299,37,"Condón Control Retard x3","Condones",8,"Distribuidora Íntima de Colombia S.A.S",86,entregado,"2023-12-08 19:02:01","2023-12-11 19:02:01","FAC-004299"
4300,29,"Hilo dental 50m","Cuidado personal",7,"Bayer S.A Colombia",82,entregado,"2023-09-12 01:42:51","2023-09-21 01:42:51","FAC-004300"
4301,13,"Clindamicina 300mg x16","Antibiótico",5,"Genfar S.A - Grupo Sanofi",22,entregado,"2023-03-02 15:57:08","2023-03-05 15:57:08","FAC-004301"
4302,34,"Condón Durex Extra Fino x3","Condones",8,"Distribuidora Íntima de Colombia S.A.S",53,aceptado,"2023-12-14 21:58:38","",""
4303,2,"Ibuprofeno 400mg x10","Analgésico",4,"Laboratorios Lafrancol S.A.S",38,entregado,"2025-08-29 02:50:08","2025-09-05 02:50:08","FAC-004303"
4304,43,"Lubricante Pjur Original 30ml","Lubricantes",9,"Laboratorios Siegfried Colombia S.A",82,en proceso,"2024-06-11 13:46:15","2024-07-01 13:46:15",""
4305,20,"Omega 3 1000mg x30","Vitaminas y suplementos",6,"Tecnoquímicas S.A",99,entregado,"2025-01-22 01:36:56","2025-01-27 01:36:56","FAC-004305"
4306,18,"Vitamina D3 2000UI x30","Vitaminas y suplementos",6,"Tecnoquímicas S.A",24,aceptado,"2025-11-08 14:54:51","",""
4307,11,"Ciprofloxacino 500mg x10","Antibiótico",5,"Genfar S.A - Grupo Sanofi",80,entregado,"2023-11-24 02:38:59","2023-11-27 02:38:59","FAC-004307"
4308,21,"Calcio + Vitamina D x60","Vitaminas y suplementos",6,"Tecnoquímicas S.A",38,aceptado,"2023-08-23 23:20:36","",""
4309,38,"Condón Lifestyles Ultra x12","Condones",8,"Distribuidora Íntima de Colombia S.A.S",93,entregado,"2024-12-20 08:49:05","2024-12-25 08:49:05","FAC-004309"
4310,16,"Doxiciclina 100mg x10","Antibiótico",5,"Genfar S.A - Grupo Sanofi",51,entregado,"2025-11-25 23:37:30","2025-12-03 23:37:30","FAC-004310"
4311,14,"Claritromicina 500mg x14","Antibiótico",5,"Genfar S.A - Grupo Sanofi",66,en proceso,"2024-03-14 03:02:20","2024-03-20 03:02:20",""
4312,22,"Zinc 50mg x30","Vitaminas y suplementos",6,"Tecnoquímicas S.A",11,entregado,"2025-02-04 02:24:22","2025-02-12 02:24:22","FAC-004312"
4313,12,"Metronidazol 500mg x14","Antibiótico",5,"Genfar S.A - Grupo Sanofi",62,en proceso,"2025-06-09 14:03:57","2025-06-27 14:03:57",""
4314,44,"Lubricante Nuei Delay 100ml","Lubricantes",9,"Laboratorios Siegfried Colombia S.A",13,entregado,"2024-12-12 08:43:59","2024-12-24 08:43:59","FAC-004314"
4315,28,"Jabón antibacterial 250ml","Cuidado personal",7,"Bayer S.A Colombia",80,aceptado,"2024-04-08 05:27:14","",""
4316,3,"Naproxeno 500mg x10","Analgésico",4,"Laboratorios Lafrancol S.A.S",83,entregado,"2025-05-26 09:32:08","2025-05-30 09:32:08","FAC-004316"
4317,6,"Meloxicam 15mg x10","Analgésico",4,"Laboratorios Lafrancol S.A.S",20,en proceso,"2024-03-18 17:16:25","2024-04-01 17:16:25",""
4318,31,"Desodorante roll-on 50ml","Cuidado personal",7,"Bayer S.A Colombia",97,en proceso,"2023-06-01 10:21:31","2023-06-18 10:21:31",""
4319,8,"Ketorolaco 10mg x10","Analgésico",4,"Laboratorios Lafrancol S.A.S",33,en proceso,"2024-11-11 22:16:28","2024-11-24 22:16:28",""
4320,21,"Calcio + Vitamina D x60","Vitaminas y suplementos",6,"Tecnoquímicas S.A",82,aceptado,"2023-07-10 16:21:31","",""
4321,48,"Lubricante Control Aqua 75ml","Lubricantes",9,"Laboratorios Siegfried Colombia S.A",16,entregado,"2023-08-31 18:03:55","2023-09-10 18:03:55","FAC-004321"
4322,26,"Shampoo anticaspa 400ml","Cuidado personal",7,"Bayer S.A Colombia",12,entregado,"2024-01-10 05:21:15","2024-01-15 05:21:15","FAC-004322"
4323,23,"Hierro + Ácido Fólico x30","Vitaminas y suplementos",6,"Tecnoquímicas S.A",85,entregado,"2024-08-24 16:50:16","2024-08-28 16:50:16","FAC-004323"
4324,11,"Ciprofloxacino 500mg x10","Antibiótico",5,"Genfar S.A - Grupo Sanofi",23,aceptado,"2025-05-26 09:36:47","",""
4325,47,"Lubricante Prudence Aqua 60ml","Lubricantes",9,"Laboratorios Siegfried Colombia S.A",70,entregado,"2024-07-10 20:37:19","2024-07-22 20:37:19","FAC-004325"
4326,21,"Calcio + Vitamina D x60","Vitaminas y suplementos",6,"Tecnoquímicas S.A",86,en proceso,"2025-10-01 12:59:55","2025-10-16 12:59:55",""
4327,39,"Condón Vive Placer Real x3","Condones",8,"Distribuidora Íntima de Colombia S.A.S",92,entregado,"2025-03-09 16:16:23","2025-03-17 16:16:23","FAC-004327"
4328,20,"Omega 3 1000mg x30","Vitaminas y suplementos",6,"Tecnoquímicas S.A",95,en proceso,"2025-05-29 03:55:38","2025-06-11 03:55:38",""
4329,5,"Diclofenaco 50mg x10","Analgésico",4,"Laboratorios Lafrancol S.A.S",92,entregado,"2023-12-19 20:23:08","2023-12-26 20:23:08","FAC-004329"
4330,15,"Cefalexina 500mg x20","Antibiótico",5,"Genfar S.A - Grupo Sanofi",83,en proceso,"2025-08-18 17:45:21","2025-09-04 17:45:21",""
4331,18,"Vitamina D3 2000UI x30","Vitaminas y suplementos",6,"Tecnoquímicas S.A",24,en proceso,"2025-08-28 17:55:02","2025-09-14 17:55:02",""
4332,46,"Lubricante Vive Sensitivo 50ml","Lubricantes",9,"Laboratorios Siegfried Colombia S.A",64,entregado,"2023-07-04 06:53:39","2023-07-07 06:53:39","FAC-004332"
4333,14,"Claritromicina 500mg x14","Antibiótico",5,"Genfar S.A - Grupo Sanofi",74,entregado,"2023-08-09 07:20:28","2023-08-23 07:20:28","FAC-004333"
4334,25,"Protector solar SPF 50 50ml","Cuidado personal",7,"Bayer S.A Colombia",40,entregado,"2023-07-17 23:00:13","2023-07-26 23:00:13","FAC-004334"
4335,41,"Lubricante Durex Play 50ml","Lubricantes",9,"Laboratorios Siegfried Colombia S.A",88,aceptado,"2025-03-18 07:22:43","",""
4336,24,"Magnesio 400mg x60","Vitaminas y suplementos",6,"Tecnoquímicas S.A",95,aceptado,"2025-11-27 17:13:02","",""
4337,36,"Condón Prudence Fresa x3","Condones",8,"Distribuidora Íntima de Colombia S.A.S",22,aceptado,"2025-12-27 09:39:52","",""
4338,26,"Shampoo anticaspa 400ml","Cuidado personal",7,"Bayer S.A Colombia",91,entregado,"2024-10-28 08:34:13","2024-11-08 08:34:13","FAC-004338"
4339,4,"Aspirina 100mg x10","Analgésico",4,"Laboratorios Lafrancol S.A.S",98,entregado,"2025-03-19 11:40:50","2025-03-28 11:40:50","FAC-004339"
4340,6,"Meloxicam 15mg x10","Analgésico",4,"Laboratorios Lafrancol S.A.S",68,entregado,"2024-12-18 23:28:43","2024-12-24 23:28:43","FAC-004340"
4341,15,"Cefalexina 500mg x20","Antibiótico",5,"Genfar S.A - Grupo Sanofi",66,entregado,"2025-08-11 05:28:20","2025-08-19 05:28:20","FAC-004341"
4342,20,"Omega 3 1000mg x30","Vitaminas y suplementos",6,"Tecnoquímicas S.A",71,entregado,"2024-10-03 03:08:40","2024-10-09 03:08:40","FAC-004342"
4343,32,"Gel antibacterial 500ml","Cuidado personal",7,"Bayer S.A Colombia",21,entregado,"2025-01-12 18:16:08","2025-01-27 18:16:08","FAC-004343"
4344,23,"Hierro + Ácido Fólico x30","Vitaminas y suplementos",6,"Tecnoquímicas S.A",47,entregado,"2023-06-22 11:21:33","2023-07-04 11:21:33","FAC-004344"
4345,33,"Condón Durex Natural x3","Condones",8,"Distribuidora Íntima de Colombia S.A.S",38,en proceso,"2024-10-06 00:48:40","2024-10-15 00:48:40",""
4346,9,"Amoxicilina 500mg x21","Antibiótico",5,"Genfar S.A - Grupo Sanofi",82,entregado,"2023-03-14 15:58:18","2023-03-21 15:58:18","FAC-004346"
4347,28,"Jabón antibacterial 250ml","Cuidado personal",7,"Bayer S.A Colombia",29,entregado,"2024-12-25 17:30:39","2025-01-03 17:30:39","FAC-004347"
4348,18,"Vitamina D3 2000UI x30","Vitaminas y suplementos",6,"Tecnoquímicas S.A",75,entregado,"2023-04-29 12:40:08","2023-05-03 12:40:08","FAC-004348"
4349,34,"Condón Durex Extra Fino x3","Condones",8,"Distribuidora Íntima de Colombia S.A.S",14,entregado,"2025-01-06 01:55:51","2025-01-16 01:55:51","FAC-004349"
4350,42,"Lubricante Íntimo KY 75ml","Lubricantes",9,"Laboratorios Siegfried Colombia S.A",61,entregado,"2025-06-25 09:24:01","2025-07-08 09:24:01","FAC-004350"
4351,6,"Meloxicam 15mg x10","Analgésico",4,"Laboratorios Lafrancol S.A.S",40,en proceso,"2025-12-01 08:06:58","2025-12-15 08:06:58",""
4352,3,"Naproxeno 500mg x10","Analgésico",4,"Laboratorios Lafrancol S.A.S",72,entregado,"2025-04-05 13:51:24","2025-04-18 13:51:24","FAC-004352"
4353,20,"Omega 3 1000mg x30","Vitaminas y suplementos",6,"Tecnoquímicas S.A",50,aceptado,"2024-07-16 19:54:08","",""
4354,13,"Clindamicina 300mg x16","Antibiótico",5,"Genfar S.A - Grupo Sanofi",39,en proceso,"2025-10-01 15:34:28","2025-10-16 15:34:28",""
4355,8,"Ketorolaco 10mg x10","Analgésico",4,"Laboratorios Lafrancol S.A.S",28,entregado,"2025-05-19 15:23:58","2025-05-28 15:23:58","FAC-004355"
4356,14,"Claritromicina 500mg x14","Antibiótico",5,"Genfar S.A - Grupo Sanofi",80,entregado,"2023-10-27 01:13:27","2023-11-06 01:13:27","FAC-004356"
4357,39,"Condón Vive Placer Real x3","Condones",8,"Distribuidora Íntima de Colombia S.A.S",65,entregado,"2023-01-17 14:19:13","2023-01-21 14:19:13","FAC-004357"
4358,11,"Ciprofloxacino 500mg x10","Antibiótico",5,"Genfar S.A - Grupo Sanofi",18,en proceso,"2024-04-03 22:55:40","2024-04-11 22:55:40",""
4359,27,"Crema hidratante facial 50ml","Cuidado personal",7,"Bayer S.A Colombia",17,entregado,"2023-12-24 22:30:12","2024-01-07 22:30:12","FAC-004359"
4360,39,"Condón Vive Placer Real x3","Condones",8,"Distribuidora Íntima de Colombia S.A.S",33,entregado,"2025-07-24 13:24:01","2025-08-02 13:24:01","FAC-004360"
4361,12,"Metronidazol 500mg x14","Antibiótico",5,"Genfar S.A - Grupo Sanofi",25,aceptado,"2024-01-26 10:56:55","",""
4362,16,"Doxiciclina 100mg x10","Antibiótico",5,"Genfar S.A - Grupo Sanofi",28,entregado,"2025-09-03 03:39:45","2025-09-09 03:39:45","FAC-004362"
4363,29,"Hilo dental 50m","Cuidado personal",7,"Bayer S.A Colombia",90,entregado,"2025-10-19 08:11:58","2025-10-30 08:11:58","FAC-004363"
4364,17,"Vitamina C 1000mg x30","Vitaminas y suplementos",6,"Tecnoquímicas S.A",15,en proceso,"2024-05-14 00:06:53","2024-05-25 00:06:53",""
4365,24,"Magnesio 400mg x60","Vitaminas y suplementos",6,"Tecnoquímicas S.A",54,en proceso,"2023-08-01 01:04:32","2023-08-07 01:04:32",""
4366,44,"Lubricante Nuei Delay 100ml","Lubricantes",9,"Laboratorios Siegfried Colombia S.A",19,entregado,"2023-08-31 04:49:35","2023-09-12 04:49:35","FAC-004366"
4367,4,"Aspirina 100mg x10","Analgésico",4,"Laboratorios Lafrancol S.A.S",69,entregado,"2023-10-28 18:53:38","2023-11-07 18:53:38","FAC-004367"
4368,4,"Aspirina 100mg x10","Analgésico",4,"Laboratorios Lafrancol S.A.S",87,entregado,"2025-01-22 00:02:45","2025-01-30 00:02:45","FAC-004368"
4369,3,"Naproxeno 500mg x10","Analgésico",4,"Laboratorios Lafrancol S.A.S",28,entregado,"2025-07-12 10:18:10","2025-07-15 10:18:10","FAC-004369"
4370,17,"Vitamina C 1000mg x30","Vitaminas y suplementos",6,"Tecnoquímicas S.A",40,entregado,"2023-05-25 01:02:03","2023-05-28 01:02:03","FAC-004370"
4371,41,"Lubricante Durex Play 50ml","Lubricantes",9,"Laboratorios Siegfried Colombia S.A",100,entregado,"2025-09-02 13:21:11","2025-09-17 13:21:11","FAC-004371"
4372,18,"Vitamina D3 2000UI x30","Vitaminas y suplementos",6,"Tecnoquímicas S.A",93,en proceso,"2024-05-15 20:03:21","2024-05-24 20:03:21",""
4373,7,"Tramadol 50mg x10","Analgésico",4,"Laboratorios Lafrancol S.A.S",83,en proceso,"2025-07-28 23:53:37","2025-08-07 23:53:37",""
4374,38,"Condón Lifestyles Ultra x12","Condones",8,"Distribuidora Íntima de Colombia S.A.S",15,entregado,"2024-09-15 02:42:35","2024-09-30 02:42:35","FAC-004374"
4375,30,"Crema dental blanqueadora 75ml","Cuidado personal",7,"Bayer S.A Colombia",39,entregado,"2024-04-19 17:32:16","2024-04-29 17:32:16","FAC-004375"
4376,6,"Meloxicam 15mg x10","Analgésico",4,"Laboratorios Lafrancol S.A.S",81,aceptado,"2025-12-30 12:02:25","",""
4377,24,"Magnesio 400mg x60","Vitaminas y suplementos",6,"Tecnoquímicas S.A",12,entregado,"2025-04-29 13:25:43","2025-05-08 13:25:43","FAC-004377"
4378,26,"Shampoo anticaspa 400ml","Cuidado personal",7,"Bayer S.A Colombia",35,aceptado,"2025-04-17 09:28:28","",""
4379,15,"Cefalexina 500mg x20","Antibiótico",5,"Genfar S.A - Grupo Sanofi",89,en proceso,"2024-06-01 12:44:24","2024-06-17 12:44:24",""
4380,30,"Crema dental blanqueadora 75ml","Cuidado personal",7,"Bayer S.A Colombia",93,entregado,"2025-10-22 12:31:41","2025-10-27 12:31:41","FAC-004380"
4381,41,"Lubricante Durex Play 50ml","Lubricantes",9,"Laboratorios Siegfried Colombia S.A",38,aceptado,"2025-03-15 01:20:02","",""
4382,15,"Cefalexina 500mg x20","Antibiótico",5,"Genfar S.A - Grupo Sanofi",71,aceptado,"2023-09-22 22:10:10","",""
4383,34,"Condón Durex Extra Fino x3","Condones",8,"Distribuidora Íntima de Colombia S.A.S",65,aceptado,"2024-06-07 12:08:13","",""
4384,32,"Gel antibacterial 500ml","Cuidado personal",7,"Bayer S.A Colombia",75,entregado,"2025-03-13 04:53:57","2025-03-28 04:53:57","FAC-004384"
4385,39,"Condón Vive Placer Real x3","Condones",8,"Distribuidora Íntima de Colombia S.A.S",38,entregado,"2023-12-15 01:17:54","2023-12-25 01:17:54","FAC-004385"
4386,34,"Condón Durex Extra Fino x3","Condones",8,"Distribuidora Íntima de Colombia S.A.S",70,entregado,"2023-05-08 13:53:10","2023-05-23 13:53:10","FAC-004386"
4387,28,"Jabón antibacterial 250ml","Cuidado personal",7,"Bayer S.A Colombia",72,en proceso,"2025-12-29 18:04:43","2026-01-14 18:04:43",""
4388,43,"Lubricante Pjur Original 30ml","Lubricantes",9,"Laboratorios Siegfried Colombia S.A",13,aceptado,"2023-01-11 20:26:49","",""
4389,18,"Vitamina D3 2000UI x30","Vitaminas y suplementos",6,"Tecnoquímicas S.A",83,entregado,"2025-12-13 03:13:47","2025-12-19 03:13:47","FAC-004389"
4390,6,"Meloxicam 15mg x10","Analgésico",4,"Laboratorios Lafrancol S.A.S",70,entregado,"2023-07-16 11:36:19","2023-07-26 11:36:19","FAC-004390"
4391,6,"Meloxicam 15mg x10","Analgésico",4,"Laboratorios Lafrancol S.A.S",49,entregado,"2024-05-16 07:22:07","2024-05-19 07:22:07","FAC-004391"
4392,45,"Lubricante Yes OB Natural 80ml","Lubricantes",9,"Laboratorios Siegfried Colombia S.A",24,aceptado,"2024-05-20 11:48:58","",""
4393,35,"Condón Condomi Ultra x12","Condones",8,"Distribuidora Íntima de Colombia S.A.S",53,entregado,"2024-08-16 06:51:00","2024-08-20 06:51:00","FAC-004393"
4394,7,"Tramadol 50mg x10","Analgésico",4,"Laboratorios Lafrancol S.A.S",16,entregado,"2025-12-01 10:19:35","2025-12-04 10:19:35","FAC-004394"
4395,24,"Magnesio 400mg x60","Vitaminas y suplementos",6,"Tecnoquímicas S.A",28,aceptado,"2025-08-02 16:45:26","",""
4396,32,"Gel antibacterial 500ml","Cuidado personal",7,"Bayer S.A Colombia",30,en proceso,"2025-05-30 05:40:51","2025-06-16 05:40:51",""
4397,4,"Aspirina 100mg x10","Analgésico",4,"Laboratorios Lafrancol S.A.S",67,en proceso,"2025-01-14 17:19:16","2025-01-29 17:19:16",""
4398,19,"Complejo B x30","Vitaminas y suplementos",6,"Tecnoquímicas S.A",69,aceptado,"2023-11-30 02:42:59","",""
4399,19,"Complejo B x30","Vitaminas y suplementos",6,"Tecnoquímicas S.A",39,aceptado,"2023-10-23 20:57:46","",""
4400,31,"Desodorante roll-on 50ml","Cuidado personal",7,"Bayer S.A Colombia",76,en proceso,"2023-12-27 15:35:43","2024-01-08 15:35:43",""
4401,29,"Hilo dental 50m","Cuidado personal",7,"Bayer S.A Colombia",69,en proceso,"2023-12-08 21:55:37","2023-12-27 21:55:37",""
4402,8,"Ketorolaco 10mg x10","Analgésico",4,"Laboratorios Lafrancol S.A.S",72,entregado,"2024-03-10 14:38:19","2024-03-14 14:38:19","FAC-004402"
4403,6,"Meloxicam 15mg x10","Analgésico",4,"Laboratorios Lafrancol S.A.S",32,entregado,"2024-07-11 22:24:35","2024-07-24 22:24:35","FAC-004403"
4404,43,"Lubricante Pjur Original 30ml","Lubricantes",9,"Laboratorios Siegfried Colombia S.A",13,entregado,"2024-02-26 11:03:21","2024-03-08 11:03:21","FAC-004404"
4405,13,"Clindamicina 300mg x16","Antibiótico",5,"Genfar S.A - Grupo Sanofi",87,en proceso,"2025-11-16 19:30:31","2025-11-27 19:30:31",""
4406,14,"Claritromicina 500mg x14","Antibiótico",5,"Genfar S.A - Grupo Sanofi",88,entregado,"2024-07-05 10:18:27","2024-07-14 10:18:27","FAC-004406"
4407,46,"Lubricante Vive Sensitivo 50ml","Lubricantes",9,"Laboratorios Siegfried Colombia S.A",69,en proceso,"2024-08-23 01:33:21","2024-09-02 01:33:21",""
4408,6,"Meloxicam 15mg x10","Analgésico",4,"Laboratorios Lafrancol S.A.S",35,en proceso,"2023-05-01 07:49:06","2023-05-19 07:49:06",""
4409,3,"Naproxeno 500mg x10","Analgésico",4,"Laboratorios Lafrancol S.A.S",34,entregado,"2025-01-19 12:20:16","2025-01-22 12:20:16","FAC-004409"
4410,30,"Crema dental blanqueadora 75ml","Cuidado personal",7,"Bayer S.A Colombia",97,entregado,"2024-08-13 06:07:24","2024-08-22 06:07:24","FAC-004410"
4411,38,"Condón Lifestyles Ultra x12","Condones",8,"Distribuidora Íntima de Colombia S.A.S",33,entregado,"2025-12-20 15:21:02","2025-12-25 15:21:02","FAC-004411"
4412,44,"Lubricante Nuei Delay 100ml","Lubricantes",9,"Laboratorios Siegfried Colombia S.A",10,entregado,"2025-05-02 20:14:33","2025-05-14 20:14:33","FAC-004412"
4413,18,"Vitamina D3 2000UI x30","Vitaminas y suplementos",6,"Tecnoquímicas S.A",97,entregado,"2023-11-03 11:07:13","2023-11-07 11:07:13","FAC-004413"
4414,31,"Desodorante roll-on 50ml","Cuidado personal",7,"Bayer S.A Colombia",21,entregado,"2024-10-14 19:45:04","2024-10-19 19:45:04","FAC-004414"
4415,13,"Clindamicina 300mg x16","Antibiótico",5,"Genfar S.A - Grupo Sanofi",46,en proceso,"2023-02-04 03:58:29","2023-02-11 03:58:29",""
4416,26,"Shampoo anticaspa 400ml","Cuidado personal",7,"Bayer S.A Colombia",33,aceptado,"2024-09-25 19:01:45","",""
4417,32,"Gel antibacterial 500ml","Cuidado personal",7,"Bayer S.A Colombia",96,aceptado,"2025-10-15 11:01:18","",""
4418,48,"Lubricante Control Aqua 75ml","Lubricantes",9,"Laboratorios Siegfried Colombia S.A",96,entregado,"2025-05-04 15:51:53","2025-05-16 15:51:53","FAC-004418"
4419,27,"Crema hidratante facial 50ml","Cuidado personal",7,"Bayer S.A Colombia",81,entregado,"2025-09-14 21:14:08","2025-09-19 21:14:08","FAC-004419"
4420,25,"Protector solar SPF 50 50ml","Cuidado personal",7,"Bayer S.A Colombia",47,entregado,"2024-02-21 01:48:55","2024-03-04 01:48:55","FAC-004420"
4421,3,"Naproxeno 500mg x10","Analgésico",4,"Laboratorios Lafrancol S.A.S",38,en proceso,"2023-10-31 16:18:25","2023-11-05 16:18:25",""
4422,7,"Tramadol 50mg x10","Analgésico",4,"Laboratorios Lafrancol S.A.S",30,entregado,"2024-12-23 09:40:45","2025-01-06 09:40:45","FAC-004422"
4423,17,"Vitamina C 1000mg x30","Vitaminas y suplementos",6,"Tecnoquímicas S.A",78,entregado,"2024-01-10 17:41:23","2024-01-22 17:41:23","FAC-004423"
4424,34,"Condón Durex Extra Fino x3","Condones",8,"Distribuidora Íntima de Colombia S.A.S",24,aceptado,"2023-04-17 11:54:36","",""
4425,12,"Metronidazol 500mg x14","Antibiótico",5,"Genfar S.A - Grupo Sanofi",86,entregado,"2024-11-17 05:07:35","2024-11-23 05:07:35","FAC-004425"
4426,21,"Calcio + Vitamina D x60","Vitaminas y suplementos",6,"Tecnoquímicas S.A",69,en proceso,"2024-01-14 14:50:23","2024-02-02 14:50:23",""
4427,16,"Doxiciclina 100mg x10","Antibiótico",5,"Genfar S.A - Grupo Sanofi",34,en proceso,"2024-07-15 23:47:19","2024-07-23 23:47:19",""
4428,25,"Protector solar SPF 50 50ml","Cuidado personal",7,"Bayer S.A Colombia",90,entregado,"2025-02-06 19:06:42","2025-02-10 19:06:42","FAC-004428"
4429,28,"Jabón antibacterial 250ml","Cuidado personal",7,"Bayer S.A Colombia",57,en proceso,"2025-10-13 06:16:14","2025-10-22 06:16:14",""
4430,37,"Condón Control Retard x3","Condones",8,"Distribuidora Íntima de Colombia S.A.S",77,entregado,"2025-03-21 06:39:26","2025-04-04 06:39:26","FAC-004430"
4431,24,"Magnesio 400mg x60","Vitaminas y suplementos",6,"Tecnoquímicas S.A",37,aceptado,"2024-10-10 23:09:01","",""
4432,23,"Hierro + Ácido Fólico x30","Vitaminas y suplementos",6,"Tecnoquímicas S.A",69,entregado,"2025-07-21 10:01:14","2025-07-25 10:01:14","FAC-004432"
4433,14,"Claritromicina 500mg x14","Antibiótico",5,"Genfar S.A - Grupo Sanofi",13,entregado,"2024-05-24 08:01:18","2024-06-07 08:01:18","FAC-004433"
4434,24,"Magnesio 400mg x60","Vitaminas y suplementos",6,"Tecnoquímicas S.A",58,aceptado,"2024-06-19 05:09:50","",""
4435,36,"Condón Prudence Fresa x3","Condones",8,"Distribuidora Íntima de Colombia S.A.S",56,entregado,"2025-08-03 16:00:30","2025-08-12 16:00:30","FAC-004435"
4436,44,"Lubricante Nuei Delay 100ml","Lubricantes",9,"Laboratorios Siegfried Colombia S.A",11,entregado,"2025-01-09 16:57:50","2025-01-22 16:57:50","FAC-004436"
4437,12,"Metronidazol 500mg x14","Antibiótico",5,"Genfar S.A - Grupo Sanofi",59,entregado,"2025-10-06 03:06:56","2025-10-12 03:06:56","FAC-004437"
4438,1,"Acetaminofén 500mg x10","Analgésico",4,"Laboratorios Lafrancol S.A.S",71,entregado,"2023-11-20 09:45:50","2023-12-05 09:45:50","FAC-004438"
4439,44,"Lubricante Nuei Delay 100ml","Lubricantes",9,"Laboratorios Siegfried Colombia S.A",24,en proceso,"2025-02-06 11:40:57","2025-02-26 11:40:57",""
4440,9,"Amoxicilina 500mg x21","Antibiótico",5,"Genfar S.A - Grupo Sanofi",52,entregado,"2025-06-20 21:32:56","2025-06-30 21:32:56","FAC-004440"
4441,24,"Magnesio 400mg x60","Vitaminas y suplementos",6,"Tecnoquímicas S.A",33,entregado,"2023-06-06 18:54:16","2023-06-19 18:54:16","FAC-004441"
4442,33,"Condón Durex Natural x3","Condones",8,"Distribuidora Íntima de Colombia S.A.S",29,entregado,"2025-02-27 07:07:51","2025-03-11 07:07:51","FAC-004442"
4443,28,"Jabón antibacterial 250ml","Cuidado personal",7,"Bayer S.A Colombia",86,aceptado,"2023-04-17 12:55:01","",""
4444,12,"Metronidazol 500mg x14","Antibiótico",5,"Genfar S.A - Grupo Sanofi",85,entregado,"2025-11-13 13:39:55","2025-11-25 13:39:55","FAC-004444"
4445,42,"Lubricante Íntimo KY 75ml","Lubricantes",9,"Laboratorios Siegfried Colombia S.A",25,entregado,"2023-12-16 12:50:27","2023-12-19 12:50:27","FAC-004445"
4446,39,"Condón Vive Placer Real x3","Condones",8,"Distribuidora Íntima de Colombia S.A.S",58,en proceso,"2025-05-19 21:54:24","2025-06-03 21:54:24",""
4447,29,"Hilo dental 50m","Cuidado personal",7,"Bayer S.A Colombia",81,entregado,"2024-12-21 23:49:50","2024-12-28 23:49:50","FAC-004447"
4448,36,"Condón Prudence Fresa x3","Condones",8,"Distribuidora Íntima de Colombia S.A.S",22,entregado,"2025-09-18 22:11:46","2025-09-22 22:11:46","FAC-004448"
4449,23,"Hierro + Ácido Fólico x30","Vitaminas y suplementos",6,"Tecnoquímicas S.A",68,en proceso,"2023-03-28 03:11:42","2023-04-03 03:11:42",""
4450,1,"Acetaminofén 500mg x10","Analgésico",4,"Laboratorios Lafrancol S.A.S",24,entregado,"2025-02-14 04:38:42","2025-02-28 04:38:42","FAC-004450"
4451,44,"Lubricante Nuei Delay 100ml","Lubricantes",9,"Laboratorios Siegfried Colombia S.A",42,aceptado,"2023-06-21 23:31:27","",""
4452,36,"Condón Prudence Fresa x3","Condones",8,"Distribuidora Íntima de Colombia S.A.S",21,entregado,"2024-02-15 12:53:55","2024-03-01 12:53:55","FAC-004452"
4453,39,"Condón Vive Placer Real x3","Condones",8,"Distribuidora Íntima de Colombia S.A.S",54,entregado,"2023-12-13 15:51:44","2023-12-21 15:51:44","FAC-004453"
4454,4,"Aspirina 100mg x10","Analgésico",4,"Laboratorios Lafrancol S.A.S",74,en proceso,"2023-09-06 16:23:02","2023-09-17 16:23:02",""
4455,31,"Desodorante roll-on 50ml","Cuidado personal",7,"Bayer S.A Colombia",84,entregado,"2025-12-08 07:39:10","2025-12-11 07:39:10","FAC-004455"
4456,22,"Zinc 50mg x30","Vitaminas y suplementos",6,"Tecnoquímicas S.A",70,entregado,"2024-07-31 21:54:02","2024-08-12 21:54:02","FAC-004456"
4457,34,"Condón Durex Extra Fino x3","Condones",8,"Distribuidora Íntima de Colombia S.A.S",73,entregado,"2023-08-16 22:38:24","2023-08-21 22:38:24","FAC-004457"
4458,19,"Complejo B x30","Vitaminas y suplementos",6,"Tecnoquímicas S.A",50,en proceso,"2024-08-01 06:54:09","2024-08-07 06:54:09",""
4459,37,"Condón Control Retard x3","Condones",8,"Distribuidora Íntima de Colombia S.A.S",77,en proceso,"2023-03-17 14:03:51","2023-03-24 14:03:51",""
4460,10,"Azitromicina 500mg x3","Antibiótico",5,"Genfar S.A - Grupo Sanofi",62,entregado,"2025-06-01 10:33:03","2025-06-12 10:33:03","FAC-004460"
4461,34,"Condón Durex Extra Fino x3","Condones",8,"Distribuidora Íntima de Colombia S.A.S",40,entregado,"2024-02-02 05:13:33","2024-02-17 05:13:33","FAC-004461"
4462,26,"Shampoo anticaspa 400ml","Cuidado personal",7,"Bayer S.A Colombia",98,entregado,"2025-11-08 08:13:23","2025-11-22 08:13:23","FAC-004462"
4463,5,"Diclofenaco 50mg x10","Analgésico",4,"Laboratorios Lafrancol S.A.S",97,aceptado,"2023-01-15 08:58:58","",""
4464,28,"Jabón antibacterial 250ml","Cuidado personal",7,"Bayer S.A Colombia",79,entregado,"2025-11-03 21:19:29","2025-11-14 21:19:29","FAC-004464"
4465,7,"Tramadol 50mg x10","Analgésico",4,"Laboratorios Lafrancol S.A.S",26,en proceso,"2024-04-01 05:48:28","2024-04-15 05:48:28",""
4466,26,"Shampoo anticaspa 400ml","Cuidado personal",7,"Bayer S.A Colombia",33,aceptado,"2023-10-07 15:17:57","",""
4467,28,"Jabón antibacterial 250ml","Cuidado personal",7,"Bayer S.A Colombia",67,entregado,"2023-03-17 11:14:04","2023-03-31 11:14:04","FAC-004467"
4468,12,"Metronidazol 500mg x14","Antibiótico",5,"Genfar S.A - Grupo Sanofi",55,entregado,"2024-12-28 23:02:22","2025-01-08 23:02:22","FAC-004468"
4469,32,"Gel antibacterial 500ml","Cuidado personal",7,"Bayer S.A Colombia",94,entregado,"2024-06-01 09:09:41","2024-06-09 09:09:41","FAC-004469"
4470,26,"Shampoo anticaspa 400ml","Cuidado personal",7,"Bayer S.A Colombia",18,aceptado,"2024-08-05 04:59:42","",""
4471,29,"Hilo dental 50m","Cuidado personal",7,"Bayer S.A Colombia",48,entregado,"2025-11-20 01:37:44","2025-12-02 01:37:44","FAC-004471"
4472,24,"Magnesio 400mg x60","Vitaminas y suplementos",6,"Tecnoquímicas S.A",75,entregado,"2023-10-25 22:31:03","2023-11-08 22:31:03","FAC-004472"
4473,22,"Zinc 50mg x30","Vitaminas y suplementos",6,"Tecnoquímicas S.A",35,entregado,"2025-11-23 23:08:28","2025-12-04 23:08:28","FAC-004473"
4474,45,"Lubricante Yes OB Natural 80ml","Lubricantes",9,"Laboratorios Siegfried Colombia S.A",28,entregado,"2023-12-28 12:21:20","2024-01-09 12:21:20","FAC-004474"
4475,20,"Omega 3 1000mg x30","Vitaminas y suplementos",6,"Tecnoquímicas S.A",38,en proceso,"2024-02-16 06:14:32","2024-02-21 06:14:32",""
4476,19,"Complejo B x30","Vitaminas y suplementos",6,"Tecnoquímicas S.A",72,en proceso,"2023-05-26 01:26:19","2023-06-06 01:26:19",""
4477,22,"Zinc 50mg x30","Vitaminas y suplementos",6,"Tecnoquímicas S.A",31,entregado,"2023-09-18 01:02:35","2023-09-26 01:02:35","FAC-004477"
4478,23,"Hierro + Ácido Fólico x30","Vitaminas y suplementos",6,"Tecnoquímicas S.A",62,entregado,"2025-06-03 16:56:07","2025-06-08 16:56:07","FAC-004478"
4479,48,"Lubricante Control Aqua 75ml","Lubricantes",9,"Laboratorios Siegfried Colombia S.A",13,entregado,"2024-11-03 13:01:17","2024-11-15 13:01:17","FAC-004479"
4480,22,"Zinc 50mg x30","Vitaminas y suplementos",6,"Tecnoquímicas S.A",13,aceptado,"2023-03-16 02:45:37","",""
4481,34,"Condón Durex Extra Fino x3","Condones",8,"Distribuidora Íntima de Colombia S.A.S",29,aceptado,"2025-07-07 12:12:20","",""
4482,29,"Hilo dental 50m","Cuidado personal",7,"Bayer S.A Colombia",53,entregado,"2024-10-15 18:27:46","2024-10-26 18:27:46","FAC-004482"
4483,43,"Lubricante Pjur Original 30ml","Lubricantes",9,"Laboratorios Siegfried Colombia S.A",76,entregado,"2025-06-07 06:26:27","2025-06-16 06:26:27","FAC-004483"
4484,8,"Ketorolaco 10mg x10","Analgésico",4,"Laboratorios Lafrancol S.A.S",95,aceptado,"2023-09-26 02:54:24","",""
4485,13,"Clindamicina 300mg x16","Antibiótico",5,"Genfar S.A - Grupo Sanofi",90,entregado,"2025-07-11 15:36:34","2025-07-19 15:36:34","FAC-004485"
4486,30,"Crema dental blanqueadora 75ml","Cuidado personal",7,"Bayer S.A Colombia",76,en proceso,"2025-06-10 11:58:06","2025-06-25 11:58:06",""
4487,27,"Crema hidratante facial 50ml","Cuidado personal",7,"Bayer S.A Colombia",37,entregado,"2024-11-06 07:30:53","2024-11-14 07:30:53","FAC-004487"
4488,11,"Ciprofloxacino 500mg x10","Antibiótico",5,"Genfar S.A - Grupo Sanofi",27,en proceso,"2025-11-16 19:16:10","2025-11-23 19:16:10",""
4489,43,"Lubricante Pjur Original 30ml","Lubricantes",9,"Laboratorios Siegfried Colombia S.A",15,aceptado,"2024-01-28 17:19:34","",""
4490,14,"Claritromicina 500mg x14","Antibiótico",5,"Genfar S.A - Grupo Sanofi",62,entregado,"2023-06-01 13:11:30","2023-06-04 13:11:30","FAC-004490"
4491,44,"Lubricante Nuei Delay 100ml","Lubricantes",9,"Laboratorios Siegfried Colombia S.A",95,entregado,"2023-03-27 14:37:13","2023-04-09 14:37:13","FAC-004491"
4492,38,"Condón Lifestyles Ultra x12","Condones",8,"Distribuidora Íntima de Colombia S.A.S",36,en proceso,"2024-05-09 07:11:59","2024-05-22 07:11:59",""
4493,30,"Crema dental blanqueadora 75ml","Cuidado personal",7,"Bayer S.A Colombia",18,en proceso,"2024-05-03 08:24:08","2024-05-23 08:24:08",""
4494,25,"Protector solar SPF 50 50ml","Cuidado personal",7,"Bayer S.A Colombia",32,aceptado,"2023-05-22 06:04:02","",""
4495,39,"Condón Vive Placer Real x3","Condones",8,"Distribuidora Íntima de Colombia S.A.S",99,entregado,"2024-01-17 13:08:48","2024-01-25 13:08:48","FAC-004495"
4496,9,"Amoxicilina 500mg x21","Antibiótico",5,"Genfar S.A - Grupo Sanofi",31,entregado,"2025-12-28 12:42:08","2026-01-08 12:42:08","FAC-004496"
4497,47,"Lubricante Prudence Aqua 60ml","Lubricantes",9,"Laboratorios Siegfried Colombia S.A",37,entregado,"2023-05-15 18:42:55","2023-05-24 18:42:55","FAC-004497"
4498,33,"Condón Durex Natural x3","Condones",8,"Distribuidora Íntima de Colombia S.A.S",97,entregado,"2024-03-10 16:38:01","2024-03-24 16:38:01","FAC-004498"
4499,9,"Amoxicilina 500mg x21","Antibiótico",5,"Genfar S.A - Grupo Sanofi",16,entregado,"2025-04-29 00:03:18","2025-05-06 00:03:18","FAC-004499"
4500,48,"Lubricante Control Aqua 75ml","Lubricantes",9,"Laboratorios Siegfried Colombia S.A",75,en proceso,"2024-06-11 09:39:05","2024-06-20 09:39:05",""
4501,6,"Meloxicam 15mg x10","Analgésico",4,"Laboratorios Lafrancol S.A.S",56,en proceso,"2025-11-12 22:14:50","2025-11-27 22:14:50",""
4502,37,"Condón Control Retard x3","Condones",8,"Distribuidora Íntima de Colombia S.A.S",49,en proceso,"2024-10-20 15:22:07","2024-10-25 15:22:07",""
4503,48,"Lubricante Control Aqua 75ml","Lubricantes",9,"Laboratorios Siegfried Colombia S.A",22,en proceso,"2025-06-30 19:47:58","2025-07-07 19:47:58",""
4504,30,"Crema dental blanqueadora 75ml","Cuidado personal",7,"Bayer S.A Colombia",70,entregado,"2024-02-25 14:37:16","2024-03-02 14:37:16","FAC-004504"
4505,8,"Ketorolaco 10mg x10","Analgésico",4,"Laboratorios Lafrancol S.A.S",95,entregado,"2025-04-01 03:24:25","2025-04-09 03:24:25","FAC-004505"
4506,30,"Crema dental blanqueadora 75ml","Cuidado personal",7,"Bayer S.A Colombia",58,aceptado,"2024-08-08 22:34:19","",""
4507,18,"Vitamina D3 2000UI x30","Vitaminas y suplementos",6,"Tecnoquímicas S.A",28,entregado,"2024-01-15 08:18:56","2024-01-27 08:18:56","FAC-004507"
4508,6,"Meloxicam 15mg x10","Analgésico",4,"Laboratorios Lafrancol S.A.S",95,entregado,"2024-10-06 07:42:49","2024-10-17 07:42:49","FAC-004508"
4509,12,"Metronidazol 500mg x14","Antibiótico",5,"Genfar S.A - Grupo Sanofi",17,en proceso,"2023-10-27 11:44:57","2023-11-01 11:44:57",""
4510,42,"Lubricante Íntimo KY 75ml","Lubricantes",9,"Laboratorios Siegfried Colombia S.A",47,entregado,"2024-07-15 12:58:16","2024-07-27 12:58:16","FAC-004510"
4511,34,"Condón Durex Extra Fino x3","Condones",8,"Distribuidora Íntima de Colombia S.A.S",54,en proceso,"2023-03-14 01:20:27","2023-03-26 01:20:27",""
4512,34,"Condón Durex Extra Fino x3","Condones",8,"Distribuidora Íntima de Colombia S.A.S",75,en proceso,"2025-03-30 17:14:02","2025-04-08 17:14:02",""
4513,1,"Acetaminofén 500mg x10","Analgésico",4,"Laboratorios Lafrancol S.A.S",10,entregado,"2023-02-13 07:50:05","2023-02-20 07:50:05","FAC-004513"
4514,22,"Zinc 50mg x30","Vitaminas y suplementos",6,"Tecnoquímicas S.A",39,entregado,"2024-10-04 11:04:26","2024-10-14 11:04:26","FAC-004514"
4515,6,"Meloxicam 15mg x10","Analgésico",4,"Laboratorios Lafrancol S.A.S",27,en proceso,"2025-11-08 13:20:08","2025-11-26 13:20:08",""
4516,46,"Lubricante Vive Sensitivo 50ml","Lubricantes",9,"Laboratorios Siegfried Colombia S.A",30,entregado,"2024-10-27 13:50:55","2024-11-04 13:50:55","FAC-004516"
4517,7,"Tramadol 50mg x10","Analgésico",4,"Laboratorios Lafrancol S.A.S",88,en proceso,"2024-01-17 01:35:09","2024-01-26 01:35:09",""
4518,7,"Tramadol 50mg x10","Analgésico",4,"Laboratorios Lafrancol S.A.S",85,entregado,"2024-06-26 05:48:42","2024-07-01 05:48:42","FAC-004518"
4519,2,"Ibuprofeno 400mg x10","Analgésico",4,"Laboratorios Lafrancol S.A.S",56,en proceso,"2025-03-24 15:15:43","2025-04-07 15:15:43",""
4520,48,"Lubricante Control Aqua 75ml","Lubricantes",9,"Laboratorios Siegfried Colombia S.A",89,en proceso,"2025-10-11 11:29:43","2025-10-26 11:29:43",""
4521,12,"Metronidazol 500mg x14","Antibiótico",5,"Genfar S.A - Grupo Sanofi",62,entregado,"2024-07-29 20:45:55","2024-08-09 20:45:55","FAC-004521"
4522,30,"Crema dental blanqueadora 75ml","Cuidado personal",7,"Bayer S.A Colombia",46,entregado,"2024-08-19 00:42:21","2024-08-30 00:42:21","FAC-004522"
4523,5,"Diclofenaco 50mg x10","Analgésico",4,"Laboratorios Lafrancol S.A.S",69,aceptado,"2025-02-07 21:38:27","",""
4524,5,"Diclofenaco 50mg x10","Analgésico",4,"Laboratorios Lafrancol S.A.S",53,aceptado,"2023-05-28 05:47:47","",""
4525,29,"Hilo dental 50m","Cuidado personal",7,"Bayer S.A Colombia",52,entregado,"2024-01-13 00:35:38","2024-01-19 00:35:38","FAC-004525"
4526,33,"Condón Durex Natural x3","Condones",8,"Distribuidora Íntima de Colombia S.A.S",58,en proceso,"2023-10-21 12:51:33","2023-10-31 12:51:33",""
4527,14,"Claritromicina 500mg x14","Antibiótico",5,"Genfar S.A - Grupo Sanofi",63,entregado,"2023-05-02 19:13:16","2023-05-17 19:13:16","FAC-004527"
4528,18,"Vitamina D3 2000UI x30","Vitaminas y suplementos",6,"Tecnoquímicas S.A",48,entregado,"2023-07-30 02:53:28","2023-08-12 02:53:28","FAC-004528"
4529,17,"Vitamina C 1000mg x30","Vitaminas y suplementos",6,"Tecnoquímicas S.A",79,aceptado,"2023-04-17 18:08:47","",""
4530,26,"Shampoo anticaspa 400ml","Cuidado personal",7,"Bayer S.A Colombia",70,aceptado,"2023-07-23 21:02:27","",""
4531,15,"Cefalexina 500mg x20","Antibiótico",5,"Genfar S.A - Grupo Sanofi",61,en proceso,"2024-07-30 16:56:13","2024-08-13 16:56:13",""
4532,4,"Aspirina 100mg x10","Analgésico",4,"Laboratorios Lafrancol S.A.S",83,entregado,"2024-12-25 05:53:07","2025-01-07 05:53:07","FAC-004532"
4533,16,"Doxiciclina 100mg x10","Antibiótico",5,"Genfar S.A - Grupo Sanofi",90,entregado,"2024-04-19 13:51:06","2024-04-28 13:51:06","FAC-004533"
4534,2,"Ibuprofeno 400mg x10","Analgésico",4,"Laboratorios Lafrancol S.A.S",88,entregado,"2024-05-21 20:49:06","2024-06-04 20:49:06","FAC-004534"
4535,27,"Crema hidratante facial 50ml","Cuidado personal",7,"Bayer S.A Colombia",11,entregado,"2024-12-21 08:10:19","2024-12-28 08:10:19","FAC-004535"
4536,39,"Condón Vive Placer Real x3","Condones",8,"Distribuidora Íntima de Colombia S.A.S",40,aceptado,"2024-09-20 04:21:34","",""
4537,42,"Lubricante Íntimo KY 75ml","Lubricantes",9,"Laboratorios Siegfried Colombia S.A",59,entregado,"2023-12-29 15:17:07","2024-01-04 15:17:07","FAC-004537"
4538,28,"Jabón antibacterial 250ml","Cuidado personal",7,"Bayer S.A Colombia",51,entregado,"2023-04-20 09:02:36","2023-04-23 09:02:36","FAC-004538"
4539,35,"Condón Condomi Ultra x12","Condones",8,"Distribuidora Íntima de Colombia S.A.S",92,entregado,"2025-05-18 00:39:04","2025-05-23 00:39:04","FAC-004539"
4540,44,"Lubricante Nuei Delay 100ml","Lubricantes",9,"Laboratorios Siegfried Colombia S.A",36,en proceso,"2024-10-20 13:13:43","2024-10-26 13:13:43",""
4541,1,"Acetaminofén 500mg x10","Analgésico",4,"Laboratorios Lafrancol S.A.S",19,aceptado,"2024-03-10 15:12:07","",""
4542,28,"Jabón antibacterial 250ml","Cuidado personal",7,"Bayer S.A Colombia",83,aceptado,"2025-06-01 04:44:34","",""
4543,46,"Lubricante Vive Sensitivo 50ml","Lubricantes",9,"Laboratorios Siegfried Colombia S.A",22,en proceso,"2025-08-24 23:16:50","2025-09-06 23:16:50",""
4544,5,"Diclofenaco 50mg x10","Analgésico",4,"Laboratorios Lafrancol S.A.S",76,entregado,"2024-08-20 09:29:20","2024-08-27 09:29:20","FAC-004544"
4545,28,"Jabón antibacterial 250ml","Cuidado personal",7,"Bayer S.A Colombia",75,entregado,"2023-06-20 02:41:54","2023-06-26 02:41:54","FAC-004545"
4546,8,"Ketorolaco 10mg x10","Analgésico",4,"Laboratorios Lafrancol S.A.S",60,entregado,"2023-07-30 07:46:37","2023-08-06 07:46:37","FAC-004546"
4547,20,"Omega 3 1000mg x30","Vitaminas y suplementos",6,"Tecnoquímicas S.A",38,entregado,"2024-02-13 22:35:49","2024-02-22 22:35:49","FAC-004547"
4548,17,"Vitamina C 1000mg x30","Vitaminas y suplementos",6,"Tecnoquímicas S.A",48,entregado,"2024-04-11 00:34:13","2024-04-15 00:34:13","FAC-004548"
4549,1,"Acetaminofén 500mg x10","Analgésico",4,"Laboratorios Lafrancol S.A.S",10,aceptado,"2025-09-15 21:42:07","",""
4550,7,"Tramadol 50mg x10","Analgésico",4,"Laboratorios Lafrancol S.A.S",70,aceptado,"2024-04-23 05:18:47","",""
4551,8,"Ketorolaco 10mg x10","Analgésico",4,"Laboratorios Lafrancol S.A.S",46,entregado,"2024-02-29 06:46:18","2024-03-07 06:46:18","FAC-004551"
4552,41,"Lubricante Durex Play 50ml","Lubricantes",9,"Laboratorios Siegfried Colombia S.A",50,entregado,"2025-09-04 23:08:10","2025-09-13 23:08:10","FAC-004552"
4553,11,"Ciprofloxacino 500mg x10","Antibiótico",5,"Genfar S.A - Grupo Sanofi",92,aceptado,"2024-10-21 17:56:54","",""
4554,38,"Condón Lifestyles Ultra x12","Condones",8,"Distribuidora Íntima de Colombia S.A.S",33,entregado,"2025-09-02 11:28:45","2025-09-07 11:28:45","FAC-004554"
4555,16,"Doxiciclina 100mg x10","Antibiótico",5,"Genfar S.A - Grupo Sanofi",11,entregado,"2024-04-14 10:37:06","2024-04-25 10:37:06","FAC-004555"
4556,15,"Cefalexina 500mg x20","Antibiótico",5,"Genfar S.A - Grupo Sanofi",85,entregado,"2024-05-21 00:49:06","2024-05-28 00:49:06","FAC-004556"
4557,32,"Gel antibacterial 500ml","Cuidado personal",7,"Bayer S.A Colombia",75,entregado,"2024-08-26 00:26:41","2024-09-06 00:26:41","FAC-004557"
4558,11,"Ciprofloxacino 500mg x10","Antibiótico",5,"Genfar S.A - Grupo Sanofi",46,entregado,"2025-05-23 06:42:51","2025-05-29 06:42:51","FAC-004558"
4559,22,"Zinc 50mg x30","Vitaminas y suplementos",6,"Tecnoquímicas S.A",74,aceptado,"2024-07-16 23:24:52","",""
4560,34,"Condón Durex Extra Fino x3","Condones",8,"Distribuidora Íntima de Colombia S.A.S",10,en proceso,"2025-05-22 08:16:16","2025-06-05 08:16:16",""
4561,6,"Meloxicam 15mg x10","Analgésico",4,"Laboratorios Lafrancol S.A.S",18,entregado,"2024-12-14 08:07:58","2024-12-24 08:07:58","FAC-004561"
4562,32,"Gel antibacterial 500ml","Cuidado personal",7,"Bayer S.A Colombia",29,aceptado,"2024-11-01 04:40:10","",""
4563,34,"Condón Durex Extra Fino x3","Condones",8,"Distribuidora Íntima de Colombia S.A.S",52,entregado,"2024-10-14 09:12:05","2024-10-21 09:12:05","FAC-004563"
4564,7,"Tramadol 50mg x10","Analgésico",4,"Laboratorios Lafrancol S.A.S",85,entregado,"2023-09-02 16:08:50","2023-09-16 16:08:50","FAC-004564"
4565,3,"Naproxeno 500mg x10","Analgésico",4,"Laboratorios Lafrancol S.A.S",67,entregado,"2025-04-09 19:36:53","2025-04-24 19:36:53","FAC-004565"
4566,39,"Condón Vive Placer Real x3","Condones",8,"Distribuidora Íntima de Colombia S.A.S",35,entregado,"2024-03-02 13:50:37","2024-03-14 13:50:37","FAC-004566"
4567,48,"Lubricante Control Aqua 75ml","Lubricantes",9,"Laboratorios Siegfried Colombia S.A",59,en proceso,"2025-07-19 01:24:04","2025-07-28 01:24:04",""
4568,26,"Shampoo anticaspa 400ml","Cuidado personal",7,"Bayer S.A Colombia",93,entregado,"2025-01-30 00:22:56","2025-02-09 00:22:56","FAC-004568"
4569,20,"Omega 3 1000mg x30","Vitaminas y suplementos",6,"Tecnoquímicas S.A",24,entregado,"2023-05-22 00:38:40","2023-06-02 00:38:40","FAC-004569"
4570,22,"Zinc 50mg x30","Vitaminas y suplementos",6,"Tecnoquímicas S.A",73,entregado,"2024-07-30 11:28:28","2024-08-12 11:28:28","FAC-004570"
4571,12,"Metronidazol 500mg x14","Antibiótico",5,"Genfar S.A - Grupo Sanofi",81,entregado,"2025-11-21 19:14:14","2025-11-26 19:14:14","FAC-004571"
4572,7,"Tramadol 50mg x10","Analgésico",4,"Laboratorios Lafrancol S.A.S",10,en proceso,"2024-03-10 09:26:45","2024-03-21 09:26:45",""
4573,6,"Meloxicam 15mg x10","Analgésico",4,"Laboratorios Lafrancol S.A.S",15,en proceso,"2023-06-09 11:39:20","2023-06-29 11:39:20",""
4574,17,"Vitamina C 1000mg x30","Vitaminas y suplementos",6,"Tecnoquímicas S.A",54,entregado,"2025-06-20 06:51:53","2025-06-25 06:51:53","FAC-004574"
4575,9,"Amoxicilina 500mg x21","Antibiótico",5,"Genfar S.A - Grupo Sanofi",20,aceptado,"2025-06-24 01:33:41","",""
4576,19,"Complejo B x30","Vitaminas y suplementos",6,"Tecnoquímicas S.A",21,entregado,"2025-07-25 13:50:11","2025-08-09 13:50:11","FAC-004576"
4577,21,"Calcio + Vitamina D x60","Vitaminas y suplementos",6,"Tecnoquímicas S.A",50,entregado,"2023-07-15 15:36:42","2023-07-26 15:36:42","FAC-004577"
4578,18,"Vitamina D3 2000UI x30","Vitaminas y suplementos",6,"Tecnoquímicas S.A",33,aceptado,"2025-06-09 12:39:29","",""
4579,8,"Ketorolaco 10mg x10","Analgésico",4,"Laboratorios Lafrancol S.A.S",25,entregado,"2025-03-28 05:38:39","2025-04-09 05:38:39","FAC-004579"
4580,10,"Azitromicina 500mg x3","Antibiótico",5,"Genfar S.A - Grupo Sanofi",90,entregado,"2025-02-24 17:30:10","2025-03-02 17:30:10","FAC-004580"
4581,46,"Lubricante Vive Sensitivo 50ml","Lubricantes",9,"Laboratorios Siegfried Colombia S.A",12,entregado,"2023-09-29 03:52:26","2023-10-05 03:52:26","FAC-004581"
4582,17,"Vitamina C 1000mg x30","Vitaminas y suplementos",6,"Tecnoquímicas S.A",83,en proceso,"2024-01-28 06:40:58","2024-02-08 06:40:58",""
4583,13,"Clindamicina 300mg x16","Antibiótico",5,"Genfar S.A - Grupo Sanofi",61,aceptado,"2025-01-21 22:29:50","",""
4584,43,"Lubricante Pjur Original 30ml","Lubricantes",9,"Laboratorios Siegfried Colombia S.A",10,en proceso,"2023-04-01 06:17:05","2023-04-20 06:17:05",""
4585,23,"Hierro + Ácido Fólico x30","Vitaminas y suplementos",6,"Tecnoquímicas S.A",48,aceptado,"2024-01-07 06:34:15","",""
4586,29,"Hilo dental 50m","Cuidado personal",7,"Bayer S.A Colombia",75,entregado,"2023-11-16 14:01:06","2023-11-27 14:01:06","FAC-004586"
4587,4,"Aspirina 100mg x10","Analgésico",4,"Laboratorios Lafrancol S.A.S",69,entregado,"2024-07-04 20:44:14","2024-07-11 20:44:14","FAC-004587"
4588,46,"Lubricante Vive Sensitivo 50ml","Lubricantes",9,"Laboratorios Siegfried Colombia S.A",18,entregado,"2023-01-07 10:48:12","2023-01-22 10:48:12","FAC-004588"
4589,41,"Lubricante Durex Play 50ml","Lubricantes",9,"Laboratorios Siegfried Colombia S.A",42,entregado,"2025-12-12 06:51:06","2025-12-19 06:51:06","FAC-004589"
4590,35,"Condón Condomi Ultra x12","Condones",8,"Distribuidora Íntima de Colombia S.A.S",81,en proceso,"2024-10-11 03:48:26","2024-10-30 03:48:26",""
4591,46,"Lubricante Vive Sensitivo 50ml","Lubricantes",9,"Laboratorios Siegfried Colombia S.A",94,en proceso,"2024-08-15 19:08:20","2024-08-20 19:08:20",""
4592,39,"Condón Vive Placer Real x3","Condones",8,"Distribuidora Íntima de Colombia S.A.S",91,entregado,"2025-04-30 13:13:48","2025-05-10 13:13:48","FAC-004592"
4593,29,"Hilo dental 50m","Cuidado personal",7,"Bayer S.A Colombia",49,entregado,"2024-01-03 09:04:11","2024-01-13 09:04:11","FAC-004593"
4594,33,"Condón Durex Natural x3","Condones",8,"Distribuidora Íntima de Colombia S.A.S",12,entregado,"2023-11-19 18:49:56","2023-11-30 18:49:56","FAC-004594"
4595,13,"Clindamicina 300mg x16","Antibiótico",5,"Genfar S.A - Grupo Sanofi",87,entregado,"2023-03-27 11:20:40","2023-04-01 11:20:40","FAC-004595"
4596,48,"Lubricante Control Aqua 75ml","Lubricantes",9,"Laboratorios Siegfried Colombia S.A",12,aceptado,"2023-11-03 12:24:43","",""
4597,39,"Condón Vive Placer Real x3","Condones",8,"Distribuidora Íntima de Colombia S.A.S",29,en proceso,"2025-12-04 03:57:00","2025-12-12 03:57:00",""
4598,34,"Condón Durex Extra Fino x3","Condones",8,"Distribuidora Íntima de Colombia S.A.S",33,en proceso,"2023-01-02 15:36:05","2023-01-18 15:36:05",""
4599,37,"Condón Control Retard x3","Condones",8,"Distribuidora Íntima de Colombia S.A.S",76,entregado,"2024-02-11 09:37:52","2024-02-15 09:37:52","FAC-004599"
4600,2,"Ibuprofeno 400mg x10","Analgésico",4,"Laboratorios Lafrancol S.A.S",70,entregado,"2023-02-12 07:31:18","2023-02-15 07:31:18","FAC-004600"
4601,39,"Condón Vive Placer Real x3","Condones",8,"Distribuidora Íntima de Colombia S.A.S",70,en proceso,"2023-06-02 09:38:54","2023-06-10 09:38:54",""
4602,48,"Lubricante Control Aqua 75ml","Lubricantes",9,"Laboratorios Siegfried Colombia S.A",33,entregado,"2024-06-10 16:42:37","2024-06-17 16:42:37","FAC-004602"
4603,37,"Condón Control Retard x3","Condones",8,"Distribuidora Íntima de Colombia S.A.S",15,en proceso,"2024-11-13 21:29:49","2024-11-19 21:29:49",""
4604,28,"Jabón antibacterial 250ml","Cuidado personal",7,"Bayer S.A Colombia",24,aceptado,"2024-12-07 04:29:40","",""
4605,31,"Desodorante roll-on 50ml","Cuidado personal",7,"Bayer S.A Colombia",60,entregado,"2024-05-18 04:09:50","2024-05-28 04:09:50","FAC-004605"
4606,44,"Lubricante Nuei Delay 100ml","Lubricantes",9,"Laboratorios Siegfried Colombia S.A",88,entregado,"2023-03-12 23:53:08","2023-03-16 23:53:08","FAC-004606"
4607,32,"Gel antibacterial 500ml","Cuidado personal",7,"Bayer S.A Colombia",88,entregado,"2023-06-01 14:31:34","2023-06-16 14:31:34","FAC-004607"
4608,10,"Azitromicina 500mg x3","Antibiótico",5,"Genfar S.A - Grupo Sanofi",79,aceptado,"2024-02-08 15:16:00","",""
4609,13,"Clindamicina 300mg x16","Antibiótico",5,"Genfar S.A - Grupo Sanofi",17,entregado,"2025-04-13 21:07:48","2025-04-17 21:07:48","FAC-004609"
4610,20,"Omega 3 1000mg x30","Vitaminas y suplementos",6,"Tecnoquímicas S.A",18,entregado,"2024-11-10 12:02:55","2024-11-24 12:02:55","FAC-004610"
4611,16,"Doxiciclina 100mg x10","Antibiótico",5,"Genfar S.A - Grupo Sanofi",87,en proceso,"2025-06-24 20:29:34","2025-07-10 20:29:34",""
4612,28,"Jabón antibacterial 250ml","Cuidado personal",7,"Bayer S.A Colombia",95,entregado,"2025-09-24 20:14:07","2025-10-09 20:14:07","FAC-004612"
4613,47,"Lubricante Prudence Aqua 60ml","Lubricantes",9,"Laboratorios Siegfried Colombia S.A",19,en proceso,"2023-11-17 11:50:22","2023-12-05 11:50:22",""
4614,15,"Cefalexina 500mg x20","Antibiótico",5,"Genfar S.A - Grupo Sanofi",66,en proceso,"2025-11-04 13:29:02","2025-11-14 13:29:02",""
4615,20,"Omega 3 1000mg x30","Vitaminas y suplementos",6,"Tecnoquímicas S.A",25,entregado,"2024-01-15 16:54:34","2024-01-25 16:54:34","FAC-004615"
4616,17,"Vitamina C 1000mg x30","Vitaminas y suplementos",6,"Tecnoquímicas S.A",11,en proceso,"2025-11-25 00:36:59","2025-12-03 00:36:59",""
4617,22,"Zinc 50mg x30","Vitaminas y suplementos",6,"Tecnoquímicas S.A",90,entregado,"2023-04-24 17:44:40","2023-05-08 17:44:40","FAC-004617"
4618,1,"Acetaminofén 500mg x10","Analgésico",4,"Laboratorios Lafrancol S.A.S",49,entregado,"2025-03-08 04:19:06","2025-03-18 04:19:06","FAC-004618"
4619,38,"Condón Lifestyles Ultra x12","Condones",8,"Distribuidora Íntima de Colombia S.A.S",85,aceptado,"2025-06-13 13:54:08","",""
4620,34,"Condón Durex Extra Fino x3","Condones",8,"Distribuidora Íntima de Colombia S.A.S",85,en proceso,"2024-09-10 07:32:44","2024-09-18 07:32:44",""
4621,24,"Magnesio 400mg x60","Vitaminas y suplementos",6,"Tecnoquímicas S.A",15,en proceso,"2025-07-18 06:46:14","2025-07-28 06:46:14",""
4622,24,"Magnesio 400mg x60","Vitaminas y suplementos",6,"Tecnoquímicas S.A",53,en proceso,"2024-10-21 08:33:25","2024-10-26 08:33:25",""
4623,2,"Ibuprofeno 400mg x10","Analgésico",4,"Laboratorios Lafrancol S.A.S",32,entregado,"2023-03-04 06:18:56","2023-03-12 06:18:56","FAC-004623"
4624,41,"Lubricante Durex Play 50ml","Lubricantes",9,"Laboratorios Siegfried Colombia S.A",23,en proceso,"2025-06-14 02:21:57","2025-06-21 02:21:57",""
4625,22,"Zinc 50mg x30","Vitaminas y suplementos",6,"Tecnoquímicas S.A",42,aceptado,"2023-10-27 11:16:21","",""
4626,2,"Ibuprofeno 400mg x10","Analgésico",4,"Laboratorios Lafrancol S.A.S",70,aceptado,"2025-09-08 20:41:24","",""
4627,47,"Lubricante Prudence Aqua 60ml","Lubricantes",9,"Laboratorios Siegfried Colombia S.A",60,en proceso,"2024-01-27 20:30:19","2024-02-15 20:30:19",""
4628,8,"Ketorolaco 10mg x10","Analgésico",4,"Laboratorios Lafrancol S.A.S",54,entregado,"2024-04-19 17:42:33","2024-04-25 17:42:33","FAC-004628"
4629,18,"Vitamina D3 2000UI x30","Vitaminas y suplementos",6,"Tecnoquímicas S.A",61,aceptado,"2023-04-06 04:39:06","",""
4630,17,"Vitamina C 1000mg x30","Vitaminas y suplementos",6,"Tecnoquímicas S.A",55,entregado,"2025-10-01 09:48:52","2025-10-04 09:48:52","FAC-004630"
4631,20,"Omega 3 1000mg x30","Vitaminas y suplementos",6,"Tecnoquímicas S.A",74,en proceso,"2024-12-13 08:13:27","2024-12-31 08:13:27",""
4632,16,"Doxiciclina 100mg x10","Antibiótico",5,"Genfar S.A - Grupo Sanofi",43,entregado,"2025-05-06 02:08:19","2025-05-14 02:08:19","FAC-004632"
4633,21,"Calcio + Vitamina D x60","Vitaminas y suplementos",6,"Tecnoquímicas S.A",69,entregado,"2025-03-04 17:38:03","2025-03-18 17:38:03","FAC-004633"
4634,42,"Lubricante Íntimo KY 75ml","Lubricantes",9,"Laboratorios Siegfried Colombia S.A",94,en proceso,"2023-04-20 17:49:39","2023-04-29 17:49:39",""
4635,37,"Condón Control Retard x3","Condones",8,"Distribuidora Íntima de Colombia S.A.S",63,aceptado,"2023-09-25 03:36:26","",""
4636,31,"Desodorante roll-on 50ml","Cuidado personal",7,"Bayer S.A Colombia",74,entregado,"2024-11-07 08:24:07","2024-11-16 08:24:07","FAC-004636"
4637,9,"Amoxicilina 500mg x21","Antibiótico",5,"Genfar S.A - Grupo Sanofi",73,en proceso,"2024-08-17 21:35:44","2024-08-26 21:35:44",""
4638,5,"Diclofenaco 50mg x10","Analgésico",4,"Laboratorios Lafrancol S.A.S",67,en proceso,"2025-03-11 08:41:08","2025-03-21 08:41:08",""
4639,35,"Condón Condomi Ultra x12","Condones",8,"Distribuidora Íntima de Colombia S.A.S",83,en proceso,"2024-10-18 09:43:41","2024-11-02 09:43:41",""
4640,31,"Desodorante roll-on 50ml","Cuidado personal",7,"Bayer S.A Colombia",48,entregado,"2025-08-22 14:08:10","2025-09-02 14:08:10","FAC-004640"
4641,29,"Hilo dental 50m","Cuidado personal",7,"Bayer S.A Colombia",68,entregado,"2023-04-13 08:30:13","2023-04-20 08:30:13","FAC-004641"
4642,8,"Ketorolaco 10mg x10","Analgésico",4,"Laboratorios Lafrancol S.A.S",68,entregado,"2024-11-01 23:41:09","2024-11-13 23:41:09","FAC-004642"
4643,33,"Condón Durex Natural x3","Condones",8,"Distribuidora Íntima de Colombia S.A.S",91,entregado,"2024-06-08 18:53:48","2024-06-13 18:53:48","FAC-004643"
4644,37,"Condón Control Retard x3","Condones",8,"Distribuidora Íntima de Colombia S.A.S",18,entregado,"2024-11-27 20:16:40","2024-12-04 20:16:40","FAC-004644"
4645,31,"Desodorante roll-on 50ml","Cuidado personal",7,"Bayer S.A Colombia",17,en proceso,"2024-11-28 00:27:18","2024-12-06 00:27:18",""
4646,5,"Diclofenaco 50mg x10","Analgésico",4,"Laboratorios Lafrancol S.A.S",45,entregado,"2023-04-24 13:02:29","2023-04-28 13:02:29","FAC-004646"
4647,21,"Calcio + Vitamina D x60","Vitaminas y suplementos",6,"Tecnoquímicas S.A",20,entregado,"2023-11-02 00:28:00","2023-11-13 00:28:00","FAC-004647"
4648,13,"Clindamicina 300mg x16","Antibiótico",5,"Genfar S.A - Grupo Sanofi",92,en proceso,"2023-10-18 15:12:00","2023-11-07 15:12:00",""
4649,4,"Aspirina 100mg x10","Analgésico",4,"Laboratorios Lafrancol S.A.S",42,entregado,"2023-08-04 10:51:18","2023-08-12 10:51:18","FAC-004649"
4650,42,"Lubricante Íntimo KY 75ml","Lubricantes",9,"Laboratorios Siegfried Colombia S.A",50,entregado,"2024-08-15 00:25:00","2024-08-22 00:25:00","FAC-004650"
4651,23,"Hierro + Ácido Fólico x30","Vitaminas y suplementos",6,"Tecnoquímicas S.A",23,aceptado,"2023-07-02 20:09:38","",""
4652,28,"Jabón antibacterial 250ml","Cuidado personal",7,"Bayer S.A Colombia",60,aceptado,"2023-12-30 17:51:12","",""
4653,32,"Gel antibacterial 500ml","Cuidado personal",7,"Bayer S.A Colombia",83,en proceso,"2025-05-29 10:24:29","2025-06-04 10:24:29",""
4654,10,"Azitromicina 500mg x3","Antibiótico",5,"Genfar S.A - Grupo Sanofi",68,en proceso,"2025-05-15 14:24:11","2025-05-25 14:24:11",""
4655,40,"Condón Protex x12","Condones",8,"Distribuidora Íntima de Colombia S.A.S",55,entregado,"2024-11-08 02:37:44","2024-11-12 02:37:44","FAC-004655"
4656,27,"Crema hidratante facial 50ml","Cuidado personal",7,"Bayer S.A Colombia",70,aceptado,"2024-10-10 21:26:36","",""
4657,35,"Condón Condomi Ultra x12","Condones",8,"Distribuidora Íntima de Colombia S.A.S",53,en proceso,"2023-11-03 10:07:41","2023-11-09 10:07:41",""
4658,19,"Complejo B x30","Vitaminas y suplementos",6,"Tecnoquímicas S.A",77,entregado,"2025-05-29 19:06:41","2025-06-11 19:06:41","FAC-004658"
4659,10,"Azitromicina 500mg x3","Antibiótico",5,"Genfar S.A - Grupo Sanofi",95,entregado,"2024-08-23 08:28:15","2024-09-06 08:28:15","FAC-004659"
4660,20,"Omega 3 1000mg x30","Vitaminas y suplementos",6,"Tecnoquímicas S.A",20,entregado,"2023-06-27 06:02:47","2023-07-07 06:02:47","FAC-004660"
4661,19,"Complejo B x30","Vitaminas y suplementos",6,"Tecnoquímicas S.A",44,entregado,"2025-02-10 08:03:29","2025-02-15 08:03:29","FAC-004661"
4662,10,"Azitromicina 500mg x3","Antibiótico",5,"Genfar S.A - Grupo Sanofi",50,entregado,"2024-02-12 10:51:32","2024-02-24 10:51:32","FAC-004662"
4663,46,"Lubricante Vive Sensitivo 50ml","Lubricantes",9,"Laboratorios Siegfried Colombia S.A",92,entregado,"2025-01-21 06:11:58","2025-02-01 06:11:58","FAC-004663"
4664,20,"Omega 3 1000mg x30","Vitaminas y suplementos",6,"Tecnoquímicas S.A",86,aceptado,"2024-12-24 00:18:51","",""
4665,33,"Condón Durex Natural x3","Condones",8,"Distribuidora Íntima de Colombia S.A.S",92,entregado,"2024-06-26 21:05:55","2024-07-10 21:05:55","FAC-004665"
4666,3,"Naproxeno 500mg x10","Analgésico",4,"Laboratorios Lafrancol S.A.S",97,entregado,"2024-02-17 07:33:59","2024-02-27 07:33:59","FAC-004666"
4667,47,"Lubricante Prudence Aqua 60ml","Lubricantes",9,"Laboratorios Siegfried Colombia S.A",43,aceptado,"2025-12-01 20:55:03","",""
4668,14,"Claritromicina 500mg x14","Antibiótico",5,"Genfar S.A - Grupo Sanofi",13,entregado,"2023-07-20 00:01:18","2023-08-01 00:01:18","FAC-004668"
4669,32,"Gel antibacterial 500ml","Cuidado personal",7,"Bayer S.A Colombia",86,aceptado,"2024-07-05 15:19:13","",""
4670,12,"Metronidazol 500mg x14","Antibiótico",5,"Genfar S.A - Grupo Sanofi",53,entregado,"2024-08-17 17:17:30","2024-08-25 17:17:30","FAC-004670"
4671,6,"Meloxicam 15mg x10","Analgésico",4,"Laboratorios Lafrancol S.A.S",70,en proceso,"2025-06-19 04:36:15","2025-06-26 04:36:15",""
4672,25,"Protector solar SPF 50 50ml","Cuidado personal",7,"Bayer S.A Colombia",45,entregado,"2023-07-08 02:12:23","2023-07-11 02:12:23","FAC-004672"
4673,42,"Lubricante Íntimo KY 75ml","Lubricantes",9,"Laboratorios Siegfried Colombia S.A",63,entregado,"2023-10-02 15:06:01","2023-10-16 15:06:01","FAC-004673"
4674,18,"Vitamina D3 2000UI x30","Vitaminas y suplementos",6,"Tecnoquímicas S.A",72,aceptado,"2023-09-28 17:28:24","",""
4675,19,"Complejo B x30","Vitaminas y suplementos",6,"Tecnoquímicas S.A",36,aceptado,"2023-04-11 04:02:11","",""
4676,43,"Lubricante Pjur Original 30ml","Lubricantes",9,"Laboratorios Siegfried Colombia S.A",52,entregado,"2024-12-25 00:41:59","2025-01-09 00:41:59","FAC-004676"
4677,3,"Naproxeno 500mg x10","Analgésico",4,"Laboratorios Lafrancol S.A.S",52,en proceso,"2023-05-24 08:34:45","2023-06-13 08:34:45",""
4678,26,"Shampoo anticaspa 400ml","Cuidado personal",7,"Bayer S.A Colombia",55,entregado,"2024-06-02 23:02:27","2024-06-14 23:02:27","FAC-004678"
4679,15,"Cefalexina 500mg x20","Antibiótico",5,"Genfar S.A - Grupo Sanofi",31,en proceso,"2024-01-06 21:45:54","2024-01-21 21:45:54",""
4680,27,"Crema hidratante facial 50ml","Cuidado personal",7,"Bayer S.A Colombia",35,en proceso,"2023-10-01 00:32:03","2023-10-11 00:32:03",""
4681,26,"Shampoo anticaspa 400ml","Cuidado personal",7,"Bayer S.A Colombia",16,aceptado,"2024-10-30 09:29:56","",""
4682,4,"Aspirina 100mg x10","Analgésico",4,"Laboratorios Lafrancol S.A.S",26,entregado,"2025-05-19 05:42:12","2025-05-29 05:42:12","FAC-004682"
4683,13,"Clindamicina 300mg x16","Antibiótico",5,"Genfar S.A - Grupo Sanofi",99,entregado,"2023-03-08 21:05:35","2023-03-23 21:05:35","FAC-004683"
4684,13,"Clindamicina 300mg x16","Antibiótico",5,"Genfar S.A - Grupo Sanofi",96,entregado,"2025-09-12 06:20:54","2025-09-25 06:20:54","FAC-004684"
4685,13,"Clindamicina 300mg x16","Antibiótico",5,"Genfar S.A - Grupo Sanofi",68,entregado,"2024-05-02 14:35:41","2024-05-08 14:35:41","FAC-004685"
4686,43,"Lubricante Pjur Original 30ml","Lubricantes",9,"Laboratorios Siegfried Colombia S.A",37,entregado,"2024-03-09 21:53:20","2024-03-19 21:53:20","FAC-004686"
4687,15,"Cefalexina 500mg x20","Antibiótico",5,"Genfar S.A - Grupo Sanofi",27,entregado,"2023-11-07 04:35:43","2023-11-22 04:35:43","FAC-004687"
4688,23,"Hierro + Ácido Fólico x30","Vitaminas y suplementos",6,"Tecnoquímicas S.A",76,entregado,"2024-02-14 09:47:10","2024-02-26 09:47:10","FAC-004688"
4689,23,"Hierro + Ácido Fólico x30","Vitaminas y suplementos",6,"Tecnoquímicas S.A",16,entregado,"2025-02-14 15:13:47","2025-02-25 15:13:47","FAC-004689"
4690,35,"Condón Condomi Ultra x12","Condones",8,"Distribuidora Íntima de Colombia S.A.S",74,aceptado,"2025-04-11 01:25:58","",""
4691,47,"Lubricante Prudence Aqua 60ml","Lubricantes",9,"Laboratorios Siegfried Colombia S.A",82,en proceso,"2023-08-18 15:11:50","2023-08-27 15:11:50",""
4692,4,"Aspirina 100mg x10","Analgésico",4,"Laboratorios Lafrancol S.A.S",52,entregado,"2025-01-07 04:49:19","2025-01-10 04:49:19","FAC-004692"
4693,20,"Omega 3 1000mg x30","Vitaminas y suplementos",6,"Tecnoquímicas S.A",12,entregado,"2025-04-22 20:57:42","2025-04-29 20:57:42","FAC-004693"
4694,13,"Clindamicina 300mg x16","Antibiótico",5,"Genfar S.A - Grupo Sanofi",49,entregado,"2023-06-14 01:25:28","2023-06-17 01:25:28","FAC-004694"
4695,42,"Lubricante Íntimo KY 75ml","Lubricantes",9,"Laboratorios Siegfried Colombia S.A",78,entregado,"2025-10-23 10:04:07","2025-11-05 10:04:07","FAC-004695"
4696,18,"Vitamina D3 2000UI x30","Vitaminas y suplementos",6,"Tecnoquímicas S.A",98,entregado,"2025-10-22 21:03:02","2025-10-28 21:03:02","FAC-004696"
4697,9,"Amoxicilina 500mg x21","Antibiótico",5,"Genfar S.A - Grupo Sanofi",100,entregado,"2024-07-01 08:27:12","2024-07-05 08:27:12","FAC-004697"
4698,23,"Hierro + Ácido Fólico x30","Vitaminas y suplementos",6,"Tecnoquímicas S.A",91,entregado,"2024-05-23 08:25:17","2024-06-02 08:25:17","FAC-004698"
4699,5,"Diclofenaco 50mg x10","Analgésico",4,"Laboratorios Lafrancol S.A.S",25,en proceso,"2024-01-24 14:42:23","2024-01-31 14:42:23",""
4700,31,"Desodorante roll-on 50ml","Cuidado personal",7,"Bayer S.A Colombia",33,entregado,"2023-07-05 05:02:27","2023-07-13 05:02:27","FAC-004700"
4701,26,"Shampoo anticaspa 400ml","Cuidado personal",7,"Bayer S.A Colombia",41,en proceso,"2023-12-05 07:11:37","2023-12-17 07:11:37",""
4702,27,"Crema hidratante facial 50ml","Cuidado personal",7,"Bayer S.A Colombia",93,entregado,"2023-08-04 17:31:04","2023-08-07 17:31:04","FAC-004702"
4703,41,"Lubricante Durex Play 50ml","Lubricantes",9,"Laboratorios Siegfried Colombia S.A",11,en proceso,"2023-02-12 02:31:51","2023-03-02 02:31:51",""
4704,14,"Claritromicina 500mg x14","Antibiótico",5,"Genfar S.A - Grupo Sanofi",47,entregado,"2023-03-07 11:30:55","2023-03-17 11:30:55","FAC-004704"
4705,10,"Azitromicina 500mg x3","Antibiótico",5,"Genfar S.A - Grupo Sanofi",89,en proceso,"2025-01-01 03:46:36","2025-01-19 03:46:36",""
4706,16,"Doxiciclina 100mg x10","Antibiótico",5,"Genfar S.A - Grupo Sanofi",95,entregado,"2023-07-25 21:08:57","2023-07-31 21:08:57","FAC-004706"
4707,26,"Shampoo anticaspa 400ml","Cuidado personal",7,"Bayer S.A Colombia",28,entregado,"2025-10-21 20:26:45","2025-11-03 20:26:45","FAC-004707"
4708,28,"Jabón antibacterial 250ml","Cuidado personal",7,"Bayer S.A Colombia",88,aceptado,"2024-10-01 17:35:07","",""
4709,36,"Condón Prudence Fresa x3","Condones",8,"Distribuidora Íntima de Colombia S.A.S",58,entregado,"2023-05-23 01:28:15","2023-06-05 01:28:15","FAC-004709"
4710,8,"Ketorolaco 10mg x10","Analgésico",4,"Laboratorios Lafrancol S.A.S",55,entregado,"2025-09-29 01:13:24","2025-10-06 01:13:24","FAC-004710"
4711,6,"Meloxicam 15mg x10","Analgésico",4,"Laboratorios Lafrancol S.A.S",54,entregado,"2023-01-19 03:16:25","2023-01-28 03:16:25","FAC-004711"
4712,19,"Complejo B x30","Vitaminas y suplementos",6,"Tecnoquímicas S.A",30,aceptado,"2025-09-26 05:21:38","",""
4713,18,"Vitamina D3 2000UI x30","Vitaminas y suplementos",6,"Tecnoquímicas S.A",76,entregado,"2023-03-17 00:15:41","2023-03-27 00:15:41","FAC-004713"
4714,18,"Vitamina D3 2000UI x30","Vitaminas y suplementos",6,"Tecnoquímicas S.A",71,entregado,"2025-10-10 16:19:20","2025-10-25 16:19:20","FAC-004714"
4715,15,"Cefalexina 500mg x20","Antibiótico",5,"Genfar S.A - Grupo Sanofi",46,entregado,"2023-06-19 17:35:10","2023-06-30 17:35:10","FAC-004715"
4716,16,"Doxiciclina 100mg x10","Antibiótico",5,"Genfar S.A - Grupo Sanofi",83,en proceso,"2023-08-07 09:48:57","2023-08-14 09:48:57",""
4717,12,"Metronidazol 500mg x14","Antibiótico",5,"Genfar S.A - Grupo Sanofi",35,entregado,"2024-12-13 23:23:32","2024-12-17 23:23:32","FAC-004717"
4718,35,"Condón Condomi Ultra x12","Condones",8,"Distribuidora Íntima de Colombia S.A.S",93,en proceso,"2024-12-29 19:22:07","2025-01-05 19:22:07",""
4719,28,"Jabón antibacterial 250ml","Cuidado personal",7,"Bayer S.A Colombia",48,entregado,"2023-06-23 00:58:47","2023-07-08 00:58:47","FAC-004719"
4720,35,"Condón Condomi Ultra x12","Condones",8,"Distribuidora Íntima de Colombia S.A.S",33,entregado,"2023-03-13 08:41:47","2023-03-25 08:41:47","FAC-004720"
4721,4,"Aspirina 100mg x10","Analgésico",4,"Laboratorios Lafrancol S.A.S",73,entregado,"2025-04-18 04:21:22","2025-04-21 04:21:22","FAC-004721"
4722,25,"Protector solar SPF 50 50ml","Cuidado personal",7,"Bayer S.A Colombia",67,entregado,"2024-04-07 19:02:10","2024-04-10 19:02:10","FAC-004722"
4723,8,"Ketorolaco 10mg x10","Analgésico",4,"Laboratorios Lafrancol S.A.S",31,entregado,"2024-05-11 20:47:43","2024-05-21 20:47:43","FAC-004723"
4724,4,"Aspirina 100mg x10","Analgésico",4,"Laboratorios Lafrancol S.A.S",50,entregado,"2024-04-17 10:13:10","2024-04-20 10:13:10","FAC-004724"
4725,29,"Hilo dental 50m","Cuidado personal",7,"Bayer S.A Colombia",46,aceptado,"2025-05-21 05:43:03","",""
4726,21,"Calcio + Vitamina D x60","Vitaminas y suplementos",6,"Tecnoquímicas S.A",46,entregado,"2024-01-14 09:57:04","2024-01-19 09:57:04","FAC-004726"
4727,23,"Hierro + Ácido Fólico x30","Vitaminas y suplementos",6,"Tecnoquímicas S.A",45,entregado,"2024-02-27 09:50:44","2024-03-11 09:50:44","FAC-004727"
4728,12,"Metronidazol 500mg x14","Antibiótico",5,"Genfar S.A - Grupo Sanofi",55,en proceso,"2025-09-06 13:32:32","2025-09-26 13:32:32",""
4729,15,"Cefalexina 500mg x20","Antibiótico",5,"Genfar S.A - Grupo Sanofi",45,entregado,"2025-08-17 05:45:01","2025-08-24 05:45:01","FAC-004729"
4730,11,"Ciprofloxacino 500mg x10","Antibiótico",5,"Genfar S.A - Grupo Sanofi",17,entregado,"2025-08-21 21:40:57","2025-08-28 21:40:57","FAC-004730"
4731,19,"Complejo B x30","Vitaminas y suplementos",6,"Tecnoquímicas S.A",14,en proceso,"2024-09-08 05:55:49","2024-09-23 05:55:49",""
4732,42,"Lubricante Íntimo KY 75ml","Lubricantes",9,"Laboratorios Siegfried Colombia S.A",30,en proceso,"2025-10-13 21:33:43","2025-10-23 21:33:43",""
4733,19,"Complejo B x30","Vitaminas y suplementos",6,"Tecnoquímicas S.A",100,aceptado,"2024-09-12 13:17:53","",""
4734,32,"Gel antibacterial 500ml","Cuidado personal",7,"Bayer S.A Colombia",21,entregado,"2024-11-02 01:46:26","2024-11-07 01:46:26","FAC-004734"
4735,37,"Condón Control Retard x3","Condones",8,"Distribuidora Íntima de Colombia S.A.S",49,entregado,"2025-03-23 22:17:17","2025-04-07 22:17:17","FAC-004735"
4736,21,"Calcio + Vitamina D x60","Vitaminas y suplementos",6,"Tecnoquímicas S.A",70,en proceso,"2023-04-19 20:18:32","2023-05-03 20:18:32",""
4737,8,"Ketorolaco 10mg x10","Analgésico",4,"Laboratorios Lafrancol S.A.S",71,aceptado,"2023-12-09 02:49:53","",""
4738,13,"Clindamicina 300mg x16","Antibiótico",5,"Genfar S.A - Grupo Sanofi",74,aceptado,"2024-12-14 00:23:15","",""
4739,34,"Condón Durex Extra Fino x3","Condones",8,"Distribuidora Íntima de Colombia S.A.S",83,en proceso,"2025-04-16 08:29:02","2025-05-03 08:29:02",""
4740,43,"Lubricante Pjur Original 30ml","Lubricantes",9,"Laboratorios Siegfried Colombia S.A",11,entregado,"2024-06-25 14:49:08","2024-07-07 14:49:08","FAC-004740"
4741,25,"Protector solar SPF 50 50ml","Cuidado personal",7,"Bayer S.A Colombia",32,entregado,"2025-07-02 05:49:58","2025-07-17 05:49:58","FAC-004741"
4742,4,"Aspirina 100mg x10","Analgésico",4,"Laboratorios Lafrancol S.A.S",25,aceptado,"2025-07-16 09:50:03","",""
4743,10,"Azitromicina 500mg x3","Antibiótico",5,"Genfar S.A - Grupo Sanofi",74,aceptado,"2024-09-20 21:33:13","",""
4744,34,"Condón Durex Extra Fino x3","Condones",8,"Distribuidora Íntima de Colombia S.A.S",46,entregado,"2024-08-10 09:39:18","2024-08-25 09:39:18","FAC-004744"
4745,16,"Doxiciclina 100mg x10","Antibiótico",5,"Genfar S.A - Grupo Sanofi",75,aceptado,"2024-01-31 00:33:44","",""
4746,24,"Magnesio 400mg x60","Vitaminas y suplementos",6,"Tecnoquímicas S.A",29,entregado,"2025-11-23 18:50:35","2025-12-04 18:50:35","FAC-004746"
4747,12,"Metronidazol 500mg x14","Antibiótico",5,"Genfar S.A - Grupo Sanofi",27,en proceso,"2024-06-09 07:56:04","2024-06-29 07:56:04",""
4748,3,"Naproxeno 500mg x10","Analgésico",4,"Laboratorios Lafrancol S.A.S",73,aceptado,"2024-06-19 17:44:59","",""
4749,38,"Condón Lifestyles Ultra x12","Condones",8,"Distribuidora Íntima de Colombia S.A.S",14,entregado,"2023-07-14 06:04:01","2023-07-22 06:04:01","FAC-004749"
4750,28,"Jabón antibacterial 250ml","Cuidado personal",7,"Bayer S.A Colombia",98,entregado,"2025-02-16 15:09:12","2025-02-23 15:09:12","FAC-004750"
4751,41,"Lubricante Durex Play 50ml","Lubricantes",9,"Laboratorios Siegfried Colombia S.A",61,entregado,"2023-12-18 17:17:24","2024-01-01 17:17:24","FAC-004751"
4752,30,"Crema dental blanqueadora 75ml","Cuidado personal",7,"Bayer S.A Colombia",35,en proceso,"2024-08-19 16:31:45","2024-09-02 16:31:45",""
4753,27,"Crema hidratante facial 50ml","Cuidado personal",7,"Bayer S.A Colombia",92,entregado,"2023-12-21 07:09:25","2023-12-24 07:09:25","FAC-004753"
4754,40,"Condón Protex x12","Condones",8,"Distribuidora Íntima de Colombia S.A.S",40,entregado,"2025-08-09 13:13:28","2025-08-18 13:13:28","FAC-004754"
4755,47,"Lubricante Prudence Aqua 60ml","Lubricantes",9,"Laboratorios Siegfried Colombia S.A",59,en proceso,"2025-11-13 10:42:40","2025-11-30 10:42:40",""
4756,24,"Magnesio 400mg x60","Vitaminas y suplementos",6,"Tecnoquímicas S.A",23,entregado,"2025-05-31 04:43:25","2025-06-14 04:43:25","FAC-004756"
4757,38,"Condón Lifestyles Ultra x12","Condones",8,"Distribuidora Íntima de Colombia S.A.S",73,entregado,"2024-11-15 12:47:01","2024-11-29 12:47:01","FAC-004757"
4758,46,"Lubricante Vive Sensitivo 50ml","Lubricantes",9,"Laboratorios Siegfried Colombia S.A",91,entregado,"2024-12-01 02:23:53","2024-12-09 02:23:53","FAC-004758"
4759,23,"Hierro + Ácido Fólico x30","Vitaminas y suplementos",6,"Tecnoquímicas S.A",91,entregado,"2023-03-21 20:58:40","2023-03-29 20:58:40","FAC-004759"
4760,10,"Azitromicina 500mg x3","Antibiótico",5,"Genfar S.A - Grupo Sanofi",60,entregado,"2023-12-10 19:23:14","2023-12-23 19:23:14","FAC-004760"
4761,18,"Vitamina D3 2000UI x30","Vitaminas y suplementos",6,"Tecnoquímicas S.A",15,aceptado,"2023-10-18 19:17:25","",""
4762,14,"Claritromicina 500mg x14","Antibiótico",5,"Genfar S.A - Grupo Sanofi",96,entregado,"2025-12-30 13:34:53","2026-01-14 13:34:53","FAC-004762"
4763,47,"Lubricante Prudence Aqua 60ml","Lubricantes",9,"Laboratorios Siegfried Colombia S.A",53,entregado,"2025-12-21 15:51:40","2025-12-28 15:51:40","FAC-004763"
4764,38,"Condón Lifestyles Ultra x12","Condones",8,"Distribuidora Íntima de Colombia S.A.S",31,en proceso,"2024-11-14 16:46:35","2024-12-02 16:46:35",""
4765,20,"Omega 3 1000mg x30","Vitaminas y suplementos",6,"Tecnoquímicas S.A",58,en proceso,"2024-12-02 15:45:03","2024-12-16 15:45:03",""
4766,26,"Shampoo anticaspa 400ml","Cuidado personal",7,"Bayer S.A Colombia",78,entregado,"2023-09-08 01:03:09","2023-09-12 01:03:09","FAC-004766"
4767,45,"Lubricante Yes OB Natural 80ml","Lubricantes",9,"Laboratorios Siegfried Colombia S.A",67,aceptado,"2023-04-03 20:56:30","",""
4768,29,"Hilo dental 50m","Cuidado personal",7,"Bayer S.A Colombia",33,entregado,"2025-02-06 12:54:54","2025-02-21 12:54:54","FAC-004768"
4769,39,"Condón Vive Placer Real x3","Condones",8,"Distribuidora Íntima de Colombia S.A.S",77,entregado,"2023-01-12 22:17:05","2023-01-18 22:17:05","FAC-004769"
4770,27,"Crema hidratante facial 50ml","Cuidado personal",7,"Bayer S.A Colombia",97,entregado,"2024-12-25 23:05:26","2024-12-29 23:05:26","FAC-004770"
4771,48,"Lubricante Control Aqua 75ml","Lubricantes",9,"Laboratorios Siegfried Colombia S.A",89,entregado,"2025-11-13 22:27:01","2025-11-21 22:27:01","FAC-004771"
4772,23,"Hierro + Ácido Fólico x30","Vitaminas y suplementos",6,"Tecnoquímicas S.A",63,entregado,"2025-08-21 09:46:35","2025-08-28 09:46:35","FAC-004772"
4773,36,"Condón Prudence Fresa x3","Condones",8,"Distribuidora Íntima de Colombia S.A.S",22,entregado,"2024-12-26 20:01:16","2025-01-04 20:01:16","FAC-004773"
4774,16,"Doxiciclina 100mg x10","Antibiótico",5,"Genfar S.A - Grupo Sanofi",70,entregado,"2024-10-06 14:35:56","2024-10-15 14:35:56","FAC-004774"
4775,18,"Vitamina D3 2000UI x30","Vitaminas y suplementos",6,"Tecnoquímicas S.A",64,aceptado,"2024-04-11 00:53:54","",""
4776,48,"Lubricante Control Aqua 75ml","Lubricantes",9,"Laboratorios Siegfried Colombia S.A",97,en proceso,"2023-08-31 07:02:02","2023-09-14 07:02:02",""
4777,30,"Crema dental blanqueadora 75ml","Cuidado personal",7,"Bayer S.A Colombia",69,entregado,"2025-11-18 14:42:39","2025-11-21 14:42:39","FAC-004777"
4778,22,"Zinc 50mg x30","Vitaminas y suplementos",6,"Tecnoquímicas S.A",89,aceptado,"2023-12-21 22:10:11","",""
4779,38,"Condón Lifestyles Ultra x12","Condones",8,"Distribuidora Íntima de Colombia S.A.S",54,en proceso,"2025-07-14 22:19:29","2025-07-27 22:19:29",""
4780,21,"Calcio + Vitamina D x60","Vitaminas y suplementos",6,"Tecnoquímicas S.A",82,aceptado,"2025-07-31 19:47:53","",""
4781,17,"Vitamina C 1000mg x30","Vitaminas y suplementos",6,"Tecnoquímicas S.A",21,entregado,"2023-11-26 09:54:52","2023-11-29 09:54:52","FAC-004781"
4782,32,"Gel antibacterial 500ml","Cuidado personal",7,"Bayer S.A Colombia",79,aceptado,"2024-08-29 08:45:18","",""
4783,35,"Condón Condomi Ultra x12","Condones",8,"Distribuidora Íntima de Colombia S.A.S",100,en proceso,"2025-06-11 15:42:02","2025-06-18 15:42:02",""
4784,44,"Lubricante Nuei Delay 100ml","Lubricantes",9,"Laboratorios Siegfried Colombia S.A",11,entregado,"2025-02-21 10:20:19","2025-02-25 10:20:19","FAC-004784"
4785,23,"Hierro + Ácido Fólico x30","Vitaminas y suplementos",6,"Tecnoquímicas S.A",14,entregado,"2023-12-12 10:01:36","2023-12-16 10:01:36","FAC-004785"
4786,21,"Calcio + Vitamina D x60","Vitaminas y suplementos",6,"Tecnoquímicas S.A",58,entregado,"2025-09-12 17:41:54","2025-09-27 17:41:54","FAC-004786"
4787,25,"Protector solar SPF 50 50ml","Cuidado personal",7,"Bayer S.A Colombia",53,entregado,"2025-06-10 10:33:48","2025-06-13 10:33:48","FAC-004787"
4788,47,"Lubricante Prudence Aqua 60ml","Lubricantes",9,"Laboratorios Siegfried Colombia S.A",97,entregado,"2025-02-28 17:25:22","2025-03-13 17:25:22","FAC-004788"
4789,43,"Lubricante Pjur Original 30ml","Lubricantes",9,"Laboratorios Siegfried Colombia S.A",20,entregado,"2023-06-25 05:11:18","2023-07-06 05:11:18","FAC-004789"
4790,28,"Jabón antibacterial 250ml","Cuidado personal",7,"Bayer S.A Colombia",86,entregado,"2025-03-01 00:31:44","2025-03-15 00:31:44","FAC-004790"
4791,2,"Ibuprofeno 400mg x10","Analgésico",4,"Laboratorios Lafrancol S.A.S",83,en proceso,"2024-12-21 14:41:10","2025-01-02 14:41:10",""
4792,36,"Condón Prudence Fresa x3","Condones",8,"Distribuidora Íntima de Colombia S.A.S",11,en proceso,"2024-03-03 01:55:43","2024-03-16 01:55:43",""
4793,30,"Crema dental blanqueadora 75ml","Cuidado personal",7,"Bayer S.A Colombia",20,aceptado,"2025-06-27 19:43:08","",""
4794,4,"Aspirina 100mg x10","Analgésico",4,"Laboratorios Lafrancol S.A.S",54,en proceso,"2023-12-07 02:22:22","2023-12-26 02:22:22",""
4795,9,"Amoxicilina 500mg x21","Antibiótico",5,"Genfar S.A - Grupo Sanofi",36,en proceso,"2025-06-30 05:30:19","2025-07-06 05:30:19",""
4796,34,"Condón Durex Extra Fino x3","Condones",8,"Distribuidora Íntima de Colombia S.A.S",27,entregado,"2024-12-23 20:36:50","2024-12-26 20:36:50","FAC-004796"
4797,38,"Condón Lifestyles Ultra x12","Condones",8,"Distribuidora Íntima de Colombia S.A.S",84,entregado,"2024-08-17 04:56:25","2024-09-01 04:56:25","FAC-004797"
4798,26,"Shampoo anticaspa 400ml","Cuidado personal",7,"Bayer S.A Colombia",29,entregado,"2025-05-10 21:48:34","2025-05-17 21:48:34","FAC-004798"
4799,41,"Lubricante Durex Play 50ml","Lubricantes",9,"Laboratorios Siegfried Colombia S.A",53,en proceso,"2024-03-10 23:46:59","2024-03-16 23:46:59",""
4800,41,"Lubricante Durex Play 50ml","Lubricantes",9,"Laboratorios Siegfried Colombia S.A",47,entregado,"2024-10-18 05:49:35","2024-10-28 05:49:35","FAC-004800"
4801,47,"Lubricante Prudence Aqua 60ml","Lubricantes",9,"Laboratorios Siegfried Colombia S.A",48,en proceso,"2025-01-03 11:05:22","2025-01-09 11:05:22",""
4802,5,"Diclofenaco 50mg x10","Analgésico",4,"Laboratorios Lafrancol S.A.S",55,en proceso,"2024-02-09 22:02:22","2024-02-14 22:02:22",""
4803,30,"Crema dental blanqueadora 75ml","Cuidado personal",7,"Bayer S.A Colombia",22,en proceso,"2025-02-15 06:57:24","2025-03-02 06:57:24",""
4804,45,"Lubricante Yes OB Natural 80ml","Lubricantes",9,"Laboratorios Siegfried Colombia S.A",50,entregado,"2025-01-21 04:58:42","2025-02-03 04:58:42","FAC-004804"
4805,20,"Omega 3 1000mg x30","Vitaminas y suplementos",6,"Tecnoquímicas S.A",66,en proceso,"2023-01-01 00:09:59","2023-01-07 00:09:59",""
4806,9,"Amoxicilina 500mg x21","Antibiótico",5,"Genfar S.A - Grupo Sanofi",88,entregado,"2023-12-05 04:15:44","2023-12-13 04:15:44","FAC-004806"
4807,43,"Lubricante Pjur Original 30ml","Lubricantes",9,"Laboratorios Siegfried Colombia S.A",22,entregado,"2025-06-03 15:23:49","2025-06-13 15:23:49","FAC-004807"
4808,26,"Shampoo anticaspa 400ml","Cuidado personal",7,"Bayer S.A Colombia",70,en proceso,"2023-10-10 19:38:30","2023-10-28 19:38:30",""
4809,24,"Magnesio 400mg x60","Vitaminas y suplementos",6,"Tecnoquímicas S.A",21,en proceso,"2024-07-15 18:52:03","2024-07-24 18:52:03",""
4810,41,"Lubricante Durex Play 50ml","Lubricantes",9,"Laboratorios Siegfried Colombia S.A",64,entregado,"2024-01-05 04:18:15","2024-01-12 04:18:15","FAC-004810"
4811,20,"Omega 3 1000mg x30","Vitaminas y suplementos",6,"Tecnoquímicas S.A",59,entregado,"2025-11-19 20:29:40","2025-12-03 20:29:40","FAC-004811"
4812,36,"Condón Prudence Fresa x3","Condones",8,"Distribuidora Íntima de Colombia S.A.S",69,entregado,"2025-05-29 03:57:55","2025-06-12 03:57:55","FAC-004812"
4813,10,"Azitromicina 500mg x3","Antibiótico",5,"Genfar S.A - Grupo Sanofi",74,entregado,"2024-12-29 20:01:22","2025-01-04 20:01:22","FAC-004813"
4814,32,"Gel antibacterial 500ml","Cuidado personal",7,"Bayer S.A Colombia",78,entregado,"2023-04-16 01:54:16","2023-04-27 01:54:16","FAC-004814"
4815,5,"Diclofenaco 50mg x10","Analgésico",4,"Laboratorios Lafrancol S.A.S",89,aceptado,"2023-11-02 11:47:12","",""
4816,9,"Amoxicilina 500mg x21","Antibiótico",5,"Genfar S.A - Grupo Sanofi",33,entregado,"2024-04-09 01:38:09","2024-04-13 01:38:09","FAC-004816"
4817,46,"Lubricante Vive Sensitivo 50ml","Lubricantes",9,"Laboratorios Siegfried Colombia S.A",60,entregado,"2023-09-26 22:11:10","2023-09-29 22:11:10","FAC-004817"
4818,22,"Zinc 50mg x30","Vitaminas y suplementos",6,"Tecnoquímicas S.A",16,entregado,"2023-12-18 01:11:02","2023-12-27 01:11:02","FAC-004818"
4819,28,"Jabón antibacterial 250ml","Cuidado personal",7,"Bayer S.A Colombia",83,en proceso,"2023-03-23 08:25:00","2023-04-10 08:25:00",""
4820,2,"Ibuprofeno 400mg x10","Analgésico",4,"Laboratorios Lafrancol S.A.S",97,entregado,"2025-12-20 21:29:46","2025-12-26 21:29:46","FAC-004820"
4821,26,"Shampoo anticaspa 400ml","Cuidado personal",7,"Bayer S.A Colombia",88,aceptado,"2023-04-20 21:48:17","",""
4822,35,"Condón Condomi Ultra x12","Condones",8,"Distribuidora Íntima de Colombia S.A.S",98,en proceso,"2023-06-19 19:09:11","2023-07-02 19:09:11",""
4823,13,"Clindamicina 300mg x16","Antibiótico",5,"Genfar S.A - Grupo Sanofi",19,entregado,"2025-12-13 14:10:34","2025-12-28 14:10:34","FAC-004823"
4824,33,"Condón Durex Natural x3","Condones",8,"Distribuidora Íntima de Colombia S.A.S",32,entregado,"2023-05-31 07:02:20","2023-06-12 07:02:20","FAC-004824"
4825,25,"Protector solar SPF 50 50ml","Cuidado personal",7,"Bayer S.A Colombia",78,entregado,"2024-08-11 15:33:48","2024-08-20 15:33:48","FAC-004825"
4826,14,"Claritromicina 500mg x14","Antibiótico",5,"Genfar S.A - Grupo Sanofi",30,aceptado,"2023-09-16 04:08:47","",""
4827,24,"Magnesio 400mg x60","Vitaminas y suplementos",6,"Tecnoquímicas S.A",77,en proceso,"2024-04-12 07:06:09","2024-04-19 07:06:09",""
4828,5,"Diclofenaco 50mg x10","Analgésico",4,"Laboratorios Lafrancol S.A.S",80,en proceso,"2023-10-28 03:51:37","2023-11-06 03:51:37",""
4829,41,"Lubricante Durex Play 50ml","Lubricantes",9,"Laboratorios Siegfried Colombia S.A",79,entregado,"2025-09-28 22:13:57","2025-10-04 22:13:57","FAC-004829"
4830,15,"Cefalexina 500mg x20","Antibiótico",5,"Genfar S.A - Grupo Sanofi",77,entregado,"2023-12-29 23:40:57","2024-01-09 23:40:57","FAC-004830"
4831,21,"Calcio + Vitamina D x60","Vitaminas y suplementos",6,"Tecnoquímicas S.A",45,entregado,"2025-04-26 06:49:33","2025-05-07 06:49:33","FAC-004831"
4832,31,"Desodorante roll-on 50ml","Cuidado personal",7,"Bayer S.A Colombia",52,entregado,"2024-03-25 22:24:56","2024-04-02 22:24:56","FAC-004832"
4833,25,"Protector solar SPF 50 50ml","Cuidado personal",7,"Bayer S.A Colombia",22,en proceso,"2024-06-29 19:30:37","2024-07-14 19:30:37",""
4834,28,"Jabón antibacterial 250ml","Cuidado personal",7,"Bayer S.A Colombia",91,entregado,"2023-03-31 21:44:45","2023-04-06 21:44:45","FAC-004834"
4835,38,"Condón Lifestyles Ultra x12","Condones",8,"Distribuidora Íntima de Colombia S.A.S",20,entregado,"2024-04-30 18:39:34","2024-05-08 18:39:34","FAC-004835"
4836,42,"Lubricante Íntimo KY 75ml","Lubricantes",9,"Laboratorios Siegfried Colombia S.A",70,en proceso,"2025-08-18 22:25:51","2025-08-25 22:25:51",""
4837,46,"Lubricante Vive Sensitivo 50ml","Lubricantes",9,"Laboratorios Siegfried Colombia S.A",75,entregado,"2024-08-03 19:49:04","2024-08-11 19:49:04","FAC-004837"
4838,42,"Lubricante Íntimo KY 75ml","Lubricantes",9,"Laboratorios Siegfried Colombia S.A",36,en proceso,"2023-03-21 20:17:52","2023-04-05 20:17:52",""
4839,43,"Lubricante Pjur Original 30ml","Lubricantes",9,"Laboratorios Siegfried Colombia S.A",40,entregado,"2025-06-17 20:11:19","2025-07-02 20:11:19","FAC-004839"
4840,27,"Crema hidratante facial 50ml","Cuidado personal",7,"Bayer S.A Colombia",83,entregado,"2025-06-19 01:06:51","2025-07-02 01:06:51","FAC-004840"
4841,17,"Vitamina C 1000mg x30","Vitaminas y suplementos",6,"Tecnoquímicas S.A",86,entregado,"2024-07-11 01:00:02","2024-07-19 01:00:02","FAC-004841"
4842,24,"Magnesio 400mg x60","Vitaminas y suplementos",6,"Tecnoquímicas S.A",99,entregado,"2023-02-19 18:35:02","2023-03-02 18:35:02","FAC-004842"
4843,8,"Ketorolaco 10mg x10","Analgésico",4,"Laboratorios Lafrancol S.A.S",54,aceptado,"2025-10-28 19:44:44","",""
4844,12,"Metronidazol 500mg x14","Antibiótico",5,"Genfar S.A - Grupo Sanofi",46,entregado,"2025-12-21 12:47:57","2026-01-02 12:47:57","FAC-004844"
4845,13,"Clindamicina 300mg x16","Antibiótico",5,"Genfar S.A - Grupo Sanofi",24,entregado,"2025-05-05 21:27:16","2025-05-15 21:27:16","FAC-004845"
4846,44,"Lubricante Nuei Delay 100ml","Lubricantes",9,"Laboratorios Siegfried Colombia S.A",56,en proceso,"2023-09-05 15:28:19","2023-09-24 15:28:19",""
4847,39,"Condón Vive Placer Real x3","Condones",8,"Distribuidora Íntima de Colombia S.A.S",95,entregado,"2025-05-24 04:17:20","2025-06-08 04:17:20","FAC-004847"
4848,7,"Tramadol 50mg x10","Analgésico",4,"Laboratorios Lafrancol S.A.S",86,entregado,"2024-09-07 14:05:22","2024-09-12 14:05:22","FAC-004848"
4849,30,"Crema dental blanqueadora 75ml","Cuidado personal",7,"Bayer S.A Colombia",28,entregado,"2023-11-17 10:40:21","2023-11-29 10:40:21","FAC-004849"
4850,30,"Crema dental blanqueadora 75ml","Cuidado personal",7,"Bayer S.A Colombia",62,en proceso,"2023-12-16 20:50:17","2024-01-01 20:50:17",""
4851,43,"Lubricante Pjur Original 30ml","Lubricantes",9,"Laboratorios Siegfried Colombia S.A",77,entregado,"2024-09-11 13:38:43","2024-09-25 13:38:43","FAC-004851"
4852,35,"Condón Condomi Ultra x12","Condones",8,"Distribuidora Íntima de Colombia S.A.S",43,entregado,"2024-03-19 17:47:10","2024-03-28 17:47:10","FAC-004852"
4853,43,"Lubricante Pjur Original 30ml","Lubricantes",9,"Laboratorios Siegfried Colombia S.A",65,aceptado,"2024-01-08 21:12:45","",""
4854,29,"Hilo dental 50m","Cuidado personal",7,"Bayer S.A Colombia",72,entregado,"2024-11-24 21:31:32","2024-11-29 21:31:32","FAC-004854"
4855,47,"Lubricante Prudence Aqua 60ml","Lubricantes",9,"Laboratorios Siegfried Colombia S.A",91,entregado,"2025-09-08 00:21:20","2025-09-11 00:21:20","FAC-004855"
4856,33,"Condón Durex Natural x3","Condones",8,"Distribuidora Íntima de Colombia S.A.S",49,entregado,"2025-08-21 17:47:42","2025-08-28 17:47:42","FAC-004856"
4857,6,"Meloxicam 15mg x10","Analgésico",4,"Laboratorios Lafrancol S.A.S",16,entregado,"2025-02-19 12:17:09","2025-02-23 12:17:09","FAC-004857"
4858,46,"Lubricante Vive Sensitivo 50ml","Lubricantes",9,"Laboratorios Siegfried Colombia S.A",21,aceptado,"2024-10-21 07:15:42","",""
4859,31,"Desodorante roll-on 50ml","Cuidado personal",7,"Bayer S.A Colombia",70,entregado,"2024-06-13 23:16:33","2024-06-28 23:16:33","FAC-004859"
4860,29,"Hilo dental 50m","Cuidado personal",7,"Bayer S.A Colombia",41,entregado,"2025-04-14 15:07:55","2025-04-23 15:07:55","FAC-004860"
4861,45,"Lubricante Yes OB Natural 80ml","Lubricantes",9,"Laboratorios Siegfried Colombia S.A",64,en proceso,"2023-04-16 17:28:36","2023-05-05 17:28:36",""
4862,43,"Lubricante Pjur Original 30ml","Lubricantes",9,"Laboratorios Siegfried Colombia S.A",53,entregado,"2024-12-05 04:26:48","2024-12-17 04:26:48","FAC-004862"
4863,17,"Vitamina C 1000mg x30","Vitaminas y suplementos",6,"Tecnoquímicas S.A",40,entregado,"2024-12-23 15:58:12","2025-01-07 15:58:12","FAC-004863"
4864,17,"Vitamina C 1000mg x30","Vitaminas y suplementos",6,"Tecnoquímicas S.A",75,entregado,"2024-09-12 04:40:11","2024-09-26 04:40:11","FAC-004864"
4865,2,"Ibuprofeno 400mg x10","Analgésico",4,"Laboratorios Lafrancol S.A.S",52,entregado,"2024-07-09 03:17:44","2024-07-17 03:17:44","FAC-004865"
4866,33,"Condón Durex Natural x3","Condones",8,"Distribuidora Íntima de Colombia S.A.S",42,en proceso,"2025-02-22 16:54:07","2025-03-02 16:54:07",""
4867,22,"Zinc 50mg x30","Vitaminas y suplementos",6,"Tecnoquímicas S.A",51,entregado,"2025-02-15 17:28:26","2025-02-24 17:28:26","FAC-004867"
4868,10,"Azitromicina 500mg x3","Antibiótico",5,"Genfar S.A - Grupo Sanofi",12,entregado,"2024-05-08 07:37:57","2024-05-16 07:37:57","FAC-004868"
4869,29,"Hilo dental 50m","Cuidado personal",7,"Bayer S.A Colombia",75,entregado,"2025-03-11 12:38:37","2025-03-25 12:38:37","FAC-004869"
4870,16,"Doxiciclina 100mg x10","Antibiótico",5,"Genfar S.A - Grupo Sanofi",47,entregado,"2025-04-06 07:00:18","2025-04-13 07:00:18","FAC-004870"
4871,24,"Magnesio 400mg x60","Vitaminas y suplementos",6,"Tecnoquímicas S.A",94,entregado,"2025-09-13 08:43:37","2025-09-24 08:43:37","FAC-004871"
4872,36,"Condón Prudence Fresa x3","Condones",8,"Distribuidora Íntima de Colombia S.A.S",29,entregado,"2024-03-20 16:51:56","2024-03-29 16:51:56","FAC-004872"
4873,27,"Crema hidratante facial 50ml","Cuidado personal",7,"Bayer S.A Colombia",11,entregado,"2024-12-21 02:31:46","2024-12-28 02:31:46","FAC-004873"
4874,1,"Acetaminofén 500mg x10","Analgésico",4,"Laboratorios Lafrancol S.A.S",83,en proceso,"2023-05-30 12:10:36","2023-06-14 12:10:36",""
4875,6,"Meloxicam 15mg x10","Analgésico",4,"Laboratorios Lafrancol S.A.S",31,entregado,"2023-12-29 11:22:59","2024-01-08 11:22:59","FAC-004875"
4876,30,"Crema dental blanqueadora 75ml","Cuidado personal",7,"Bayer S.A Colombia",25,entregado,"2025-10-08 05:52:34","2025-10-14 05:52:34","FAC-004876"
4877,28,"Jabón antibacterial 250ml","Cuidado personal",7,"Bayer S.A Colombia",50,entregado,"2023-05-27 13:52:53","2023-06-08 13:52:53","FAC-004877"
4878,1,"Acetaminofén 500mg x10","Analgésico",4,"Laboratorios Lafrancol S.A.S",24,aceptado,"2025-04-19 04:46:18","",""
4879,28,"Jabón antibacterial 250ml","Cuidado personal",7,"Bayer S.A Colombia",26,entregado,"2024-02-12 17:58:32","2024-02-21 17:58:32","FAC-004879"
4880,11,"Ciprofloxacino 500mg x10","Antibiótico",5,"Genfar S.A - Grupo Sanofi",94,en proceso,"2025-03-04 04:21:41","2025-03-21 04:21:41",""
4881,6,"Meloxicam 15mg x10","Analgésico",4,"Laboratorios Lafrancol S.A.S",92,entregado,"2024-11-03 11:31:07","2024-11-06 11:31:07","FAC-004881"
4882,13,"Clindamicina 300mg x16","Antibiótico",5,"Genfar S.A - Grupo Sanofi",55,en proceso,"2023-01-29 03:25:06","2023-02-11 03:25:06",""
4883,12,"Metronidazol 500mg x14","Antibiótico",5,"Genfar S.A - Grupo Sanofi",41,entregado,"2024-05-30 06:23:10","2024-06-14 06:23:10","FAC-004883"
4884,8,"Ketorolaco 10mg x10","Analgésico",4,"Laboratorios Lafrancol S.A.S",15,entregado,"2024-05-28 13:46:20","2024-06-09 13:46:20","FAC-004884"
4885,43,"Lubricante Pjur Original 30ml","Lubricantes",9,"Laboratorios Siegfried Colombia S.A",44,entregado,"2025-07-24 18:02:46","2025-08-01 18:02:46","FAC-004885"
4886,15,"Cefalexina 500mg x20","Antibiótico",5,"Genfar S.A - Grupo Sanofi",53,entregado,"2025-02-21 01:42:24","2025-03-03 01:42:24","FAC-004886"
4887,37,"Condón Control Retard x3","Condones",8,"Distribuidora Íntima de Colombia S.A.S",76,entregado,"2023-12-10 04:08:15","2023-12-23 04:08:15","FAC-004887"
4888,20,"Omega 3 1000mg x30","Vitaminas y suplementos",6,"Tecnoquímicas S.A",35,entregado,"2025-10-24 13:13:34","2025-11-02 13:13:34","FAC-004888"
4889,24,"Magnesio 400mg x60","Vitaminas y suplementos",6,"Tecnoquímicas S.A",100,entregado,"2024-07-11 16:36:10","2024-07-26 16:36:10","FAC-004889"
4890,33,"Condón Durex Natural x3","Condones",8,"Distribuidora Íntima de Colombia S.A.S",81,entregado,"2023-08-05 19:42:55","2023-08-10 19:42:55","FAC-004890"
4891,11,"Ciprofloxacino 500mg x10","Antibiótico",5,"Genfar S.A - Grupo Sanofi",92,entregado,"2025-11-02 21:42:00","2025-11-17 21:42:00","FAC-004891"
4892,29,"Hilo dental 50m","Cuidado personal",7,"Bayer S.A Colombia",92,entregado,"2025-02-05 09:05:49","2025-02-18 09:05:49","FAC-004892"
4893,32,"Gel antibacterial 500ml","Cuidado personal",7,"Bayer S.A Colombia",48,aceptado,"2025-01-07 14:24:38","",""
4894,18,"Vitamina D3 2000UI x30","Vitaminas y suplementos",6,"Tecnoquímicas S.A",93,entregado,"2024-02-11 06:08:14","2024-02-22 06:08:14","FAC-004894"
4895,38,"Condón Lifestyles Ultra x12","Condones",8,"Distribuidora Íntima de Colombia S.A.S",97,entregado,"2025-08-07 09:13:28","2025-08-16 09:13:28","FAC-004895"
4896,30,"Crema dental blanqueadora 75ml","Cuidado personal",7,"Bayer S.A Colombia",74,aceptado,"2024-04-08 13:07:22","",""
4897,11,"Ciprofloxacino 500mg x10","Antibiótico",5,"Genfar S.A - Grupo Sanofi",67,entregado,"2023-03-31 12:03:28","2023-04-11 12:03:28","FAC-004897"
4898,33,"Condón Durex Natural x3","Condones",8,"Distribuidora Íntima de Colombia S.A.S",18,en proceso,"2024-02-20 19:40:46","2024-03-08 19:40:46",""
4899,30,"Crema dental blanqueadora 75ml","Cuidado personal",7,"Bayer S.A Colombia",85,en proceso,"2024-11-07 12:21:53","2024-11-19 12:21:53",""
4900,4,"Aspirina 100mg x10","Analgésico",4,"Laboratorios Lafrancol S.A.S",51,entregado,"2025-10-20 07:43:57","2025-11-03 07:43:57","FAC-004900"
4901,13,"Clindamicina 300mg x16","Antibiótico",5,"Genfar S.A - Grupo Sanofi",54,entregado,"2024-06-15 02:39:20","2024-06-22 02:39:20","FAC-004901"
4902,48,"Lubricante Control Aqua 75ml","Lubricantes",9,"Laboratorios Siegfried Colombia S.A",77,entregado,"2023-10-04 21:17:42","2023-10-13 21:17:42","FAC-004902"
4903,19,"Complejo B x30","Vitaminas y suplementos",6,"Tecnoquímicas S.A",38,en proceso,"2023-07-12 17:15:18","2023-07-25 17:15:18",""
4904,41,"Lubricante Durex Play 50ml","Lubricantes",9,"Laboratorios Siegfried Colombia S.A",96,entregado,"2023-08-06 03:16:54","2023-08-15 03:16:54","FAC-004904"
4905,37,"Condón Control Retard x3","Condones",8,"Distribuidora Íntima de Colombia S.A.S",62,entregado,"2024-09-07 15:39:35","2024-09-20 15:39:35","FAC-004905"
4906,14,"Claritromicina 500mg x14","Antibiótico",5,"Genfar S.A - Grupo Sanofi",75,entregado,"2023-10-03 19:07:26","2023-10-11 19:07:26","FAC-004906"
4907,45,"Lubricante Yes OB Natural 80ml","Lubricantes",9,"Laboratorios Siegfried Colombia S.A",68,aceptado,"2023-06-23 05:48:56","",""
4908,36,"Condón Prudence Fresa x3","Condones",8,"Distribuidora Íntima de Colombia S.A.S",92,en proceso,"2025-03-28 00:26:26","2025-04-06 00:26:26",""
4909,12,"Metronidazol 500mg x14","Antibiótico",5,"Genfar S.A - Grupo Sanofi",18,aceptado,"2024-05-09 03:09:47","",""
4910,23,"Hierro + Ácido Fólico x30","Vitaminas y suplementos",6,"Tecnoquímicas S.A",80,en proceso,"2024-02-07 14:14:31","2024-02-21 14:14:31",""
4911,41,"Lubricante Durex Play 50ml","Lubricantes",9,"Laboratorios Siegfried Colombia S.A",48,entregado,"2023-07-30 15:22:15","2023-08-04 15:22:15","FAC-004911"
4912,29,"Hilo dental 50m","Cuidado personal",7,"Bayer S.A Colombia",28,en proceso,"2024-12-23 22:34:56","2025-01-07 22:34:56",""
4913,46,"Lubricante Vive Sensitivo 50ml","Lubricantes",9,"Laboratorios Siegfried Colombia S.A",12,entregado,"2025-05-04 20:01:02","2025-05-12 20:01:02","FAC-004913"
4914,32,"Gel antibacterial 500ml","Cuidado personal",7,"Bayer S.A Colombia",47,en proceso,"2024-01-19 18:10:26","2024-01-26 18:10:26",""
4915,2,"Ibuprofeno 400mg x10","Analgésico",4,"Laboratorios Lafrancol S.A.S",52,entregado,"2023-04-09 04:49:09","2023-04-23 04:49:09","FAC-004915"
4916,42,"Lubricante Íntimo KY 75ml","Lubricantes",9,"Laboratorios Siegfried Colombia S.A",49,entregado,"2023-03-24 20:36:39","2023-04-05 20:36:39","FAC-004916"
4917,13,"Clindamicina 300mg x16","Antibiótico",5,"Genfar S.A - Grupo Sanofi",96,aceptado,"2023-09-08 15:55:50","",""
4918,41,"Lubricante Durex Play 50ml","Lubricantes",9,"Laboratorios Siegfried Colombia S.A",42,entregado,"2023-12-17 05:43:55","2023-12-21 05:43:55","FAC-004918"
4919,41,"Lubricante Durex Play 50ml","Lubricantes",9,"Laboratorios Siegfried Colombia S.A",11,aceptado,"2023-03-12 15:06:53","",""
4920,29,"Hilo dental 50m","Cuidado personal",7,"Bayer S.A Colombia",64,entregado,"2024-05-10 21:41:36","2024-05-20 21:41:36","FAC-004920"
4921,23,"Hierro + Ácido Fólico x30","Vitaminas y suplementos",6,"Tecnoquímicas S.A",42,entregado,"2025-08-04 13:22:56","2025-08-12 13:22:56","FAC-004921"
4922,14,"Claritromicina 500mg x14","Antibiótico",5,"Genfar S.A - Grupo Sanofi",100,aceptado,"2024-05-29 11:13:06","",""
4923,33,"Condón Durex Natural x3","Condones",8,"Distribuidora Íntima de Colombia S.A.S",61,entregado,"2023-11-13 14:12:06","2023-11-17 14:12:06","FAC-004923"
4924,6,"Meloxicam 15mg x10","Analgésico",4,"Laboratorios Lafrancol S.A.S",51,aceptado,"2023-08-12 03:33:46","",""
4925,45,"Lubricante Yes OB Natural 80ml","Lubricantes",9,"Laboratorios Siegfried Colombia S.A",48,en proceso,"2025-06-26 14:22:39","2025-07-02 14:22:39",""
4926,24,"Magnesio 400mg x60","Vitaminas y suplementos",6,"Tecnoquímicas S.A",58,entregado,"2023-02-23 03:18:37","2023-02-26 03:18:37","FAC-004926"
4927,31,"Desodorante roll-on 50ml","Cuidado personal",7,"Bayer S.A Colombia",38,entregado,"2025-04-05 19:25:34","2025-04-11 19:25:34","FAC-004927"
4928,45,"Lubricante Yes OB Natural 80ml","Lubricantes",9,"Laboratorios Siegfried Colombia S.A",12,entregado,"2024-11-02 16:16:26","2024-11-07 16:16:26","FAC-004928"
4929,12,"Metronidazol 500mg x14","Antibiótico",5,"Genfar S.A - Grupo Sanofi",93,en proceso,"2024-09-17 03:27:33","2024-10-05 03:27:33",""
4930,2,"Ibuprofeno 400mg x10","Analgésico",4,"Laboratorios Lafrancol S.A.S",82,entregado,"2024-03-14 21:47:38","2024-03-22 21:47:38","FAC-004930"
4931,42,"Lubricante Íntimo KY 75ml","Lubricantes",9,"Laboratorios Siegfried Colombia S.A",41,entregado,"2023-04-20 12:09:26","2023-05-04 12:09:26","FAC-004931"
4932,13,"Clindamicina 300mg x16","Antibiótico",5,"Genfar S.A - Grupo Sanofi",48,aceptado,"2023-06-24 21:23:16","",""
4933,31,"Desodorante roll-on 50ml","Cuidado personal",7,"Bayer S.A Colombia",83,entregado,"2025-09-18 09:19:57","2025-10-02 09:19:57","FAC-004933"
4934,38,"Condón Lifestyles Ultra x12","Condones",8,"Distribuidora Íntima de Colombia S.A.S",33,aceptado,"2024-07-03 11:58:59","",""
4935,39,"Condón Vive Placer Real x3","Condones",8,"Distribuidora Íntima de Colombia S.A.S",46,entregado,"2025-08-04 00:56:17","2025-08-18 00:56:17","FAC-004935"
4936,4,"Aspirina 100mg x10","Analgésico",4,"Laboratorios Lafrancol S.A.S",44,en proceso,"2024-12-01 14:21:22","2024-12-14 14:21:22",""
4937,7,"Tramadol 50mg x10","Analgésico",4,"Laboratorios Lafrancol S.A.S",76,entregado,"2025-12-28 15:47:18","2026-01-01 15:47:18","FAC-004937"
4938,35,"Condón Condomi Ultra x12","Condones",8,"Distribuidora Íntima de Colombia S.A.S",72,entregado,"2024-06-08 07:44:16","2024-06-23 07:44:16","FAC-004938"
4939,15,"Cefalexina 500mg x20","Antibiótico",5,"Genfar S.A - Grupo Sanofi",79,entregado,"2025-05-24 07:46:52","2025-05-28 07:46:52","FAC-004939"
4940,43,"Lubricante Pjur Original 30ml","Lubricantes",9,"Laboratorios Siegfried Colombia S.A",55,aceptado,"2024-06-19 19:46:04","",""
4941,17,"Vitamina C 1000mg x30","Vitaminas y suplementos",6,"Tecnoquímicas S.A",71,entregado,"2024-02-05 08:45:08","2024-02-16 08:45:08","FAC-004941"
4942,3,"Naproxeno 500mg x10","Analgésico",4,"Laboratorios Lafrancol S.A.S",93,entregado,"2025-07-28 09:25:35","2025-08-03 09:25:35","FAC-004942"
4943,12,"Metronidazol 500mg x14","Antibiótico",5,"Genfar S.A - Grupo Sanofi",89,aceptado,"2023-10-03 22:53:00","",""
4944,36,"Condón Prudence Fresa x3","Condones",8,"Distribuidora Íntima de Colombia S.A.S",42,entregado,"2023-05-01 09:11:58","2023-05-13 09:11:58","FAC-004944"
4945,3,"Naproxeno 500mg x10","Analgésico",4,"Laboratorios Lafrancol S.A.S",28,aceptado,"2023-04-11 14:32:11","",""
4946,13,"Clindamicina 300mg x16","Antibiótico",5,"Genfar S.A - Grupo Sanofi",94,en proceso,"2025-01-09 00:23:15","2025-01-29 00:23:15",""
4947,33,"Condón Durex Natural x3","Condones",8,"Distribuidora Íntima de Colombia S.A.S",92,entregado,"2023-05-18 01:37:41","2023-05-28 01:37:41","FAC-004947"
4948,14,"Claritromicina 500mg x14","Antibiótico",5,"Genfar S.A - Grupo Sanofi",60,aceptado,"2025-01-06 19:33:25","",""
4949,35,"Condón Condomi Ultra x12","Condones",8,"Distribuidora Íntima de Colombia S.A.S",73,entregado,"2023-04-07 18:30:18","2023-04-13 18:30:18","FAC-004949"
4950,10,"Azitromicina 500mg x3","Antibiótico",5,"Genfar S.A - Grupo Sanofi",39,en proceso,"2024-10-14 01:09:58","2024-10-27 01:09:58",""
4951,2,"Ibuprofeno 400mg x10","Analgésico",4,"Laboratorios Lafrancol S.A.S",17,entregado,"2025-05-11 06:59:35","2025-05-24 06:59:35","FAC-004951"
4952,19,"Complejo B x30","Vitaminas y suplementos",6,"Tecnoquímicas S.A",22,entregado,"2023-04-06 02:14:15","2023-04-14 02:14:15","FAC-004952"
4953,27,"Crema hidratante facial 50ml","Cuidado personal",7,"Bayer S.A Colombia",33,entregado,"2025-02-07 23:40:04","2025-02-10 23:40:04","FAC-004953"
4954,12,"Metronidazol 500mg x14","Antibiótico",5,"Genfar S.A - Grupo Sanofi",43,en proceso,"2024-09-03 08:04:26","2024-09-11 08:04:26",""
4955,45,"Lubricante Yes OB Natural 80ml","Lubricantes",9,"Laboratorios Siegfried Colombia S.A",56,entregado,"2025-03-07 17:39:29","2025-03-13 17:39:29","FAC-004955"
4956,3,"Naproxeno 500mg x10","Analgésico",4,"Laboratorios Lafrancol S.A.S",72,entregado,"2024-09-25 12:32:42","2024-09-29 12:32:42","FAC-004956"
4957,25,"Protector solar SPF 50 50ml","Cuidado personal",7,"Bayer S.A Colombia",65,entregado,"2023-04-01 13:11:51","2023-04-08 13:11:51","FAC-004957"
4958,5,"Diclofenaco 50mg x10","Analgésico",4,"Laboratorios Lafrancol S.A.S",55,entregado,"2024-02-20 23:05:15","2024-03-06 23:05:15","FAC-004958"
4959,46,"Lubricante Vive Sensitivo 50ml","Lubricantes",9,"Laboratorios Siegfried Colombia S.A",73,entregado,"2023-07-10 05:53:05","2023-07-21 05:53:05","FAC-004959"
4960,23,"Hierro + Ácido Fólico x30","Vitaminas y suplementos",6,"Tecnoquímicas S.A",23,aceptado,"2025-02-22 00:42:47","",""
4961,25,"Protector solar SPF 50 50ml","Cuidado personal",7,"Bayer S.A Colombia",87,entregado,"2025-09-28 02:40:19","2025-10-06 02:40:19","FAC-004961"
4962,7,"Tramadol 50mg x10","Analgésico",4,"Laboratorios Lafrancol S.A.S",27,en proceso,"2023-07-03 07:23:07","2023-07-09 07:23:07",""
4963,15,"Cefalexina 500mg x20","Antibiótico",5,"Genfar S.A - Grupo Sanofi",83,entregado,"2024-01-26 22:09:59","2024-02-06 22:09:59","FAC-004963"
4964,19,"Complejo B x30","Vitaminas y suplementos",6,"Tecnoquímicas S.A",38,en proceso,"2025-11-23 21:56:02","2025-12-07 21:56:02",""
4965,31,"Desodorante roll-on 50ml","Cuidado personal",7,"Bayer S.A Colombia",80,entregado,"2024-06-03 10:53:08","2024-06-10 10:53:08","FAC-004965"
4966,20,"Omega 3 1000mg x30","Vitaminas y suplementos",6,"Tecnoquímicas S.A",93,en proceso,"2024-06-01 16:47:15","2024-06-08 16:47:15",""
4967,2,"Ibuprofeno 400mg x10","Analgésico",4,"Laboratorios Lafrancol S.A.S",85,aceptado,"2024-03-18 22:01:24","",""
4968,34,"Condón Durex Extra Fino x3","Condones",8,"Distribuidora Íntima de Colombia S.A.S",53,entregado,"2023-04-03 19:12:35","2023-04-14 19:12:35","FAC-004968"
4969,47,"Lubricante Prudence Aqua 60ml","Lubricantes",9,"Laboratorios Siegfried Colombia S.A",41,entregado,"2024-03-28 12:24:11","2024-04-03 12:24:11","FAC-004969"
4970,7,"Tramadol 50mg x10","Analgésico",4,"Laboratorios Lafrancol S.A.S",51,aceptado,"2024-07-10 08:45:17","",""
4971,42,"Lubricante Íntimo KY 75ml","Lubricantes",9,"Laboratorios Siegfried Colombia S.A",43,aceptado,"2025-10-27 12:03:41","",""
4972,29,"Hilo dental 50m","Cuidado personal",7,"Bayer S.A Colombia",14,entregado,"2025-05-19 06:49:16","2025-05-25 06:49:16","FAC-004972"
4973,9,"Amoxicilina 500mg x21","Antibiótico",5,"Genfar S.A - Grupo Sanofi",33,entregado,"2024-07-02 04:24:24","2024-07-07 04:24:24","FAC-004973"
4974,41,"Lubricante Durex Play 50ml","Lubricantes",9,"Laboratorios Siegfried Colombia S.A",50,entregado,"2024-07-06 02:58:56","2024-07-15 02:58:56","FAC-004974"
4975,12,"Metronidazol 500mg x14","Antibiótico",5,"Genfar S.A - Grupo Sanofi",62,entregado,"2023-12-27 00:58:39","2024-01-08 00:58:39","FAC-004975"
4976,27,"Crema hidratante facial 50ml","Cuidado personal",7,"Bayer S.A Colombia",99,en proceso,"2023-01-01 01:54:36","2023-01-18 01:54:36",""
4977,40,"Condón Protex x12","Condones",8,"Distribuidora Íntima de Colombia S.A.S",43,entregado,"2023-02-22 07:37:34","2023-03-05 07:37:34","FAC-004977"
4978,40,"Condón Protex x12","Condones",8,"Distribuidora Íntima de Colombia S.A.S",60,entregado,"2025-03-25 18:54:34","2025-04-06 18:54:34","FAC-004978"
4979,35,"Condón Condomi Ultra x12","Condones",8,"Distribuidora Íntima de Colombia S.A.S",95,aceptado,"2024-07-12 03:11:26","",""
4980,22,"Zinc 50mg x30","Vitaminas y suplementos",6,"Tecnoquímicas S.A",62,entregado,"2023-11-24 12:56:45","2023-12-04 12:56:45","FAC-004980"
4981,29,"Hilo dental 50m","Cuidado personal",7,"Bayer S.A Colombia",37,en proceso,"2023-03-26 10:19:24","2023-04-01 10:19:24",""
4982,38,"Condón Lifestyles Ultra x12","Condones",8,"Distribuidora Íntima de Colombia S.A.S",95,entregado,"2025-08-28 00:31:41","2025-09-10 00:31:41","FAC-004982"
4983,32,"Gel antibacterial 500ml","Cuidado personal",7,"Bayer S.A Colombia",96,entregado,"2025-12-06 19:07:03","2025-12-13 19:07:03","FAC-004983"
4984,48,"Lubricante Control Aqua 75ml","Lubricantes",9,"Laboratorios Siegfried Colombia S.A",34,entregado,"2024-06-20 00:48:13","2024-06-26 00:48:13","FAC-004984"
4985,26,"Shampoo anticaspa 400ml","Cuidado personal",7,"Bayer S.A Colombia",20,entregado,"2025-02-18 09:37:36","2025-02-28 09:37:36","FAC-004985"
4986,19,"Complejo B x30","Vitaminas y suplementos",6,"Tecnoquímicas S.A",20,entregado,"2025-03-27 06:10:26","2025-04-02 06:10:26","FAC-004986"
4987,5,"Diclofenaco 50mg x10","Analgésico",4,"Laboratorios Lafrancol S.A.S",81,entregado,"2025-02-03 20:20:25","2025-02-06 20:20:25","FAC-004987"
4988,34,"Condón Durex Extra Fino x3","Condones",8,"Distribuidora Íntima de Colombia S.A.S",63,entregado,"2025-07-22 12:16:51","2025-08-05 12:16:51","FAC-004988"
4989,28,"Jabón antibacterial 250ml","Cuidado personal",7,"Bayer S.A Colombia",66,aceptado,"2023-03-09 06:51:16","",""
4990,13,"Clindamicina 300mg x16","Antibiótico",5,"Genfar S.A - Grupo Sanofi",41,entregado,"2023-10-08 19:14:47","2023-10-18 19:14:47","FAC-004990"
4991,26,"Shampoo anticaspa 400ml","Cuidado personal",7,"Bayer S.A Colombia",41,entregado,"2025-06-10 01:08:02","2025-06-17 01:08:02","FAC-004991"
4992,2,"Ibuprofeno 400mg x10","Analgésico",4,"Laboratorios Lafrancol S.A.S",21,entregado,"2024-09-22 12:15:42","2024-10-04 12:15:42","FAC-004992"
4993,8,"Ketorolaco 10mg x10","Analgésico",4,"Laboratorios Lafrancol S.A.S",44,entregado,"2024-01-09 02:14:49","2024-01-12 02:14:49","FAC-004993"
4994,22,"Zinc 50mg x30","Vitaminas y suplementos",6,"Tecnoquímicas S.A",76,en proceso,"2024-03-22 13:37:00","2024-03-30 13:37:00",""
4995,13,"Clindamicina 300mg x16","Antibiótico",5,"Genfar S.A - Grupo Sanofi",76,entregado,"2025-11-20 14:59:46","2025-11-23 14:59:46","FAC-004995"
4996,4,"Aspirina 100mg x10","Analgésico",4,"Laboratorios Lafrancol S.A.S",82,entregado,"2023-06-16 12:04:38","2023-06-29 12:04:38","FAC-004996"
4997,40,"Condón Protex x12","Condones",8,"Distribuidora Íntima de Colombia S.A.S",45,en proceso,"2023-09-04 13:30:52","2023-09-15 13:30:52",""
4998,13,"Clindamicina 300mg x16","Antibiótico",5,"Genfar S.A - Grupo Sanofi",43,entregado,"2024-11-05 13:41:18","2024-11-10 13:41:18","FAC-004998"
4999,22,"Zinc 50mg x30","Vitaminas y suplementos",6,"Tecnoquímicas S.A",36,entregado,"2023-04-13 03:47:30","2023-04-26 03:47:30","FAC-004999"
5000,9,"Amoxicilina 500mg x21","Antibiótico",5,"Genfar S.A - Grupo Sanofi",81,aceptado,"2023-02-09 05:03:07","",""
5001,39,"Condón Vive Placer Real x3","Condones",8,"Distribuidora Íntima de Colombia S.A.S",66,entregado,"2023-11-26 14:55:22","2023-11-30 14:55:22","FAC-005001"
5002,14,"Claritromicina 500mg x14","Antibiótico",5,"Genfar S.A - Grupo Sanofi",75,entregado,"2024-07-01 21:32:36","2024-07-12 21:32:36","FAC-005002"
5003,46,"Lubricante Vive Sensitivo 50ml","Lubricantes",9,"Laboratorios Siegfried Colombia S.A",93,entregado,"2023-02-28 00:02:53","2023-03-05 00:02:53","FAC-005003"
5004,32,"Gel antibacterial 500ml","Cuidado personal",7,"Bayer S.A Colombia",49,aceptado,"2024-12-14 16:25:07","",""
5005,38,"Condón Lifestyles Ultra x12","Condones",8,"Distribuidora Íntima de Colombia S.A.S",71,entregado,"2024-12-06 10:59:49","2024-12-19 10:59:49","FAC-005005"
5006,34,"Condón Durex Extra Fino x3","Condones",8,"Distribuidora Íntima de Colombia S.A.S",11,entregado,"2023-01-29 00:56:18","2023-02-13 00:56:18","FAC-005006"
5007,8,"Ketorolaco 10mg x10","Analgésico",4,"Laboratorios Lafrancol S.A.S",55,entregado,"2025-08-14 10:20:48","2025-08-21 10:20:48","FAC-005007"
5008,12,"Metronidazol 500mg x14","Antibiótico",5,"Genfar S.A - Grupo Sanofi",30,en proceso,"2023-01-22 10:39:05","2023-02-04 10:39:05",""
5009,31,"Desodorante roll-on 50ml","Cuidado personal",7,"Bayer S.A Colombia",70,entregado,"2024-05-31 16:34:00","2024-06-14 16:34:00","FAC-005009"
5010,1,"Acetaminofén 500mg x10","Analgésico",4,"Laboratorios Lafrancol S.A.S",48,en proceso,"2024-03-23 06:02:30","2024-04-07 06:02:30",""
5011,45,"Lubricante Yes OB Natural 80ml","Lubricantes",9,"Laboratorios Siegfried Colombia S.A",68,entregado,"2024-03-11 21:30:27","2024-03-18 21:30:27","FAC-005011"
5012,15,"Cefalexina 500mg x20","Antibiótico",5,"Genfar S.A - Grupo Sanofi",56,entregado,"2025-10-22 17:09:44","2025-11-02 17:09:44","FAC-005012"
5013,33,"Condón Durex Natural x3","Condones",8,"Distribuidora Íntima de Colombia S.A.S",44,entregado,"2025-07-14 22:41:50","2025-07-27 22:41:50","FAC-005013"
5014,5,"Diclofenaco 50mg x10","Analgésico",4,"Laboratorios Lafrancol S.A.S",43,en proceso,"2023-06-26 20:52:16","2023-07-06 20:52:16",""
5015,40,"Condón Protex x12","Condones",8,"Distribuidora Íntima de Colombia S.A.S",16,entregado,"2024-09-02 23:13:34","2024-09-09 23:13:34","FAC-005015"
5016,35,"Condón Condomi Ultra x12","Condones",8,"Distribuidora Íntima de Colombia S.A.S",67,entregado,"2024-07-04 21:16:26","2024-07-19 21:16:26","FAC-005016"
5017,43,"Lubricante Pjur Original 30ml","Lubricantes",9,"Laboratorios Siegfried Colombia S.A",83,entregado,"2025-08-31 21:22:03","2025-09-12 21:22:03","FAC-005017"
5018,48,"Lubricante Control Aqua 75ml","Lubricantes",9,"Laboratorios Siegfried Colombia S.A",16,entregado,"2024-12-21 01:14:57","2024-12-24 01:14:57","FAC-005018"
5019,30,"Crema dental blanqueadora 75ml","Cuidado personal",7,"Bayer S.A Colombia",28,entregado,"2024-11-26 06:17:07","2024-12-04 06:17:07","FAC-005019"
5020,18,"Vitamina D3 2000UI x30","Vitaminas y suplementos",6,"Tecnoquímicas S.A",72,entregado,"2024-04-06 08:05:20","2024-04-16 08:05:20","FAC-005020"
5021,1,"Acetaminofén 500mg x10","Analgésico",4,"Laboratorios Lafrancol S.A.S",84,entregado,"2024-09-18 16:08:50","2024-10-03 16:08:50","FAC-005021"
5022,13,"Clindamicina 300mg x16","Antibiótico",5,"Genfar S.A - Grupo Sanofi",89,entregado,"2023-05-04 04:43:26","2023-05-14 04:43:26","FAC-005022"
5023,26,"Shampoo anticaspa 400ml","Cuidado personal",7,"Bayer S.A Colombia",68,entregado,"2025-02-22 19:11:02","2025-03-06 19:11:02","FAC-005023"
5024,4,"Aspirina 100mg x10","Analgésico",4,"Laboratorios Lafrancol S.A.S",73,entregado,"2023-10-06 06:26:35","2023-10-13 06:26:35","FAC-005024"
5025,9,"Amoxicilina 500mg x21","Antibiótico",5,"Genfar S.A - Grupo Sanofi",69,entregado,"2024-01-24 06:34:00","2024-01-31 06:34:00","FAC-005025"
5026,21,"Calcio + Vitamina D x60","Vitaminas y suplementos",6,"Tecnoquímicas S.A",30,entregado,"2023-01-24 03:05:03","2023-02-07 03:05:03","FAC-005026"
5027,44,"Lubricante Nuei Delay 100ml","Lubricantes",9,"Laboratorios Siegfried Colombia S.A",39,entregado,"2025-06-22 23:40:50","2025-07-04 23:40:50","FAC-005027"
5028,23,"Hierro + Ácido Fólico x30","Vitaminas y suplementos",6,"Tecnoquímicas S.A",15,entregado,"2024-10-17 15:25:13","2024-10-23 15:25:13","FAC-005028"
5029,22,"Zinc 50mg x30","Vitaminas y suplementos",6,"Tecnoquímicas S.A",36,en proceso,"2025-02-25 07:20:15","2025-03-15 07:20:15",""
5030,9,"Amoxicilina 500mg x21","Antibiótico",5,"Genfar S.A - Grupo Sanofi",42,entregado,"2023-12-11 04:54:14","2023-12-18 04:54:14","FAC-005030"
5031,20,"Omega 3 1000mg x30","Vitaminas y suplementos",6,"Tecnoquímicas S.A",32,en proceso,"2023-02-28 05:56:58","2023-03-14 05:56:58",""
5032,26,"Shampoo anticaspa 400ml","Cuidado personal",7,"Bayer S.A Colombia",94,aceptado,"2023-12-23 12:27:18","",""
5033,21,"Calcio + Vitamina D x60","Vitaminas y suplementos",6,"Tecnoquímicas S.A",18,en proceso,"2023-11-03 09:21:24","2023-11-13 09:21:24",""
5034,43,"Lubricante Pjur Original 30ml","Lubricantes",9,"Laboratorios Siegfried Colombia S.A",80,aceptado,"2024-03-20 18:11:24","",""
5035,37,"Condón Control Retard x3","Condones",8,"Distribuidora Íntima de Colombia S.A.S",71,aceptado,"2024-12-13 00:22:22","",""
5036,30,"Crema dental blanqueadora 75ml","Cuidado personal",7,"Bayer S.A Colombia",84,entregado,"2024-12-17 09:03:37","2024-12-21 09:03:37","FAC-005036"
5037,43,"Lubricante Pjur Original 30ml","Lubricantes",9,"Laboratorios Siegfried Colombia S.A",63,entregado,"2023-06-12 08:18:03","2023-06-24 08:18:03","FAC-005037"
5038,17,"Vitamina C 1000mg x30","Vitaminas y suplementos",6,"Tecnoquímicas S.A",77,entregado,"2023-04-18 17:48:06","2023-04-26 17:48:06","FAC-005038"
5039,29,"Hilo dental 50m","Cuidado personal",7,"Bayer S.A Colombia",96,entregado,"2025-08-13 00:47:22","2025-08-22 00:47:22","FAC-005039"
5040,34,"Condón Durex Extra Fino x3","Condones",8,"Distribuidora Íntima de Colombia S.A.S",75,entregado,"2024-11-13 22:00:33","2024-11-20 22:00:33","FAC-005040"
5041,23,"Hierro + Ácido Fólico x30","Vitaminas y suplementos",6,"Tecnoquímicas S.A",81,en proceso,"2024-05-19 12:18:24","2024-06-03 12:18:24",""
5042,38,"Condón Lifestyles Ultra x12","Condones",8,"Distribuidora Íntima de Colombia S.A.S",95,entregado,"2023-09-23 13:15:33","2023-10-05 13:15:33","FAC-005042"
5043,10,"Azitromicina 500mg x3","Antibiótico",5,"Genfar S.A - Grupo Sanofi",61,en proceso,"2024-02-28 18:33:25","2024-03-09 18:33:25",""
5044,10,"Azitromicina 500mg x3","Antibiótico",5,"Genfar S.A - Grupo Sanofi",79,entregado,"2025-06-18 16:30:20","2025-06-21 16:30:20","FAC-005044"
5045,37,"Condón Control Retard x3","Condones",8,"Distribuidora Íntima de Colombia S.A.S",11,entregado,"2023-02-09 21:24:36","2023-02-15 21:24:36","FAC-005045"
5046,8,"Ketorolaco 10mg x10","Analgésico",4,"Laboratorios Lafrancol S.A.S",15,entregado,"2024-10-18 15:26:54","2024-10-27 15:26:54","FAC-005046"
5047,48,"Lubricante Control Aqua 75ml","Lubricantes",9,"Laboratorios Siegfried Colombia S.A",13,en proceso,"2024-07-08 22:13:36","2024-07-21 22:13:36",""
5048,6,"Meloxicam 15mg x10","Analgésico",4,"Laboratorios Lafrancol S.A.S",34,aceptado,"2025-08-23 14:19:43","",""
5049,34,"Condón Durex Extra Fino x3","Condones",8,"Distribuidora Íntima de Colombia S.A.S",87,en proceso,"2024-01-02 21:50:12","2024-01-14 21:50:12",""
5050,18,"Vitamina D3 2000UI x30","Vitaminas y suplementos",6,"Tecnoquímicas S.A",92,entregado,"2025-06-04 00:53:03","2025-06-14 00:53:03","FAC-005050"
5051,4,"Aspirina 100mg x10","Analgésico",4,"Laboratorios Lafrancol S.A.S",89,en proceso,"2025-10-14 06:14:33","2025-11-02 06:14:33",""
5052,9,"Amoxicilina 500mg x21","Antibiótico",5,"Genfar S.A - Grupo Sanofi",67,entregado,"2025-11-12 06:57:24","2025-11-17 06:57:24","FAC-005052"
5053,2,"Ibuprofeno 400mg x10","Analgésico",4,"Laboratorios Lafrancol S.A.S",45,entregado,"2025-04-13 11:29:54","2025-04-28 11:29:54","FAC-005053"
5054,40,"Condón Protex x12","Condones",8,"Distribuidora Íntima de Colombia S.A.S",49,aceptado,"2023-12-12 07:42:52","",""
5055,35,"Condón Condomi Ultra x12","Condones",8,"Distribuidora Íntima de Colombia S.A.S",85,aceptado,"2023-09-28 01:11:11","",""
5056,36,"Condón Prudence Fresa x3","Condones",8,"Distribuidora Íntima de Colombia S.A.S",43,entregado,"2024-10-08 20:57:48","2024-10-22 20:57:48","FAC-005056"
5057,41,"Lubricante Durex Play 50ml","Lubricantes",9,"Laboratorios Siegfried Colombia S.A",68,entregado,"2023-05-21 12:49:26","2023-05-29 12:49:26","FAC-005057"
5058,14,"Claritromicina 500mg x14","Antibiótico",5,"Genfar S.A - Grupo Sanofi",100,entregado,"2025-11-07 20:25:35","2025-11-21 20:25:35","FAC-005058"
5059,27,"Crema hidratante facial 50ml","Cuidado personal",7,"Bayer S.A Colombia",78,en proceso,"2025-06-16 04:03:51","2025-07-02 04:03:51",""
5060,44,"Lubricante Nuei Delay 100ml","Lubricantes",9,"Laboratorios Siegfried Colombia S.A",39,en proceso,"2024-07-01 20:05:56","2024-07-08 20:05:56",""
5061,35,"Condón Condomi Ultra x12","Condones",8,"Distribuidora Íntima de Colombia S.A.S",36,entregado,"2024-08-30 14:49:31","2024-09-05 14:49:31","FAC-005061"
5062,31,"Desodorante roll-on 50ml","Cuidado personal",7,"Bayer S.A Colombia",55,entregado,"2023-09-27 21:26:07","2023-10-07 21:26:07","FAC-005062"
5063,36,"Condón Prudence Fresa x3","Condones",8,"Distribuidora Íntima de Colombia S.A.S",46,en proceso,"2023-04-17 19:37:34","2023-05-02 19:37:34",""
5064,23,"Hierro + Ácido Fólico x30","Vitaminas y suplementos",6,"Tecnoquímicas S.A",17,en proceso,"2025-01-17 13:47:02","2025-01-25 13:47:02",""
5065,35,"Condón Condomi Ultra x12","Condones",8,"Distribuidora Íntima de Colombia S.A.S",22,en proceso,"2025-12-14 16:52:36","2025-12-27 16:52:36",""
5066,42,"Lubricante Íntimo KY 75ml","Lubricantes",9,"Laboratorios Siegfried Colombia S.A",47,entregado,"2024-09-06 04:26:25","2024-09-18 04:26:25","FAC-005066"
5067,9,"Amoxicilina 500mg x21","Antibiótico",5,"Genfar S.A - Grupo Sanofi",66,entregado,"2023-12-20 02:04:24","2023-12-25 02:04:24","FAC-005067"
5068,14,"Claritromicina 500mg x14","Antibiótico",5,"Genfar S.A - Grupo Sanofi",16,en proceso,"2025-09-22 11:12:42","2025-10-06 11:12:42",""
5069,10,"Azitromicina 500mg x3","Antibiótico",5,"Genfar S.A - Grupo Sanofi",19,entregado,"2024-01-28 10:47:39","2024-02-05 10:47:39","FAC-005069"
5070,7,"Tramadol 50mg x10","Analgésico",4,"Laboratorios Lafrancol S.A.S",34,entregado,"2025-04-03 16:00:31","2025-04-10 16:00:31","FAC-005070"
5071,23,"Hierro + Ácido Fólico x30","Vitaminas y suplementos",6,"Tecnoquímicas S.A",35,en proceso,"2024-02-25 21:05:11","2024-03-06 21:05:11",""
5072,16,"Doxiciclina 100mg x10","Antibiótico",5,"Genfar S.A - Grupo Sanofi",14,aceptado,"2023-02-01 01:07:03","",""
5073,25,"Protector solar SPF 50 50ml","Cuidado personal",7,"Bayer S.A Colombia",67,en proceso,"2025-10-17 11:26:11","2025-11-02 11:26:11",""
5074,46,"Lubricante Vive Sensitivo 50ml","Lubricantes",9,"Laboratorios Siegfried Colombia S.A",28,entregado,"2024-09-16 22:48:09","2024-10-01 22:48:09","FAC-005074"
5075,23,"Hierro + Ácido Fólico x30","Vitaminas y suplementos",6,"Tecnoquímicas S.A",79,aceptado,"2023-12-11 00:52:25","",""
5076,29,"Hilo dental 50m","Cuidado personal",7,"Bayer S.A Colombia",72,entregado,"2023-03-02 07:45:09","2023-03-11 07:45:09","FAC-005076"
5077,5,"Diclofenaco 50mg x10","Analgésico",4,"Laboratorios Lafrancol S.A.S",50,entregado,"2023-07-11 20:57:01","2023-07-14 20:57:01","FAC-005077"
5078,22,"Zinc 50mg x30","Vitaminas y suplementos",6,"Tecnoquímicas S.A",79,en proceso,"2023-09-23 02:58:03","2023-10-11 02:58:03",""
5079,33,"Condón Durex Natural x3","Condones",8,"Distribuidora Íntima de Colombia S.A.S",70,entregado,"2025-09-26 21:40:08","2025-10-10 21:40:08","FAC-005079"
5080,26,"Shampoo anticaspa 400ml","Cuidado personal",7,"Bayer S.A Colombia",24,entregado,"2023-09-11 00:29:25","2023-09-22 00:29:25","FAC-005080"
5081,7,"Tramadol 50mg x10","Analgésico",4,"Laboratorios Lafrancol S.A.S",68,entregado,"2025-09-24 21:41:35","2025-10-02 21:41:35","FAC-005081"
5082,36,"Condón Prudence Fresa x3","Condones",8,"Distribuidora Íntima de Colombia S.A.S",73,en proceso,"2023-07-24 00:27:44","2023-08-12 00:27:44",""
5083,34,"Condón Durex Extra Fino x3","Condones",8,"Distribuidora Íntima de Colombia S.A.S",70,en proceso,"2025-08-14 09:20:15","2025-09-03 09:20:15",""
5084,28,"Jabón antibacterial 250ml","Cuidado personal",7,"Bayer S.A Colombia",99,en proceso,"2024-02-15 04:07:21","2024-02-22 04:07:21",""
5085,32,"Gel antibacterial 500ml","Cuidado personal",7,"Bayer S.A Colombia",50,aceptado,"2023-08-06 22:37:49","",""
5086,33,"Condón Durex Natural x3","Condones",8,"Distribuidora Íntima de Colombia S.A.S",73,entregado,"2024-06-17 15:27:12","2024-06-23 15:27:12","FAC-005086"
5087,42,"Lubricante Íntimo KY 75ml","Lubricantes",9,"Laboratorios Siegfried Colombia S.A",57,entregado,"2025-10-14 20:52:53","2025-10-21 20:52:53","FAC-005087"
5088,37,"Condón Control Retard x3","Condones",8,"Distribuidora Íntima de Colombia S.A.S",88,entregado,"2023-11-03 22:42:41","2023-11-14 22:42:41","FAC-005088"
5089,31,"Desodorante roll-on 50ml","Cuidado personal",7,"Bayer S.A Colombia",63,entregado,"2025-11-25 10:15:33","2025-12-08 10:15:33","FAC-005089"
5090,48,"Lubricante Control Aqua 75ml","Lubricantes",9,"Laboratorios Siegfried Colombia S.A",75,entregado,"2024-02-12 19:48:26","2024-02-15 19:48:26","FAC-005090"
5091,28,"Jabón antibacterial 250ml","Cuidado personal",7,"Bayer S.A Colombia",30,entregado,"2024-04-28 18:41:03","2024-05-08 18:41:03","FAC-005091"
5092,47,"Lubricante Prudence Aqua 60ml","Lubricantes",9,"Laboratorios Siegfried Colombia S.A",79,entregado,"2025-05-04 08:13:08","2025-05-12 08:13:08","FAC-005092"
5093,38,"Condón Lifestyles Ultra x12","Condones",8,"Distribuidora Íntima de Colombia S.A.S",31,aceptado,"2024-06-12 14:05:16","",""
5094,41,"Lubricante Durex Play 50ml","Lubricantes",9,"Laboratorios Siegfried Colombia S.A",43,en proceso,"2025-03-22 15:27:57","2025-03-28 15:27:57",""
5095,13,"Clindamicina 300mg x16","Antibiótico",5,"Genfar S.A - Grupo Sanofi",33,en proceso,"2024-03-14 00:37:49","2024-04-03 00:37:49",""
5096,32,"Gel antibacterial 500ml","Cuidado personal",7,"Bayer S.A Colombia",76,entregado,"2023-01-04 20:01:38","2023-01-19 20:01:38","FAC-005096"
5097,32,"Gel antibacterial 500ml","Cuidado personal",7,"Bayer S.A Colombia",29,aceptado,"2024-09-05 18:50:26","",""
5098,45,"Lubricante Yes OB Natural 80ml","Lubricantes",9,"Laboratorios Siegfried Colombia S.A",12,entregado,"2023-05-16 17:12:21","2023-05-30 17:12:21","FAC-005098"
5099,15,"Cefalexina 500mg x20","Antibiótico",5,"Genfar S.A - Grupo Sanofi",59,en proceso,"2024-01-04 12:16:07","2024-01-22 12:16:07",""
5100,28,"Jabón antibacterial 250ml","Cuidado personal",7,"Bayer S.A Colombia",60,entregado,"2025-04-29 09:08:49","2025-05-12 09:08:49","FAC-005100"
5101,21,"Calcio + Vitamina D x60","Vitaminas y suplementos",6,"Tecnoquímicas S.A",89,en proceso,"2023-11-17 02:22:41","2023-11-29 02:22:41",""
5102,1,"Acetaminofén 500mg x10","Analgésico",4,"Laboratorios Lafrancol S.A.S",57,entregado,"2025-03-17 01:12:04","2025-03-23 01:12:04","FAC-005102"
5103,27,"Crema hidratante facial 50ml","Cuidado personal",7,"Bayer S.A Colombia",26,entregado,"2023-03-19 05:20:10","2023-03-31 05:20:10","FAC-005103"
5104,17,"Vitamina C 1000mg x30","Vitaminas y suplementos",6,"Tecnoquímicas S.A",91,entregado,"2023-06-06 13:44:50","2023-06-18 13:44:50","FAC-005104"
5105,6,"Meloxicam 15mg x10","Analgésico",4,"Laboratorios Lafrancol S.A.S",78,entregado,"2024-02-01 22:11:28","2024-02-09 22:11:28","FAC-005105"
5106,38,"Condón Lifestyles Ultra x12","Condones",8,"Distribuidora Íntima de Colombia S.A.S",80,en proceso,"2023-06-10 09:59:25","2023-06-15 09:59:25",""
5107,29,"Hilo dental 50m","Cuidado personal",7,"Bayer S.A Colombia",25,en proceso,"2023-02-12 23:23:55","2023-03-03 23:23:55",""
5108,16,"Doxiciclina 100mg x10","Antibiótico",5,"Genfar S.A - Grupo Sanofi",42,en proceso,"2023-04-24 04:28:00","2023-05-07 04:28:00",""
5109,14,"Claritromicina 500mg x14","Antibiótico",5,"Genfar S.A - Grupo Sanofi",18,entregado,"2023-01-28 00:41:01","2023-02-11 00:41:01","FAC-005109"
5110,37,"Condón Control Retard x3","Condones",8,"Distribuidora Íntima de Colombia S.A.S",21,aceptado,"2024-08-21 23:40:00","",""
5111,35,"Condón Condomi Ultra x12","Condones",8,"Distribuidora Íntima de Colombia S.A.S",32,entregado,"2023-11-07 12:17:40","2023-11-15 12:17:40","FAC-005111"
5112,24,"Magnesio 400mg x60","Vitaminas y suplementos",6,"Tecnoquímicas S.A",93,entregado,"2025-07-24 08:19:58","2025-07-27 08:19:58","FAC-005112"
5113,20,"Omega 3 1000mg x30","Vitaminas y suplementos",6,"Tecnoquímicas S.A",97,entregado,"2023-12-26 15:50:40","2023-12-29 15:50:40","FAC-005113"
5114,46,"Lubricante Vive Sensitivo 50ml","Lubricantes",9,"Laboratorios Siegfried Colombia S.A",55,aceptado,"2024-03-07 16:04:18","",""
5115,48,"Lubricante Control Aqua 75ml","Lubricantes",9,"Laboratorios Siegfried Colombia S.A",66,entregado,"2023-03-30 12:59:36","2023-04-14 12:59:36","FAC-005115"
5116,5,"Diclofenaco 50mg x10","Analgésico",4,"Laboratorios Lafrancol S.A.S",30,entregado,"2023-07-20 10:09:35","2023-08-02 10:09:35","FAC-005116"
5117,28,"Jabón antibacterial 250ml","Cuidado personal",7,"Bayer S.A Colombia",20,en proceso,"2025-03-24 05:09:37","2025-04-13 05:09:37",""
5118,41,"Lubricante Durex Play 50ml","Lubricantes",9,"Laboratorios Siegfried Colombia S.A",29,en proceso,"2025-03-06 22:04:26","2025-03-11 22:04:26",""
5119,31,"Desodorante roll-on 50ml","Cuidado personal",7,"Bayer S.A Colombia",64,entregado,"2023-06-04 03:43:22","2023-06-07 03:43:22","FAC-005119"
5120,32,"Gel antibacterial 500ml","Cuidado personal",7,"Bayer S.A Colombia",55,en proceso,"2025-05-09 08:00:02","2025-05-16 08:00:02",""
5121,1,"Acetaminofén 500mg x10","Analgésico",4,"Laboratorios Lafrancol S.A.S",59,entregado,"2024-11-10 07:57:27","2024-11-23 07:57:27","FAC-005121"
5122,6,"Meloxicam 15mg x10","Analgésico",4,"Laboratorios Lafrancol S.A.S",19,entregado,"2023-10-10 21:38:38","2023-10-13 21:38:38","FAC-005122"
5123,9,"Amoxicilina 500mg x21","Antibiótico",5,"Genfar S.A - Grupo Sanofi",39,entregado,"2024-10-24 23:42:02","2024-11-06 23:42:02","FAC-005123"
5124,47,"Lubricante Prudence Aqua 60ml","Lubricantes",9,"Laboratorios Siegfried Colombia S.A",83,en proceso,"2023-08-22 21:23:46","2023-09-11 21:23:46",""
5125,18,"Vitamina D3 2000UI x30","Vitaminas y suplementos",6,"Tecnoquímicas S.A",74,en proceso,"2023-07-07 18:51:03","2023-07-16 18:51:03",""
5126,47,"Lubricante Prudence Aqua 60ml","Lubricantes",9,"Laboratorios Siegfried Colombia S.A",79,entregado,"2024-01-11 13:27:58","2024-01-24 13:27:58","FAC-005126"
5127,24,"Magnesio 400mg x60","Vitaminas y suplementos",6,"Tecnoquímicas S.A",40,entregado,"2025-03-24 22:41:56","2025-04-06 22:41:56","FAC-005127"
5128,34,"Condón Durex Extra Fino x3","Condones",8,"Distribuidora Íntima de Colombia S.A.S",86,aceptado,"2023-11-06 09:32:18","",""
5129,22,"Zinc 50mg x30","Vitaminas y suplementos",6,"Tecnoquímicas S.A",55,en proceso,"2025-04-24 08:29:02","2025-05-10 08:29:02",""
5130,31,"Desodorante roll-on 50ml","Cuidado personal",7,"Bayer S.A Colombia",93,entregado,"2025-01-01 00:47:48","2025-01-11 00:47:48","FAC-005130"
5131,41,"Lubricante Durex Play 50ml","Lubricantes",9,"Laboratorios Siegfried Colombia S.A",91,en proceso,"2023-06-26 10:49:00","2023-07-11 10:49:00",""
5132,7,"Tramadol 50mg x10","Analgésico",4,"Laboratorios Lafrancol S.A.S",80,en proceso,"2024-07-17 18:47:36","2024-07-30 18:47:36",""
5133,5,"Diclofenaco 50mg x10","Analgésico",4,"Laboratorios Lafrancol S.A.S",92,entregado,"2025-10-08 08:23:43","2025-10-20 08:23:43","FAC-005133"
5134,4,"Aspirina 100mg x10","Analgésico",4,"Laboratorios Lafrancol S.A.S",66,entregado,"2024-06-24 06:51:51","2024-07-05 06:51:51","FAC-005134"
5135,29,"Hilo dental 50m","Cuidado personal",7,"Bayer S.A Colombia",97,entregado,"2024-10-22 05:44:02","2024-10-28 05:44:02","FAC-005135"
5136,26,"Shampoo anticaspa 400ml","Cuidado personal",7,"Bayer S.A Colombia",36,entregado,"2025-01-21 21:44:18","2025-02-04 21:44:18","FAC-005136"
5137,44,"Lubricante Nuei Delay 100ml","Lubricantes",9,"Laboratorios Siegfried Colombia S.A",39,en proceso,"2024-05-18 01:37:31","2024-05-31 01:37:31",""
5138,6,"Meloxicam 15mg x10","Analgésico",4,"Laboratorios Lafrancol S.A.S",79,en proceso,"2025-04-14 21:35:39","2025-04-26 21:35:39",""
5139,9,"Amoxicilina 500mg x21","Antibiótico",5,"Genfar S.A - Grupo Sanofi",45,entregado,"2024-05-14 00:53:04","2024-05-19 00:53:04","FAC-005139"
5140,39,"Condón Vive Placer Real x3","Condones",8,"Distribuidora Íntima de Colombia S.A.S",90,entregado,"2023-02-04 23:12:18","2023-02-17 23:12:18","FAC-005140"
5141,34,"Condón Durex Extra Fino x3","Condones",8,"Distribuidora Íntima de Colombia S.A.S",75,entregado,"2025-06-10 05:46:04","2025-06-17 05:46:04","FAC-005141"
5142,33,"Condón Durex Natural x3","Condones",8,"Distribuidora Íntima de Colombia S.A.S",75,aceptado,"2025-01-06 03:13:45","",""
5143,20,"Omega 3 1000mg x30","Vitaminas y suplementos",6,"Tecnoquímicas S.A",82,entregado,"2025-06-25 09:03:25","2025-07-06 09:03:25","FAC-005143"
5144,4,"Aspirina 100mg x10","Analgésico",4,"Laboratorios Lafrancol S.A.S",61,entregado,"2023-06-27 00:32:52","2023-07-10 00:32:52","FAC-005144"
5145,31,"Desodorante roll-on 50ml","Cuidado personal",7,"Bayer S.A Colombia",21,en proceso,"2025-01-26 13:35:41","2025-02-07 13:35:41",""
5146,3,"Naproxeno 500mg x10","Analgésico",4,"Laboratorios Lafrancol S.A.S",80,en proceso,"2025-04-30 16:09:11","2025-05-06 16:09:11",""
5147,27,"Crema hidratante facial 50ml","Cuidado personal",7,"Bayer S.A Colombia",87,entregado,"2024-09-12 08:55:14","2024-09-21 08:55:14","FAC-005147"
5148,7,"Tramadol 50mg x10","Analgésico",4,"Laboratorios Lafrancol S.A.S",70,entregado,"2023-12-28 03:39:39","2024-01-09 03:39:39","FAC-005148"
5149,26,"Shampoo anticaspa 400ml","Cuidado personal",7,"Bayer S.A Colombia",31,entregado,"2023-09-25 16:38:15","2023-10-03 16:38:15","FAC-005149"
5150,29,"Hilo dental 50m","Cuidado personal",7,"Bayer S.A Colombia",32,entregado,"2023-01-15 12:21:59","2023-01-29 12:21:59","FAC-005150"
5151,41,"Lubricante Durex Play 50ml","Lubricantes",9,"Laboratorios Siegfried Colombia S.A",67,en proceso,"2025-08-17 12:25:07","2025-09-06 12:25:07",""
5152,12,"Metronidazol 500mg x14","Antibiótico",5,"Genfar S.A - Grupo Sanofi",93,entregado,"2024-02-01 05:12:50","2024-02-13 05:12:50","FAC-005152"
5153,10,"Azitromicina 500mg x3","Antibiótico",5,"Genfar S.A - Grupo Sanofi",54,en proceso,"2024-03-14 01:09:10","2024-03-25 01:09:10",""
5154,4,"Aspirina 100mg x10","Analgésico",4,"Laboratorios Lafrancol S.A.S",95,entregado,"2025-04-16 21:23:43","2025-04-29 21:23:43","FAC-005154"
5155,11,"Ciprofloxacino 500mg x10","Antibiótico",5,"Genfar S.A - Grupo Sanofi",73,entregado,"2025-04-26 02:43:29","2025-05-09 02:43:29","FAC-005155"
5156,27,"Crema hidratante facial 50ml","Cuidado personal",7,"Bayer S.A Colombia",43,entregado,"2023-03-04 07:00:13","2023-03-13 07:00:13","FAC-005156"
5157,26,"Shampoo anticaspa 400ml","Cuidado personal",7,"Bayer S.A Colombia",59,en proceso,"2024-02-24 10:36:31","2024-03-01 10:36:31",""
5158,30,"Crema dental blanqueadora 75ml","Cuidado personal",7,"Bayer S.A Colombia",40,entregado,"2024-08-09 21:09:39","2024-08-17 21:09:39","FAC-005158"
5159,6,"Meloxicam 15mg x10","Analgésico",4,"Laboratorios Lafrancol S.A.S",44,entregado,"2023-07-31 04:32:26","2023-08-04 04:32:26","FAC-005159"
5160,45,"Lubricante Yes OB Natural 80ml","Lubricantes",9,"Laboratorios Siegfried Colombia S.A",26,en proceso,"2023-03-17 02:25:45","2023-04-03 02:25:45",""
5161,6,"Meloxicam 15mg x10","Analgésico",4,"Laboratorios Lafrancol S.A.S",73,entregado,"2023-01-06 23:01:08","2023-01-14 23:01:08","FAC-005161"
5162,31,"Desodorante roll-on 50ml","Cuidado personal",7,"Bayer S.A Colombia",27,entregado,"2024-09-06 20:21:41","2024-09-11 20:21:41","FAC-005162"
5163,12,"Metronidazol 500mg x14","Antibiótico",5,"Genfar S.A - Grupo Sanofi",80,en proceso,"2023-01-13 02:12:21","2023-01-24 02:12:21",""
5164,32,"Gel antibacterial 500ml","Cuidado personal",7,"Bayer S.A Colombia",22,aceptado,"2025-12-04 22:55:19","",""
5165,28,"Jabón antibacterial 250ml","Cuidado personal",7,"Bayer S.A Colombia",56,entregado,"2023-10-23 06:54:15","2023-10-31 06:54:15","FAC-005165"
5166,24,"Magnesio 400mg x60","Vitaminas y suplementos",6,"Tecnoquímicas S.A",48,aceptado,"2023-08-20 14:19:22","",""
5167,39,"Condón Vive Placer Real x3","Condones",8,"Distribuidora Íntima de Colombia S.A.S",85,aceptado,"2025-11-09 08:51:38","",""
5168,20,"Omega 3 1000mg x30","Vitaminas y suplementos",6,"Tecnoquímicas S.A",37,aceptado,"2024-08-10 17:49:57","",""
5169,1,"Acetaminofén 500mg x10","Analgésico",4,"Laboratorios Lafrancol S.A.S",49,entregado,"2023-06-23 00:38:53","2023-07-07 00:38:53","FAC-005169"
5170,25,"Protector solar SPF 50 50ml","Cuidado personal",7,"Bayer S.A Colombia",72,entregado,"2025-11-13 19:57:26","2025-11-19 19:57:26","FAC-005170"
5171,2,"Ibuprofeno 400mg x10","Analgésico",4,"Laboratorios Lafrancol S.A.S",34,entregado,"2024-02-22 03:04:35","2024-03-07 03:04:35","FAC-005171"
5172,5,"Diclofenaco 50mg x10","Analgésico",4,"Laboratorios Lafrancol S.A.S",70,entregado,"2023-12-13 22:51:33","2023-12-22 22:51:33","FAC-005172"
5173,11,"Ciprofloxacino 500mg x10","Antibiótico",5,"Genfar S.A - Grupo Sanofi",91,aceptado,"2023-06-09 23:41:16","",""
5174,21,"Calcio + Vitamina D x60","Vitaminas y suplementos",6,"Tecnoquímicas S.A",31,aceptado,"2023-01-27 14:10:43","",""
5175,13,"Clindamicina 300mg x16","Antibiótico",5,"Genfar S.A - Grupo Sanofi",58,en proceso,"2023-02-21 14:15:35","2023-03-01 14:15:35",""
5176,25,"Protector solar SPF 50 50ml","Cuidado personal",7,"Bayer S.A Colombia",48,entregado,"2023-01-14 21:02:41","2023-01-17 21:02:41","FAC-005176"
5177,10,"Azitromicina 500mg x3","Antibiótico",5,"Genfar S.A - Grupo Sanofi",95,entregado,"2024-04-27 05:03:23","2024-05-04 05:03:23","FAC-005177"
5178,12,"Metronidazol 500mg x14","Antibiótico",5,"Genfar S.A - Grupo Sanofi",73,en proceso,"2025-05-15 16:13:57","2025-05-20 16:13:57",""
5179,37,"Condón Control Retard x3","Condones",8,"Distribuidora Íntima de Colombia S.A.S",40,aceptado,"2024-08-06 18:20:54","",""
5180,7,"Tramadol 50mg x10","Analgésico",4,"Laboratorios Lafrancol S.A.S",72,entregado,"2023-09-26 22:55:02","2023-10-10 22:55:02","FAC-005180"
5181,30,"Crema dental blanqueadora 75ml","Cuidado personal",7,"Bayer S.A Colombia",58,entregado,"2025-03-12 20:10:38","2025-03-16 20:10:38","FAC-005181"
5182,14,"Claritromicina 500mg x14","Antibiótico",5,"Genfar S.A - Grupo Sanofi",83,en proceso,"2024-04-12 17:31:38","2024-04-21 17:31:38",""
5183,41,"Lubricante Durex Play 50ml","Lubricantes",9,"Laboratorios Siegfried Colombia S.A",71,en proceso,"2023-06-04 01:44:40","2023-06-10 01:44:40",""
5184,1,"Acetaminofén 500mg x10","Analgésico",4,"Laboratorios Lafrancol S.A.S",81,entregado,"2025-01-05 04:32:59","2025-01-11 04:32:59","FAC-005184"
5185,43,"Lubricante Pjur Original 30ml","Lubricantes",9,"Laboratorios Siegfried Colombia S.A",87,entregado,"2025-11-06 23:52:42","2025-11-21 23:52:42","FAC-005185"
5186,37,"Condón Control Retard x3","Condones",8,"Distribuidora Íntima de Colombia S.A.S",85,entregado,"2023-05-07 21:37:34","2023-05-10 21:37:34","FAC-005186"
5187,17,"Vitamina C 1000mg x30","Vitaminas y suplementos",6,"Tecnoquímicas S.A",30,entregado,"2024-08-18 15:38:41","2024-08-31 15:38:41","FAC-005187"
5188,38,"Condón Lifestyles Ultra x12","Condones",8,"Distribuidora Íntima de Colombia S.A.S",90,aceptado,"2023-10-09 18:47:21","",""
5189,38,"Condón Lifestyles Ultra x12","Condones",8,"Distribuidora Íntima de Colombia S.A.S",67,entregado,"2025-06-14 19:51:35","2025-06-22 19:51:35","FAC-005189"
5190,9,"Amoxicilina 500mg x21","Antibiótico",5,"Genfar S.A - Grupo Sanofi",31,entregado,"2024-04-03 02:32:36","2024-04-13 02:32:36","FAC-005190"
5191,16,"Doxiciclina 100mg x10","Antibiótico",5,"Genfar S.A - Grupo Sanofi",48,entregado,"2024-11-20 03:15:07","2024-12-03 03:15:07","FAC-005191"
5192,26,"Shampoo anticaspa 400ml","Cuidado personal",7,"Bayer S.A Colombia",19,entregado,"2025-08-03 12:18:35","2025-08-14 12:18:35","FAC-005192"
5193,13,"Clindamicina 300mg x16","Antibiótico",5,"Genfar S.A - Grupo Sanofi",47,entregado,"2024-11-02 13:01:23","2024-11-08 13:01:23","FAC-005193"
5194,7,"Tramadol 50mg x10","Analgésico",4,"Laboratorios Lafrancol S.A.S",100,entregado,"2025-05-30 13:47:02","2025-06-06 13:47:02","FAC-005194"
5195,18,"Vitamina D3 2000UI x30","Vitaminas y suplementos",6,"Tecnoquímicas S.A",45,entregado,"2023-06-17 16:50:22","2023-06-24 16:50:22","FAC-005195"
5196,12,"Metronidazol 500mg x14","Antibiótico",5,"Genfar S.A - Grupo Sanofi",16,aceptado,"2024-12-28 04:36:37","",""
5197,42,"Lubricante Íntimo KY 75ml","Lubricantes",9,"Laboratorios Siegfried Colombia S.A",31,entregado,"2025-12-10 14:26:32","2025-12-16 14:26:32","FAC-005197"
5198,15,"Cefalexina 500mg x20","Antibiótico",5,"Genfar S.A - Grupo Sanofi",95,aceptado,"2024-02-24 06:37:52","",""
5199,31,"Desodorante roll-on 50ml","Cuidado personal",7,"Bayer S.A Colombia",34,entregado,"2025-05-18 01:33:13","2025-05-29 01:33:13","FAC-005199"
5200,38,"Condón Lifestyles Ultra x12","Condones",8,"Distribuidora Íntima de Colombia S.A.S",15,entregado,"2025-10-28 14:57:06","2025-11-01 14:57:06","FAC-005200"
5201,28,"Jabón antibacterial 250ml","Cuidado personal",7,"Bayer S.A Colombia",82,entregado,"2024-08-17 01:34:14","2024-08-26 01:34:14","FAC-005201"
5202,30,"Crema dental blanqueadora 75ml","Cuidado personal",7,"Bayer S.A Colombia",81,entregado,"2023-03-12 22:36:10","2023-03-27 22:36:10","FAC-005202"
5203,32,"Gel antibacterial 500ml","Cuidado personal",7,"Bayer S.A Colombia",27,en proceso,"2023-07-24 02:45:08","2023-07-29 02:45:08",""
5204,21,"Calcio + Vitamina D x60","Vitaminas y suplementos",6,"Tecnoquímicas S.A",92,entregado,"2023-08-11 08:48:28","2023-08-22 08:48:28","FAC-005204"
5205,25,"Protector solar SPF 50 50ml","Cuidado personal",7,"Bayer S.A Colombia",35,entregado,"2025-08-26 04:39:55","2025-09-05 04:39:55","FAC-005205"
5206,34,"Condón Durex Extra Fino x3","Condones",8,"Distribuidora Íntima de Colombia S.A.S",40,entregado,"2023-05-03 04:37:58","2023-05-14 04:37:58","FAC-005206"
5207,2,"Ibuprofeno 400mg x10","Analgésico",4,"Laboratorios Lafrancol S.A.S",13,entregado,"2023-05-21 09:45:18","2023-06-05 09:45:18","FAC-005207"
5208,9,"Amoxicilina 500mg x21","Antibiótico",5,"Genfar S.A - Grupo Sanofi",85,en proceso,"2023-07-14 20:27:21","2023-08-03 20:27:21",""
5209,14,"Claritromicina 500mg x14","Antibiótico",5,"Genfar S.A - Grupo Sanofi",53,entregado,"2025-07-20 16:05:05","2025-07-27 16:05:05","FAC-005209"
5210,9,"Amoxicilina 500mg x21","Antibiótico",5,"Genfar S.A - Grupo Sanofi",87,en proceso,"2023-11-04 06:51:35","2023-11-21 06:51:35",""
5211,6,"Meloxicam 15mg x10","Analgésico",4,"Laboratorios Lafrancol S.A.S",99,entregado,"2024-04-03 19:27:54","2024-04-10 19:27:54","FAC-005211"
5212,26,"Shampoo anticaspa 400ml","Cuidado personal",7,"Bayer S.A Colombia",57,entregado,"2023-10-31 19:54:22","2023-11-05 19:54:22","FAC-005212"
5213,36,"Condón Prudence Fresa x3","Condones",8,"Distribuidora Íntima de Colombia S.A.S",54,en proceso,"2023-06-13 11:48:12","2023-06-25 11:48:12",""
5214,7,"Tramadol 50mg x10","Analgésico",4,"Laboratorios Lafrancol S.A.S",72,entregado,"2023-02-03 00:46:51","2023-02-07 00:46:51","FAC-005214"
5215,36,"Condón Prudence Fresa x3","Condones",8,"Distribuidora Íntima de Colombia S.A.S",60,en proceso,"2024-12-26 16:57:39","2025-01-13 16:57:39",""
5216,29,"Hilo dental 50m","Cuidado personal",7,"Bayer S.A Colombia",71,entregado,"2023-12-24 19:22:51","2024-01-04 19:22:51","FAC-005216"
5217,36,"Condón Prudence Fresa x3","Condones",8,"Distribuidora Íntima de Colombia S.A.S",31,entregado,"2025-01-25 01:02:23","2025-01-28 01:02:23","FAC-005217"
5218,41,"Lubricante Durex Play 50ml","Lubricantes",9,"Laboratorios Siegfried Colombia S.A",98,entregado,"2023-04-30 18:16:18","2023-05-13 18:16:18","FAC-005218"
5219,42,"Lubricante Íntimo KY 75ml","Lubricantes",9,"Laboratorios Siegfried Colombia S.A",33,entregado,"2024-04-26 10:21:14","2024-05-10 10:21:14","FAC-005219"
5220,5,"Diclofenaco 50mg x10","Analgésico",4,"Laboratorios Lafrancol S.A.S",18,entregado,"2025-06-20 09:22:28","2025-06-27 09:22:28","FAC-005220"
5221,23,"Hierro + Ácido Fólico x30","Vitaminas y suplementos",6,"Tecnoquímicas S.A",80,aceptado,"2023-05-17 11:25:15","",""
5222,4,"Aspirina 100mg x10","Analgésico",4,"Laboratorios Lafrancol S.A.S",50,en proceso,"2024-02-12 20:35:07","2024-02-28 20:35:07",""
5223,24,"Magnesio 400mg x60","Vitaminas y suplementos",6,"Tecnoquímicas S.A",56,entregado,"2025-06-29 23:20:41","2025-07-08 23:20:41","FAC-005223"
5224,41,"Lubricante Durex Play 50ml","Lubricantes",9,"Laboratorios Siegfried Colombia S.A",56,entregado,"2025-05-24 19:20:33","2025-05-29 19:20:33","FAC-005224"
5225,14,"Claritromicina 500mg x14","Antibiótico",5,"Genfar S.A - Grupo Sanofi",89,entregado,"2025-03-05 01:47:31","2025-03-14 01:47:31","FAC-005225"
5226,11,"Ciprofloxacino 500mg x10","Antibiótico",5,"Genfar S.A - Grupo Sanofi",87,aceptado,"2024-12-22 09:16:53","",""
5227,19,"Complejo B x30","Vitaminas y suplementos",6,"Tecnoquímicas S.A",80,en proceso,"2023-06-24 06:17:12","2023-07-09 06:17:12",""
5228,24,"Magnesio 400mg x60","Vitaminas y suplementos",6,"Tecnoquímicas S.A",70,en proceso,"2024-01-14 13:57:31","2024-01-25 13:57:31",""
5229,25,"Protector solar SPF 50 50ml","Cuidado personal",7,"Bayer S.A Colombia",84,en proceso,"2025-05-22 02:28:29","2025-06-04 02:28:29",""
5230,39,"Condón Vive Placer Real x3","Condones",8,"Distribuidora Íntima de Colombia S.A.S",28,entregado,"2025-12-21 03:17:39","2025-12-25 03:17:39","FAC-005230"
5231,31,"Desodorante roll-on 50ml","Cuidado personal",7,"Bayer S.A Colombia",76,entregado,"2023-06-06 07:17:10","2023-06-20 07:17:10","FAC-005231"
5232,10,"Azitromicina 500mg x3","Antibiótico",5,"Genfar S.A - Grupo Sanofi",91,aceptado,"2025-11-23 10:29:56","",""
5233,45,"Lubricante Yes OB Natural 80ml","Lubricantes",9,"Laboratorios Siegfried Colombia S.A",77,en proceso,"2025-06-16 15:20:24","2025-07-06 15:20:24",""
5234,25,"Protector solar SPF 50 50ml","Cuidado personal",7,"Bayer S.A Colombia",45,entregado,"2023-09-01 07:25:59","2023-09-09 07:25:59","FAC-005234"
5235,18,"Vitamina D3 2000UI x30","Vitaminas y suplementos",6,"Tecnoquímicas S.A",57,entregado,"2023-06-23 03:12:35","2023-06-29 03:12:35","FAC-005235"
5236,16,"Doxiciclina 100mg x10","Antibiótico",5,"Genfar S.A - Grupo Sanofi",98,en proceso,"2025-11-24 23:56:08","2025-12-08 23:56:08",""
5237,29,"Hilo dental 50m","Cuidado personal",7,"Bayer S.A Colombia",61,entregado,"2024-02-05 21:28:54","2024-02-20 21:28:54","FAC-005237"
5238,34,"Condón Durex Extra Fino x3","Condones",8,"Distribuidora Íntima de Colombia S.A.S",26,en proceso,"2024-01-21 20:58:20","2024-02-01 20:58:20",""
5239,11,"Ciprofloxacino 500mg x10","Antibiótico",5,"Genfar S.A - Grupo Sanofi",74,entregado,"2025-06-08 03:21:01","2025-06-23 03:21:01","FAC-005239"
5240,19,"Complejo B x30","Vitaminas y suplementos",6,"Tecnoquímicas S.A",28,entregado,"2023-01-25 15:08:11","2023-02-02 15:08:11","FAC-005240"
5241,41,"Lubricante Durex Play 50ml","Lubricantes",9,"Laboratorios Siegfried Colombia S.A",90,entregado,"2024-03-11 05:04:25","2024-03-14 05:04:25","FAC-005241"
5242,33,"Condón Durex Natural x3","Condones",8,"Distribuidora Íntima de Colombia S.A.S",23,en proceso,"2023-12-20 03:53:06","2023-12-31 03:53:06",""
5243,14,"Claritromicina 500mg x14","Antibiótico",5,"Genfar S.A - Grupo Sanofi",76,en proceso,"2024-06-13 21:35:14","2024-06-19 21:35:14",""
5244,34,"Condón Durex Extra Fino x3","Condones",8,"Distribuidora Íntima de Colombia S.A.S",57,en proceso,"2024-08-27 18:07:18","2024-09-08 18:07:18",""
5245,43,"Lubricante Pjur Original 30ml","Lubricantes",9,"Laboratorios Siegfried Colombia S.A",66,entregado,"2023-04-16 19:46:55","2023-04-23 19:46:55","FAC-005245"
5246,39,"Condón Vive Placer Real x3","Condones",8,"Distribuidora Íntima de Colombia S.A.S",87,en proceso,"2024-05-20 12:18:19","2024-06-08 12:18:19",""
5247,31,"Desodorante roll-on 50ml","Cuidado personal",7,"Bayer S.A Colombia",45,aceptado,"2024-10-29 16:19:20","",""
5248,46,"Lubricante Vive Sensitivo 50ml","Lubricantes",9,"Laboratorios Siegfried Colombia S.A",47,en proceso,"2024-09-10 01:43:23","2024-09-28 01:43:23",""
5249,16,"Doxiciclina 100mg x10","Antibiótico",5,"Genfar S.A - Grupo Sanofi",99,en proceso,"2025-04-19 18:31:51","2025-04-30 18:31:51",""
5250,44,"Lubricante Nuei Delay 100ml","Lubricantes",9,"Laboratorios Siegfried Colombia S.A",82,aceptado,"2024-10-23 03:25:06","",""
5251,5,"Diclofenaco 50mg x10","Analgésico",4,"Laboratorios Lafrancol S.A.S",96,entregado,"2023-08-06 07:37:50","2023-08-20 07:37:50","FAC-005251"
5252,26,"Shampoo anticaspa 400ml","Cuidado personal",7,"Bayer S.A Colombia",66,entregado,"2025-08-04 06:43:30","2025-08-17 06:43:30","FAC-005252"
5253,38,"Condón Lifestyles Ultra x12","Condones",8,"Distribuidora Íntima de Colombia S.A.S",90,entregado,"2023-11-12 10:43:35","2023-11-24 10:43:35","FAC-005253"
5254,18,"Vitamina D3 2000UI x30","Vitaminas y suplementos",6,"Tecnoquímicas S.A",45,entregado,"2023-01-12 22:24:16","2023-01-17 22:24:16","FAC-005254"
5255,30,"Crema dental blanqueadora 75ml","Cuidado personal",7,"Bayer S.A Colombia",100,entregado,"2024-06-08 08:34:38","2024-06-21 08:34:38","FAC-005255"
5256,7,"Tramadol 50mg x10","Analgésico",4,"Laboratorios Lafrancol S.A.S",35,en proceso,"2023-12-18 02:11:46","2023-12-29 02:11:46",""
5257,25,"Protector solar SPF 50 50ml","Cuidado personal",7,"Bayer S.A Colombia",67,entregado,"2023-05-17 22:48:52","2023-05-25 22:48:52","FAC-005257"
5258,30,"Crema dental blanqueadora 75ml","Cuidado personal",7,"Bayer S.A Colombia",46,entregado,"2024-07-12 19:19:12","2024-07-16 19:19:12","FAC-005258"
5259,36,"Condón Prudence Fresa x3","Condones",8,"Distribuidora Íntima de Colombia S.A.S",40,en proceso,"2023-01-12 20:45:15","2023-01-20 20:45:15",""
5260,9,"Amoxicilina 500mg x21","Antibiótico",5,"Genfar S.A - Grupo Sanofi",41,entregado,"2023-08-30 06:17:01","2023-09-08 06:17:01","FAC-005260"
5261,36,"Condón Prudence Fresa x3","Condones",8,"Distribuidora Íntima de Colombia S.A.S",61,en proceso,"2023-09-17 23:18:05","2023-10-03 23:18:05",""
5262,3,"Naproxeno 500mg x10","Analgésico",4,"Laboratorios Lafrancol S.A.S",11,entregado,"2025-05-04 17:12:55","2025-05-19 17:12:55","FAC-005262"
5263,46,"Lubricante Vive Sensitivo 50ml","Lubricantes",9,"Laboratorios Siegfried Colombia S.A",56,entregado,"2023-01-14 00:49:21","2023-01-28 00:49:21","FAC-005263"
5264,27,"Crema hidratante facial 50ml","Cuidado personal",7,"Bayer S.A Colombia",70,entregado,"2024-01-01 12:33:22","2024-01-07 12:33:22","FAC-005264"
5265,40,"Condón Protex x12","Condones",8,"Distribuidora Íntima de Colombia S.A.S",56,aceptado,"2025-06-09 02:25:53","",""
5266,34,"Condón Durex Extra Fino x3","Condones",8,"Distribuidora Íntima de Colombia S.A.S",14,en proceso,"2024-05-09 22:46:09","2024-05-26 22:46:09",""
5267,28,"Jabón antibacterial 250ml","Cuidado personal",7,"Bayer S.A Colombia",52,entregado,"2025-04-20 00:34:08","2025-04-29 00:34:08","FAC-005267"
5268,24,"Magnesio 400mg x60","Vitaminas y suplementos",6,"Tecnoquímicas S.A",84,entregado,"2024-07-20 04:03:25","2024-07-30 04:03:25","FAC-005268"
5269,1,"Acetaminofén 500mg x10","Analgésico",4,"Laboratorios Lafrancol S.A.S",90,entregado,"2023-01-06 13:33:30","2023-01-11 13:33:30","FAC-005269"
5270,13,"Clindamicina 300mg x16","Antibiótico",5,"Genfar S.A - Grupo Sanofi",52,entregado,"2024-03-29 14:37:38","2024-04-08 14:37:38","FAC-005270"
5271,4,"Aspirina 100mg x10","Analgésico",4,"Laboratorios Lafrancol S.A.S",57,entregado,"2024-01-25 12:11:58","2024-02-06 12:11:58","FAC-005271"
5272,19,"Complejo B x30","Vitaminas y suplementos",6,"Tecnoquímicas S.A",55,en proceso,"2025-10-17 05:39:40","2025-11-02 05:39:40",""
5273,10,"Azitromicina 500mg x3","Antibiótico",5,"Genfar S.A - Grupo Sanofi",53,entregado,"2025-03-18 01:05:16","2025-03-29 01:05:16","FAC-005273"
5274,32,"Gel antibacterial 500ml","Cuidado personal",7,"Bayer S.A Colombia",11,entregado,"2025-06-12 06:30:42","2025-06-17 06:30:42","FAC-005274"
5275,8,"Ketorolaco 10mg x10","Analgésico",4,"Laboratorios Lafrancol S.A.S",12,entregado,"2025-11-10 09:52:28","2025-11-16 09:52:28","FAC-005275"
5276,39,"Condón Vive Placer Real x3","Condones",8,"Distribuidora Íntima de Colombia S.A.S",32,entregado,"2024-02-10 05:32:00","2024-02-19 05:32:00","FAC-005276"
5277,39,"Condón Vive Placer Real x3","Condones",8,"Distribuidora Íntima de Colombia S.A.S",94,en proceso,"2023-04-24 13:53:47","2023-05-06 13:53:47",""
5278,39,"Condón Vive Placer Real x3","Condones",8,"Distribuidora Íntima de Colombia S.A.S",16,en proceso,"2024-05-08 02:17:25","2024-05-21 02:17:25",""
5279,20,"Omega 3 1000mg x30","Vitaminas y suplementos",6,"Tecnoquímicas S.A",55,entregado,"2025-10-19 18:09:10","2025-10-25 18:09:10","FAC-005279"
5280,8,"Ketorolaco 10mg x10","Analgésico",4,"Laboratorios Lafrancol S.A.S",35,aceptado,"2023-06-26 12:52:24","",""
5281,33,"Condón Durex Natural x3","Condones",8,"Distribuidora Íntima de Colombia S.A.S",54,entregado,"2023-10-21 19:03:53","2023-10-27 19:03:53","FAC-005281"
5282,30,"Crema dental blanqueadora 75ml","Cuidado personal",7,"Bayer S.A Colombia",94,entregado,"2024-04-06 04:12:15","2024-04-15 04:12:15","FAC-005282"
5283,43,"Lubricante Pjur Original 30ml","Lubricantes",9,"Laboratorios Siegfried Colombia S.A",98,entregado,"2025-09-12 00:59:14","2025-09-17 00:59:14","FAC-005283"
5284,44,"Lubricante Nuei Delay 100ml","Lubricantes",9,"Laboratorios Siegfried Colombia S.A",13,aceptado,"2024-02-07 01:32:20","",""
5285,19,"Complejo B x30","Vitaminas y suplementos",6,"Tecnoquímicas S.A",64,entregado,"2023-08-05 05:20:57","2023-08-18 05:20:57","FAC-005285"
5286,47,"Lubricante Prudence Aqua 60ml","Lubricantes",9,"Laboratorios Siegfried Colombia S.A",49,entregado,"2024-01-12 03:36:12","2024-01-21 03:36:12","FAC-005286"
5287,34,"Condón Durex Extra Fino x3","Condones",8,"Distribuidora Íntima de Colombia S.A.S",86,entregado,"2023-10-23 16:42:00","2023-10-26 16:42:00","FAC-005287"
5288,18,"Vitamina D3 2000UI x30","Vitaminas y suplementos",6,"Tecnoquímicas S.A",13,entregado,"2025-11-04 21:37:47","2025-11-18 21:37:47","FAC-005288"
5289,46,"Lubricante Vive Sensitivo 50ml","Lubricantes",9,"Laboratorios Siegfried Colombia S.A",59,entregado,"2024-06-21 12:20:37","2024-07-03 12:20:37","FAC-005289"
5290,8,"Ketorolaco 10mg x10","Analgésico",4,"Laboratorios Lafrancol S.A.S",12,entregado,"2024-02-24 04:10:24","2024-02-28 04:10:24","FAC-005290"
5291,24,"Magnesio 400mg x60","Vitaminas y suplementos",6,"Tecnoquímicas S.A",64,en proceso,"2024-09-14 18:29:10","2024-10-03 18:29:10",""
5292,23,"Hierro + Ácido Fólico x30","Vitaminas y suplementos",6,"Tecnoquímicas S.A",46,aceptado,"2023-07-14 05:15:51","",""
5293,36,"Condón Prudence Fresa x3","Condones",8,"Distribuidora Íntima de Colombia S.A.S",93,aceptado,"2023-11-10 13:20:14","",""
5294,26,"Shampoo anticaspa 400ml","Cuidado personal",7,"Bayer S.A Colombia",85,entregado,"2025-08-05 16:16:58","2025-08-16 16:16:58","FAC-005294"
5295,2,"Ibuprofeno 400mg x10","Analgésico",4,"Laboratorios Lafrancol S.A.S",10,entregado,"2023-10-08 00:35:20","2023-10-20 00:35:20","FAC-005295"
5296,22,"Zinc 50mg x30","Vitaminas y suplementos",6,"Tecnoquímicas S.A",32,entregado,"2023-01-23 08:50:24","2023-01-27 08:50:24","FAC-005296"
5297,6,"Meloxicam 15mg x10","Analgésico",4,"Laboratorios Lafrancol S.A.S",88,entregado,"2023-06-05 02:00:32","2023-06-20 02:00:32","FAC-005297"
5298,44,"Lubricante Nuei Delay 100ml","Lubricantes",9,"Laboratorios Siegfried Colombia S.A",62,entregado,"2023-05-26 08:44:26","2023-06-01 08:44:26","FAC-005298"
5299,30,"Crema dental blanqueadora 75ml","Cuidado personal",7,"Bayer S.A Colombia",35,entregado,"2025-06-15 22:58:31","2025-06-23 22:58:31","FAC-005299"
5300,43,"Lubricante Pjur Original 30ml","Lubricantes",9,"Laboratorios Siegfried Colombia S.A",80,entregado,"2024-05-09 06:15:42","2024-05-21 06:15:42","FAC-005300"
5301,37,"Condón Control Retard x3","Condones",8,"Distribuidora Íntima de Colombia S.A.S",48,entregado,"2024-02-24 15:35:49","2024-03-06 15:35:49","FAC-005301"
5302,7,"Tramadol 50mg x10","Analgésico",4,"Laboratorios Lafrancol S.A.S",28,en proceso,"2025-11-25 21:10:33","2025-12-11 21:10:33",""
5303,21,"Calcio + Vitamina D x60","Vitaminas y suplementos",6,"Tecnoquímicas S.A",24,en proceso,"2025-05-16 05:16:26","2025-06-05 05:16:26",""
5304,7,"Tramadol 50mg x10","Analgésico",4,"Laboratorios Lafrancol S.A.S",80,entregado,"2023-10-02 11:45:00","2023-10-06 11:45:00","FAC-005304"
5305,35,"Condón Condomi Ultra x12","Condones",8,"Distribuidora Íntima de Colombia S.A.S",84,entregado,"2025-05-16 08:17:27","2025-05-23 08:17:27","FAC-005305"
5306,24,"Magnesio 400mg x60","Vitaminas y suplementos",6,"Tecnoquímicas S.A",29,entregado,"2023-08-27 21:50:34","2023-09-04 21:50:34","FAC-005306"
5307,25,"Protector solar SPF 50 50ml","Cuidado personal",7,"Bayer S.A Colombia",32,entregado,"2023-03-17 21:51:35","2023-03-21 21:51:35","FAC-005307"
5308,48,"Lubricante Control Aqua 75ml","Lubricantes",9,"Laboratorios Siegfried Colombia S.A",43,entregado,"2025-07-27 02:48:53","2025-08-02 02:48:53","FAC-005308"
5309,42,"Lubricante Íntimo KY 75ml","Lubricantes",9,"Laboratorios Siegfried Colombia S.A",97,entregado,"2024-01-22 10:57:33","2024-01-25 10:57:33","FAC-005309"
5310,17,"Vitamina C 1000mg x30","Vitaminas y suplementos",6,"Tecnoquímicas S.A",90,entregado,"2025-04-11 03:17:43","2025-04-25 03:17:43","FAC-005310"
5311,6,"Meloxicam 15mg x10","Analgésico",4,"Laboratorios Lafrancol S.A.S",28,entregado,"2025-07-19 20:40:26","2025-07-22 20:40:26","FAC-005311"
5312,47,"Lubricante Prudence Aqua 60ml","Lubricantes",9,"Laboratorios Siegfried Colombia S.A",39,entregado,"2023-11-18 01:44:40","2023-11-29 01:44:40","FAC-005312"
5313,7,"Tramadol 50mg x10","Analgésico",4,"Laboratorios Lafrancol S.A.S",35,en proceso,"2025-11-04 05:36:07","2025-11-09 05:36:07",""
5314,14,"Claritromicina 500mg x14","Antibiótico",5,"Genfar S.A - Grupo Sanofi",44,en proceso,"2023-05-09 09:13:48","2023-05-25 09:13:48",""
5315,27,"Crema hidratante facial 50ml","Cuidado personal",7,"Bayer S.A Colombia",77,en proceso,"2024-10-04 19:59:24","2024-10-16 19:59:24",""
5316,4,"Aspirina 100mg x10","Analgésico",4,"Laboratorios Lafrancol S.A.S",33,en proceso,"2023-09-22 04:36:24","2023-09-30 04:36:24",""
5317,14,"Claritromicina 500mg x14","Antibiótico",5,"Genfar S.A - Grupo Sanofi",70,aceptado,"2024-11-25 14:37:30","",""
5318,38,"Condón Lifestyles Ultra x12","Condones",8,"Distribuidora Íntima de Colombia S.A.S",20,en proceso,"2023-05-23 03:55:21","2023-06-12 03:55:21",""
5319,32,"Gel antibacterial 500ml","Cuidado personal",7,"Bayer S.A Colombia",68,entregado,"2025-07-19 08:45:54","2025-07-29 08:45:54","FAC-005319"
5320,39,"Condón Vive Placer Real x3","Condones",8,"Distribuidora Íntima de Colombia S.A.S",23,aceptado,"2025-06-23 19:05:47","",""
5321,42,"Lubricante Íntimo KY 75ml","Lubricantes",9,"Laboratorios Siegfried Colombia S.A",27,entregado,"2024-09-04 14:41:26","2024-09-09 14:41:26","FAC-005321"
5322,15,"Cefalexina 500mg x20","Antibiótico",5,"Genfar S.A - Grupo Sanofi",92,aceptado,"2023-06-05 11:56:20","",""
5323,8,"Ketorolaco 10mg x10","Analgésico",4,"Laboratorios Lafrancol S.A.S",42,en proceso,"2024-08-09 15:37:22","2024-08-27 15:37:22",""
5324,15,"Cefalexina 500mg x20","Antibiótico",5,"Genfar S.A - Grupo Sanofi",37,entregado,"2023-12-09 03:17:12","2023-12-22 03:17:12","FAC-005324"
5325,34,"Condón Durex Extra Fino x3","Condones",8,"Distribuidora Íntima de Colombia S.A.S",21,aceptado,"2024-04-26 02:27:09","",""
5326,17,"Vitamina C 1000mg x30","Vitaminas y suplementos",6,"Tecnoquímicas S.A",65,entregado,"2023-06-09 11:15:45","2023-06-17 11:15:45","FAC-005326"
5327,38,"Condón Lifestyles Ultra x12","Condones",8,"Distribuidora Íntima de Colombia S.A.S",66,entregado,"2024-02-23 15:59:21","2024-02-28 15:59:21","FAC-005327"
5328,47,"Lubricante Prudence Aqua 60ml","Lubricantes",9,"Laboratorios Siegfried Colombia S.A",60,aceptado,"2024-04-21 10:07:40","",""
5329,30,"Crema dental blanqueadora 75ml","Cuidado personal",7,"Bayer S.A Colombia",79,entregado,"2024-01-17 11:47:54","2024-01-26 11:47:54","FAC-005329"
5330,3,"Naproxeno 500mg x10","Analgésico",4,"Laboratorios Lafrancol S.A.S",24,entregado,"2025-11-03 23:50:32","2025-11-11 23:50:32","FAC-005330"
5331,5,"Diclofenaco 50mg x10","Analgésico",4,"Laboratorios Lafrancol S.A.S",17,entregado,"2024-06-03 05:35:34","2024-06-18 05:35:34","FAC-005331"
5332,32,"Gel antibacterial 500ml","Cuidado personal",7,"Bayer S.A Colombia",63,en proceso,"2024-07-13 21:04:36","2024-07-30 21:04:36",""
5333,15,"Cefalexina 500mg x20","Antibiótico",5,"Genfar S.A - Grupo Sanofi",92,aceptado,"2025-07-09 06:38:25","",""
5334,15,"Cefalexina 500mg x20","Antibiótico",5,"Genfar S.A - Grupo Sanofi",96,entregado,"2024-07-06 11:01:23","2024-07-09 11:01:23","FAC-005334"
5335,42,"Lubricante Íntimo KY 75ml","Lubricantes",9,"Laboratorios Siegfried Colombia S.A",48,entregado,"2024-01-28 18:19:02","2024-02-07 18:19:02","FAC-005335"
5336,34,"Condón Durex Extra Fino x3","Condones",8,"Distribuidora Íntima de Colombia S.A.S",47,entregado,"2024-04-15 04:03:07","2024-04-24 04:03:07","FAC-005336"
5337,47,"Lubricante Prudence Aqua 60ml","Lubricantes",9,"Laboratorios Siegfried Colombia S.A",84,entregado,"2023-05-26 14:28:45","2023-05-29 14:28:45","FAC-005337"
5338,48,"Lubricante Control Aqua 75ml","Lubricantes",9,"Laboratorios Siegfried Colombia S.A",55,entregado,"2024-07-02 07:17:05","2024-07-14 07:17:05","FAC-005338"
5339,41,"Lubricante Durex Play 50ml","Lubricantes",9,"Laboratorios Siegfried Colombia S.A",34,en proceso,"2025-06-13 21:48:03","2025-07-03 21:48:03",""
5340,16,"Doxiciclina 100mg x10","Antibiótico",5,"Genfar S.A - Grupo Sanofi",87,aceptado,"2025-02-14 14:32:38","",""
5341,33,"Condón Durex Natural x3","Condones",8,"Distribuidora Íntima de Colombia S.A.S",91,entregado,"2023-02-14 15:08:46","2023-02-23 15:08:46","FAC-005341"
5342,33,"Condón Durex Natural x3","Condones",8,"Distribuidora Íntima de Colombia S.A.S",31,entregado,"2025-12-18 12:40:12","2025-12-25 12:40:12","FAC-005342"
5343,27,"Crema hidratante facial 50ml","Cuidado personal",7,"Bayer S.A Colombia",76,aceptado,"2024-07-28 09:40:39","",""
5344,46,"Lubricante Vive Sensitivo 50ml","Lubricantes",9,"Laboratorios Siegfried Colombia S.A",74,entregado,"2025-08-20 03:48:23","2025-08-31 03:48:23","FAC-005344"
5345,41,"Lubricante Durex Play 50ml","Lubricantes",9,"Laboratorios Siegfried Colombia S.A",30,entregado,"2024-08-21 06:48:23","2024-08-31 06:48:23","FAC-005345"
5346,17,"Vitamina C 1000mg x30","Vitaminas y suplementos",6,"Tecnoquímicas S.A",17,entregado,"2023-05-11 12:03:20","2023-05-20 12:03:20","FAC-005346"
5347,21,"Calcio + Vitamina D x60","Vitaminas y suplementos",6,"Tecnoquímicas S.A",75,aceptado,"2023-04-19 03:02:50","",""
5348,7,"Tramadol 50mg x10","Analgésico",4,"Laboratorios Lafrancol S.A.S",56,entregado,"2025-07-20 13:27:33","2025-07-23 13:27:33","FAC-005348"
5349,31,"Desodorante roll-on 50ml","Cuidado personal",7,"Bayer S.A Colombia",95,entregado,"2025-02-07 21:52:20","2025-02-19 21:52:20","FAC-005349"
5350,40,"Condón Protex x12","Condones",8,"Distribuidora Íntima de Colombia S.A.S",63,entregado,"2024-12-15 03:59:02","2024-12-24 03:59:02","FAC-005350"
5351,47,"Lubricante Prudence Aqua 60ml","Lubricantes",9,"Laboratorios Siegfried Colombia S.A",20,entregado,"2024-10-12 12:40:26","2024-10-19 12:40:26","FAC-005351"
5352,27,"Crema hidratante facial 50ml","Cuidado personal",7,"Bayer S.A Colombia",50,entregado,"2023-03-02 01:09:51","2023-03-12 01:09:51","FAC-005352"
5353,17,"Vitamina C 1000mg x30","Vitaminas y suplementos",6,"Tecnoquímicas S.A",36,entregado,"2024-05-07 11:09:38","2024-05-11 11:09:38","FAC-005353"
5354,25,"Protector solar SPF 50 50ml","Cuidado personal",7,"Bayer S.A Colombia",78,en proceso,"2025-03-04 05:51:13","2025-03-23 05:51:13",""
5355,32,"Gel antibacterial 500ml","Cuidado personal",7,"Bayer S.A Colombia",41,entregado,"2024-07-15 09:24:29","2024-07-27 09:24:29","FAC-005355"
5356,4,"Aspirina 100mg x10","Analgésico",4,"Laboratorios Lafrancol S.A.S",30,aceptado,"2023-11-15 07:20:19","",""
5357,1,"Acetaminofén 500mg x10","Analgésico",4,"Laboratorios Lafrancol S.A.S",49,entregado,"2025-07-30 17:24:56","2025-08-08 17:24:56","FAC-005357"
5358,24,"Magnesio 400mg x60","Vitaminas y suplementos",6,"Tecnoquímicas S.A",27,entregado,"2025-09-07 00:24:09","2025-09-10 00:24:09","FAC-005358"
5359,36,"Condón Prudence Fresa x3","Condones",8,"Distribuidora Íntima de Colombia S.A.S",33,aceptado,"2023-03-21 01:07:31","",""
5360,12,"Metronidazol 500mg x14","Antibiótico",5,"Genfar S.A - Grupo Sanofi",63,entregado,"2024-06-27 05:01:00","2024-06-30 05:01:00","FAC-005360"
5361,29,"Hilo dental 50m","Cuidado personal",7,"Bayer S.A Colombia",95,aceptado,"2025-10-08 19:45:09","",""
5362,33,"Condón Durex Natural x3","Condones",8,"Distribuidora Íntima de Colombia S.A.S",95,entregado,"2025-10-15 20:14:24","2025-10-21 20:14:24","FAC-005362"
5363,47,"Lubricante Prudence Aqua 60ml","Lubricantes",9,"Laboratorios Siegfried Colombia S.A",35,aceptado,"2023-03-06 06:13:27","",""
5364,44,"Lubricante Nuei Delay 100ml","Lubricantes",9,"Laboratorios Siegfried Colombia S.A",73,entregado,"2025-12-05 18:07:52","2025-12-08 18:07:52","FAC-005364"
5365,16,"Doxiciclina 100mg x10","Antibiótico",5,"Genfar S.A - Grupo Sanofi",17,entregado,"2025-04-29 00:06:57","2025-05-06 00:06:57","FAC-005365"
5366,24,"Magnesio 400mg x60","Vitaminas y suplementos",6,"Tecnoquímicas S.A",50,en proceso,"2024-10-04 19:49:09","2024-10-24 19:49:09",""
5367,35,"Condón Condomi Ultra x12","Condones",8,"Distribuidora Íntima de Colombia S.A.S",64,entregado,"2023-03-01 08:43:00","2023-03-09 08:43:00","FAC-005367"
5368,6,"Meloxicam 15mg x10","Analgésico",4,"Laboratorios Lafrancol S.A.S",29,entregado,"2024-08-05 22:29:43","2024-08-19 22:29:43","FAC-005368"
5369,47,"Lubricante Prudence Aqua 60ml","Lubricantes",9,"Laboratorios Siegfried Colombia S.A",60,entregado,"2024-12-09 17:05:06","2024-12-22 17:05:06","FAC-005369"
5370,23,"Hierro + Ácido Fólico x30","Vitaminas y suplementos",6,"Tecnoquímicas S.A",19,entregado,"2024-03-09 07:05:51","2024-03-12 07:05:51","FAC-005370"
5371,13,"Clindamicina 300mg x16","Antibiótico",5,"Genfar S.A - Grupo Sanofi",87,en proceso,"2025-07-28 08:17:48","2025-08-03 08:17:48",""
5372,10,"Azitromicina 500mg x3","Antibiótico",5,"Genfar S.A - Grupo Sanofi",81,entregado,"2024-02-17 13:28:15","2024-02-21 13:28:15","FAC-005372"
5373,22,"Zinc 50mg x30","Vitaminas y suplementos",6,"Tecnoquímicas S.A",19,entregado,"2023-11-21 11:01:26","2023-12-06 11:01:26","FAC-005373"
5374,7,"Tramadol 50mg x10","Analgésico",4,"Laboratorios Lafrancol S.A.S",57,en proceso,"2024-04-12 08:46:38","2024-04-28 08:46:38",""
5375,12,"Metronidazol 500mg x14","Antibiótico",5,"Genfar S.A - Grupo Sanofi",71,entregado,"2024-03-09 00:17:38","2024-03-19 00:17:38","FAC-005375"
5376,19,"Complejo B x30","Vitaminas y suplementos",6,"Tecnoquímicas S.A",20,en proceso,"2024-05-13 11:50:45","2024-05-31 11:50:45",""
5377,22,"Zinc 50mg x30","Vitaminas y suplementos",6,"Tecnoquímicas S.A",72,en proceso,"2025-01-13 22:31:12","2025-01-25 22:31:12",""
5378,28,"Jabón antibacterial 250ml","Cuidado personal",7,"Bayer S.A Colombia",50,en proceso,"2024-01-15 23:09:01","2024-01-21 23:09:01",""
5379,2,"Ibuprofeno 400mg x10","Analgésico",4,"Laboratorios Lafrancol S.A.S",92,aceptado,"2023-03-29 12:24:09","",""
5380,39,"Condón Vive Placer Real x3","Condones",8,"Distribuidora Íntima de Colombia S.A.S",67,entregado,"2025-03-17 07:35:58","2025-03-25 07:35:58","FAC-005380"
5381,45,"Lubricante Yes OB Natural 80ml","Lubricantes",9,"Laboratorios Siegfried Colombia S.A",66,entregado,"2024-04-30 21:15:55","2024-05-11 21:15:55","FAC-005381"
5382,13,"Clindamicina 300mg x16","Antibiótico",5,"Genfar S.A - Grupo Sanofi",54,entregado,"2023-07-29 19:50:22","2023-08-02 19:50:22","FAC-005382"
5383,11,"Ciprofloxacino 500mg x10","Antibiótico",5,"Genfar S.A - Grupo Sanofi",43,en proceso,"2025-12-02 07:46:43","2025-12-18 07:46:43",""
5384,42,"Lubricante Íntimo KY 75ml","Lubricantes",9,"Laboratorios Siegfried Colombia S.A",49,en proceso,"2023-01-10 00:10:54","2023-01-22 00:10:54",""
5385,4,"Aspirina 100mg x10","Analgésico",4,"Laboratorios Lafrancol S.A.S",59,entregado,"2024-03-10 03:14:34","2024-03-24 03:14:34","FAC-005385"
5386,38,"Condón Lifestyles Ultra x12","Condones",8,"Distribuidora Íntima de Colombia S.A.S",40,entregado,"2025-10-11 20:56:47","2025-10-24 20:56:47","FAC-005386"
5387,5,"Diclofenaco 50mg x10","Analgésico",4,"Laboratorios Lafrancol S.A.S",57,entregado,"2023-01-03 06:44:21","2023-01-12 06:44:21","FAC-005387"
5388,8,"Ketorolaco 10mg x10","Analgésico",4,"Laboratorios Lafrancol S.A.S",41,entregado,"2024-08-24 04:50:14","2024-09-07 04:50:14","FAC-005388"
5389,33,"Condón Durex Natural x3","Condones",8,"Distribuidora Íntima de Colombia S.A.S",96,en proceso,"2025-07-18 14:52:27","2025-07-24 14:52:27",""
5390,10,"Azitromicina 500mg x3","Antibiótico",5,"Genfar S.A - Grupo Sanofi",90,entregado,"2023-04-13 11:45:26","2023-04-18 11:45:26","FAC-005390"
5391,27,"Crema hidratante facial 50ml","Cuidado personal",7,"Bayer S.A Colombia",97,aceptado,"2025-10-12 10:47:08","",""
5392,28,"Jabón antibacterial 250ml","Cuidado personal",7,"Bayer S.A Colombia",95,entregado,"2023-06-18 06:51:50","2023-06-25 06:51:50","FAC-005392"
5393,42,"Lubricante Íntimo KY 75ml","Lubricantes",9,"Laboratorios Siegfried Colombia S.A",10,entregado,"2025-02-08 00:49:51","2025-02-13 00:49:51","FAC-005393"
5394,47,"Lubricante Prudence Aqua 60ml","Lubricantes",9,"Laboratorios Siegfried Colombia S.A",28,aceptado,"2025-12-23 22:53:26","",""
5395,36,"Condón Prudence Fresa x3","Condones",8,"Distribuidora Íntima de Colombia S.A.S",96,en proceso,"2024-01-20 15:03:14","2024-02-01 15:03:14",""
5396,17,"Vitamina C 1000mg x30","Vitaminas y suplementos",6,"Tecnoquímicas S.A",99,entregado,"2024-02-27 03:17:44","2024-03-05 03:17:44","FAC-005396"
5397,14,"Claritromicina 500mg x14","Antibiótico",5,"Genfar S.A - Grupo Sanofi",80,en proceso,"2025-05-22 13:41:54","2025-06-11 13:41:54",""
5398,3,"Naproxeno 500mg x10","Analgésico",4,"Laboratorios Lafrancol S.A.S",10,entregado,"2024-06-01 00:34:27","2024-06-09 00:34:27","FAC-005398"
5399,6,"Meloxicam 15mg x10","Analgésico",4,"Laboratorios Lafrancol S.A.S",96,en proceso,"2025-04-29 03:07:19","2025-05-08 03:07:19",""
5400,2,"Ibuprofeno 400mg x10","Analgésico",4,"Laboratorios Lafrancol S.A.S",73,entregado,"2023-08-24 05:53:53","2023-09-07 05:53:53","FAC-005400"
5401,37,"Condón Control Retard x3","Condones",8,"Distribuidora Íntima de Colombia S.A.S",47,entregado,"2023-12-12 05:50:54","2023-12-22 05:50:54","FAC-005401"
5402,31,"Desodorante roll-on 50ml","Cuidado personal",7,"Bayer S.A Colombia",25,aceptado,"2024-03-16 16:57:50","",""
5403,21,"Calcio + Vitamina D x60","Vitaminas y suplementos",6,"Tecnoquímicas S.A",67,aceptado,"2024-01-11 05:40:27","",""
5404,21,"Calcio + Vitamina D x60","Vitaminas y suplementos",6,"Tecnoquímicas S.A",92,entregado,"2025-01-25 15:53:58","2025-01-29 15:53:58","FAC-005404"
5405,27,"Crema hidratante facial 50ml","Cuidado personal",7,"Bayer S.A Colombia",10,en proceso,"2023-09-27 04:57:16","2023-10-07 04:57:16",""
5406,4,"Aspirina 100mg x10","Analgésico",4,"Laboratorios Lafrancol S.A.S",48,entregado,"2023-02-27 16:36:41","2023-03-08 16:36:41","FAC-005406"
5407,37,"Condón Control Retard x3","Condones",8,"Distribuidora Íntima de Colombia S.A.S",86,entregado,"2025-12-15 19:09:02","2025-12-27 19:09:02","FAC-005407"
5408,11,"Ciprofloxacino 500mg x10","Antibiótico",5,"Genfar S.A - Grupo Sanofi",81,en proceso,"2023-01-22 00:15:13","2023-01-29 00:15:13",""
5409,41,"Lubricante Durex Play 50ml","Lubricantes",9,"Laboratorios Siegfried Colombia S.A",31,aceptado,"2023-12-19 10:14:46","",""
5410,29,"Hilo dental 50m","Cuidado personal",7,"Bayer S.A Colombia",26,entregado,"2023-12-29 05:53:34","2024-01-12 05:53:34","FAC-005410"
5411,25,"Protector solar SPF 50 50ml","Cuidado personal",7,"Bayer S.A Colombia",12,entregado,"2023-03-27 18:07:53","2023-04-02 18:07:53","FAC-005411"
5412,9,"Amoxicilina 500mg x21","Antibiótico",5,"Genfar S.A - Grupo Sanofi",28,entregado,"2024-10-08 03:07:20","2024-10-19 03:07:20","FAC-005412"
5413,39,"Condón Vive Placer Real x3","Condones",8,"Distribuidora Íntima de Colombia S.A.S",19,en proceso,"2024-06-02 20:25:23","2024-06-14 20:25:23",""
5414,30,"Crema dental blanqueadora 75ml","Cuidado personal",7,"Bayer S.A Colombia",92,en proceso,"2023-03-11 06:00:47","2023-03-29 06:00:47",""
5415,13,"Clindamicina 300mg x16","Antibiótico",5,"Genfar S.A - Grupo Sanofi",39,aceptado,"2023-11-28 23:43:58","",""
5416,24,"Magnesio 400mg x60","Vitaminas y suplementos",6,"Tecnoquímicas S.A",34,entregado,"2024-06-13 16:45:59","2024-06-18 16:45:59","FAC-005416"
5417,11,"Ciprofloxacino 500mg x10","Antibiótico",5,"Genfar S.A - Grupo Sanofi",95,entregado,"2025-02-05 14:01:54","2025-02-08 14:01:54","FAC-005417"
5418,29,"Hilo dental 50m","Cuidado personal",7,"Bayer S.A Colombia",75,en proceso,"2023-05-08 08:50:09","2023-05-27 08:50:09",""
5419,27,"Crema hidratante facial 50ml","Cuidado personal",7,"Bayer S.A Colombia",21,aceptado,"2023-12-02 16:04:51","",""
5420,24,"Magnesio 400mg x60","Vitaminas y suplementos",6,"Tecnoquímicas S.A",13,entregado,"2024-04-07 20:07:13","2024-04-22 20:07:13","FAC-005420"
5421,38,"Condón Lifestyles Ultra x12","Condones",8,"Distribuidora Íntima de Colombia S.A.S",17,en proceso,"2025-08-16 07:45:58","2025-09-05 07:45:58",""
5422,2,"Ibuprofeno 400mg x10","Analgésico",4,"Laboratorios Lafrancol S.A.S",75,entregado,"2023-12-22 18:20:51","2023-12-28 18:20:51","FAC-005422"
5423,20,"Omega 3 1000mg x30","Vitaminas y suplementos",6,"Tecnoquímicas S.A",84,entregado,"2025-09-06 01:16:59","2025-09-15 01:16:59","FAC-005423"
5424,7,"Tramadol 50mg x10","Analgésico",4,"Laboratorios Lafrancol S.A.S",48,entregado,"2024-01-31 01:41:12","2024-02-05 01:41:12","FAC-005424"
5425,15,"Cefalexina 500mg x20","Antibiótico",5,"Genfar S.A - Grupo Sanofi",99,aceptado,"2023-02-03 10:07:42","",""
5426,23,"Hierro + Ácido Fólico x30","Vitaminas y suplementos",6,"Tecnoquímicas S.A",38,entregado,"2024-12-21 17:22:09","2025-01-05 17:22:09","FAC-005426"
5427,20,"Omega 3 1000mg x30","Vitaminas y suplementos",6,"Tecnoquímicas S.A",98,aceptado,"2023-06-16 00:22:51","",""
5428,6,"Meloxicam 15mg x10","Analgésico",4,"Laboratorios Lafrancol S.A.S",14,aceptado,"2024-09-02 09:35:09","",""
5429,42,"Lubricante Íntimo KY 75ml","Lubricantes",9,"Laboratorios Siegfried Colombia S.A",66,entregado,"2023-06-16 18:11:18","2023-06-30 18:11:18","FAC-005429"
5430,35,"Condón Condomi Ultra x12","Condones",8,"Distribuidora Íntima de Colombia S.A.S",82,aceptado,"2025-02-10 07:36:31","",""
5431,27,"Crema hidratante facial 50ml","Cuidado personal",7,"Bayer S.A Colombia",93,entregado,"2023-05-08 14:09:21","2023-05-20 14:09:21","FAC-005431"
5432,4,"Aspirina 100mg x10","Analgésico",4,"Laboratorios Lafrancol S.A.S",15,aceptado,"2025-02-28 14:32:26","",""
5433,24,"Magnesio 400mg x60","Vitaminas y suplementos",6,"Tecnoquímicas S.A",63,entregado,"2024-10-04 17:51:48","2024-10-07 17:51:48","FAC-005433"
5434,15,"Cefalexina 500mg x20","Antibiótico",5,"Genfar S.A - Grupo Sanofi",32,entregado,"2024-04-22 22:12:56","2024-04-30 22:12:56","FAC-005434"
5435,25,"Protector solar SPF 50 50ml","Cuidado personal",7,"Bayer S.A Colombia",11,aceptado,"2024-03-19 22:41:56","",""
5436,14,"Claritromicina 500mg x14","Antibiótico",5,"Genfar S.A - Grupo Sanofi",57,entregado,"2024-12-05 07:27:17","2024-12-18 07:27:17","FAC-005436"
5437,5,"Diclofenaco 50mg x10","Analgésico",4,"Laboratorios Lafrancol S.A.S",66,entregado,"2024-03-25 17:08:49","2024-04-05 17:08:49","FAC-005437"
5438,31,"Desodorante roll-on 50ml","Cuidado personal",7,"Bayer S.A Colombia",15,entregado,"2023-06-23 20:16:31","2023-06-27 20:16:31","FAC-005438"
5439,45,"Lubricante Yes OB Natural 80ml","Lubricantes",9,"Laboratorios Siegfried Colombia S.A",48,en proceso,"2025-07-18 09:01:28","2025-08-06 09:01:28",""
5440,24,"Magnesio 400mg x60","Vitaminas y suplementos",6,"Tecnoquímicas S.A",62,aceptado,"2025-04-06 20:55:35","",""
5441,7,"Tramadol 50mg x10","Analgésico",4,"Laboratorios Lafrancol S.A.S",84,entregado,"2024-02-22 14:39:08","2024-03-02 14:39:08","FAC-005441"
5442,24,"Magnesio 400mg x60","Vitaminas y suplementos",6,"Tecnoquímicas S.A",68,entregado,"2024-03-07 10:41:12","2024-03-12 10:41:12","FAC-005442"
5443,22,"Zinc 50mg x30","Vitaminas y suplementos",6,"Tecnoquímicas S.A",28,entregado,"2023-03-12 23:50:26","2023-03-25 23:50:26","FAC-005443"
5444,23,"Hierro + Ácido Fólico x30","Vitaminas y suplementos",6,"Tecnoquímicas S.A",57,aceptado,"2025-03-03 11:50:54","",""
5445,4,"Aspirina 100mg x10","Analgésico",4,"Laboratorios Lafrancol S.A.S",50,entregado,"2023-01-28 18:43:06","2023-02-03 18:43:06","FAC-005445"
5446,41,"Lubricante Durex Play 50ml","Lubricantes",9,"Laboratorios Siegfried Colombia S.A",36,en proceso,"2025-07-20 07:25:10","2025-08-02 07:25:10",""
5447,26,"Shampoo anticaspa 400ml","Cuidado personal",7,"Bayer S.A Colombia",75,entregado,"2025-03-01 12:59:55","2025-03-09 12:59:55","FAC-005447"
5448,47,"Lubricante Prudence Aqua 60ml","Lubricantes",9,"Laboratorios Siegfried Colombia S.A",84,entregado,"2023-06-08 14:15:45","2023-06-20 14:15:45","FAC-005448"
5449,8,"Ketorolaco 10mg x10","Analgésico",4,"Laboratorios Lafrancol S.A.S",79,entregado,"2024-03-06 07:21:50","2024-03-12 07:21:50","FAC-005449"
5450,23,"Hierro + Ácido Fólico x30","Vitaminas y suplementos",6,"Tecnoquímicas S.A",43,aceptado,"2024-06-22 16:12:44","",""
5451,4,"Aspirina 100mg x10","Analgésico",4,"Laboratorios Lafrancol S.A.S",55,entregado,"2024-06-22 21:24:53","2024-07-04 21:24:53","FAC-005451"
5452,3,"Naproxeno 500mg x10","Analgésico",4,"Laboratorios Lafrancol S.A.S",10,entregado,"2024-10-16 21:45:36","2024-10-29 21:45:36","FAC-005452"
5453,34,"Condón Durex Extra Fino x3","Condones",8,"Distribuidora Íntima de Colombia S.A.S",25,entregado,"2023-09-19 04:03:01","2023-09-26 04:03:01","FAC-005453"
5454,48,"Lubricante Control Aqua 75ml","Lubricantes",9,"Laboratorios Siegfried Colombia S.A",87,en proceso,"2023-06-21 04:51:40","2023-06-28 04:51:40",""
5455,15,"Cefalexina 500mg x20","Antibiótico",5,"Genfar S.A - Grupo Sanofi",84,entregado,"2023-08-16 06:28:03","2023-08-20 06:28:03","FAC-005455"
5456,40,"Condón Protex x12","Condones",8,"Distribuidora Íntima de Colombia S.A.S",92,entregado,"2025-08-23 13:32:18","2025-08-28 13:32:18","FAC-005456"
5457,25,"Protector solar SPF 50 50ml","Cuidado personal",7,"Bayer S.A Colombia",48,aceptado,"2025-11-09 01:59:28","",""
5458,26,"Shampoo anticaspa 400ml","Cuidado personal",7,"Bayer S.A Colombia",95,en proceso,"2025-01-15 20:58:19","2025-01-22 20:58:19",""
5459,25,"Protector solar SPF 50 50ml","Cuidado personal",7,"Bayer S.A Colombia",11,entregado,"2023-09-21 00:31:59","2023-09-29 00:31:59","FAC-005459"
5460,8,"Ketorolaco 10mg x10","Analgésico",4,"Laboratorios Lafrancol S.A.S",93,entregado,"2023-07-25 08:20:01","2023-08-05 08:20:01","FAC-005460"
5461,27,"Crema hidratante facial 50ml","Cuidado personal",7,"Bayer S.A Colombia",60,en proceso,"2025-01-20 19:57:05","2025-02-05 19:57:05",""
5462,33,"Condón Durex Natural x3","Condones",8,"Distribuidora Íntima de Colombia S.A.S",14,en proceso,"2023-05-18 09:09:40","2023-05-31 09:09:40",""
5463,25,"Protector solar SPF 50 50ml","Cuidado personal",7,"Bayer S.A Colombia",68,entregado,"2023-01-02 14:06:16","2023-01-17 14:06:16","FAC-005463"
5464,45,"Lubricante Yes OB Natural 80ml","Lubricantes",9,"Laboratorios Siegfried Colombia S.A",61,entregado,"2023-04-28 13:23:12","2023-05-06 13:23:12","FAC-005464"
5465,12,"Metronidazol 500mg x14","Antibiótico",5,"Genfar S.A - Grupo Sanofi",90,en proceso,"2025-01-30 21:54:45","2025-02-10 21:54:45",""
5466,10,"Azitromicina 500mg x3","Antibiótico",5,"Genfar S.A - Grupo Sanofi",48,aceptado,"2023-12-26 12:35:58","",""
5467,33,"Condón Durex Natural x3","Condones",8,"Distribuidora Íntima de Colombia S.A.S",89,entregado,"2024-12-01 20:55:39","2024-12-11 20:55:39","FAC-005467"
5468,17,"Vitamina C 1000mg x30","Vitaminas y suplementos",6,"Tecnoquímicas S.A",26,entregado,"2025-09-26 07:49:11","2025-10-05 07:49:11","FAC-005468"
5469,4,"Aspirina 100mg x10","Analgésico",4,"Laboratorios Lafrancol S.A.S",69,entregado,"2024-09-19 16:47:22","2024-10-02 16:47:22","FAC-005469"
5470,1,"Acetaminofén 500mg x10","Analgésico",4,"Laboratorios Lafrancol S.A.S",17,aceptado,"2024-07-18 03:59:27","",""
5471,36,"Condón Prudence Fresa x3","Condones",8,"Distribuidora Íntima de Colombia S.A.S",62,en proceso,"2024-11-01 12:35:36","2024-11-11 12:35:36",""
5472,5,"Diclofenaco 50mg x10","Analgésico",4,"Laboratorios Lafrancol S.A.S",66,entregado,"2025-01-18 00:05:38","2025-02-02 00:05:38","FAC-005472"
5473,33,"Condón Durex Natural x3","Condones",8,"Distribuidora Íntima de Colombia S.A.S",40,entregado,"2023-10-27 21:45:27","2023-11-04 21:45:27","FAC-005473"
5474,35,"Condón Condomi Ultra x12","Condones",8,"Distribuidora Íntima de Colombia S.A.S",57,en proceso,"2023-04-02 09:54:26","2023-04-18 09:54:26",""
5475,26,"Shampoo anticaspa 400ml","Cuidado personal",7,"Bayer S.A Colombia",46,entregado,"2024-12-17 22:21:35","2024-12-27 22:21:35","FAC-005475"
5476,17,"Vitamina C 1000mg x30","Vitaminas y suplementos",6,"Tecnoquímicas S.A",38,entregado,"2025-11-04 05:43:21","2025-11-09 05:43:21","FAC-005476"
5477,33,"Condón Durex Natural x3","Condones",8,"Distribuidora Íntima de Colombia S.A.S",76,entregado,"2025-03-12 11:54:46","2025-03-17 11:54:46","FAC-005477"
5478,1,"Acetaminofén 500mg x10","Analgésico",4,"Laboratorios Lafrancol S.A.S",54,entregado,"2024-07-20 16:17:01","2024-07-25 16:17:01","FAC-005478"
5479,47,"Lubricante Prudence Aqua 60ml","Lubricantes",9,"Laboratorios Siegfried Colombia S.A",80,entregado,"2025-05-31 13:57:57","2025-06-06 13:57:57","FAC-005479"
5480,28,"Jabón antibacterial 250ml","Cuidado personal",7,"Bayer S.A Colombia",49,entregado,"2024-10-16 00:00:06","2024-10-27 00:00:06","FAC-005480"
5481,8,"Ketorolaco 10mg x10","Analgésico",4,"Laboratorios Lafrancol S.A.S",12,aceptado,"2023-06-22 14:54:38","",""
5482,2,"Ibuprofeno 400mg x10","Analgésico",4,"Laboratorios Lafrancol S.A.S",84,entregado,"2025-02-11 02:16:40","2025-02-20 02:16:40","FAC-005482"
5483,1,"Acetaminofén 500mg x10","Analgésico",4,"Laboratorios Lafrancol S.A.S",16,entregado,"2023-12-29 09:02:06","2024-01-04 09:02:06","FAC-005483"
5484,28,"Jabón antibacterial 250ml","Cuidado personal",7,"Bayer S.A Colombia",32,entregado,"2023-10-19 12:12:41","2023-10-26 12:12:41","FAC-005484"
5485,40,"Condón Protex x12","Condones",8,"Distribuidora Íntima de Colombia S.A.S",92,entregado,"2023-01-27 02:54:12","2023-02-10 02:54:12","FAC-005485"
5486,38,"Condón Lifestyles Ultra x12","Condones",8,"Distribuidora Íntima de Colombia S.A.S",94,en proceso,"2023-12-23 02:30:52","2023-12-31 02:30:52",""
5487,1,"Acetaminofén 500mg x10","Analgésico",4,"Laboratorios Lafrancol S.A.S",17,entregado,"2024-10-20 19:19:40","2024-10-30 19:19:40","FAC-005487"
5488,42,"Lubricante Íntimo KY 75ml","Lubricantes",9,"Laboratorios Siegfried Colombia S.A",90,entregado,"2023-08-27 08:20:30","2023-09-08 08:20:30","FAC-005488"
5489,44,"Lubricante Nuei Delay 100ml","Lubricantes",9,"Laboratorios Siegfried Colombia S.A",91,entregado,"2025-12-30 01:18:18","2026-01-05 01:18:18","FAC-005489"
5490,22,"Zinc 50mg x30","Vitaminas y suplementos",6,"Tecnoquímicas S.A",67,entregado,"2023-10-06 19:12:18","2023-10-14 19:12:18","FAC-005490"
5491,38,"Condón Lifestyles Ultra x12","Condones",8,"Distribuidora Íntima de Colombia S.A.S",18,aceptado,"2023-11-15 08:09:27","",""
5492,30,"Crema dental blanqueadora 75ml","Cuidado personal",7,"Bayer S.A Colombia",32,entregado,"2023-06-15 16:42:43","2023-06-21 16:42:43","FAC-005492"
5493,4,"Aspirina 100mg x10","Analgésico",4,"Laboratorios Lafrancol S.A.S",91,aceptado,"2024-07-24 18:09:26","",""
5494,38,"Condón Lifestyles Ultra x12","Condones",8,"Distribuidora Íntima de Colombia S.A.S",71,entregado,"2023-11-20 13:32:37","2023-12-02 13:32:37","FAC-005494"
5495,32,"Gel antibacterial 500ml","Cuidado personal",7,"Bayer S.A Colombia",100,entregado,"2023-01-01 05:28:36","2023-01-13 05:28:36","FAC-005495"
5496,42,"Lubricante Íntimo KY 75ml","Lubricantes",9,"Laboratorios Siegfried Colombia S.A",20,entregado,"2023-08-26 21:10:25","2023-09-04 21:10:25","FAC-005496"
5497,48,"Lubricante Control Aqua 75ml","Lubricantes",9,"Laboratorios Siegfried Colombia S.A",65,en proceso,"2025-09-28 17:19:08","2025-10-11 17:19:08",""
5498,35,"Condón Condomi Ultra x12","Condones",8,"Distribuidora Íntima de Colombia S.A.S",75,entregado,"2024-11-10 16:11:58","2024-11-15 16:11:58","FAC-005498"
5499,45,"Lubricante Yes OB Natural 80ml","Lubricantes",9,"Laboratorios Siegfried Colombia S.A",56,en proceso,"2025-04-19 23:52:49","2025-05-04 23:52:49",""
5500,15,"Cefalexina 500mg x20","Antibiótico",5,"Genfar S.A - Grupo Sanofi",41,en proceso,"2025-10-08 09:25:20","2025-10-18 09:25:20",""
5501,15,"Cefalexina 500mg x20","Antibiótico",5,"Genfar S.A - Grupo Sanofi",20,en proceso,"2024-11-25 11:42:06","2024-12-07 11:42:06",""
5502,12,"Metronidazol 500mg x14","Antibiótico",5,"Genfar S.A - Grupo Sanofi",30,en proceso,"2023-12-28 09:04:44","2024-01-15 09:04:44",""
5503,39,"Condón Vive Placer Real x3","Condones",8,"Distribuidora Íntima de Colombia S.A.S",27,entregado,"2024-11-11 05:38:05","2024-11-24 05:38:05","FAC-005503"
5504,15,"Cefalexina 500mg x20","Antibiótico",5,"Genfar S.A - Grupo Sanofi",73,entregado,"2024-01-05 04:33:18","2024-01-17 04:33:18","FAC-005504"
5505,9,"Amoxicilina 500mg x21","Antibiótico",5,"Genfar S.A - Grupo Sanofi",34,entregado,"2023-05-01 08:49:55","2023-05-13 08:49:55","FAC-005505"
5506,16,"Doxiciclina 100mg x10","Antibiótico",5,"Genfar S.A - Grupo Sanofi",77,entregado,"2023-03-09 03:01:14","2023-03-20 03:01:14","FAC-005506"
5507,40,"Condón Protex x12","Condones",8,"Distribuidora Íntima de Colombia S.A.S",97,en proceso,"2023-03-28 12:41:23","2023-04-03 12:41:23",""
5508,5,"Diclofenaco 50mg x10","Analgésico",4,"Laboratorios Lafrancol S.A.S",31,entregado,"2023-01-15 02:58:49","2023-01-24 02:58:49","FAC-005508"
5509,23,"Hierro + Ácido Fólico x30","Vitaminas y suplementos",6,"Tecnoquímicas S.A",17,entregado,"2025-05-05 14:40:13","2025-05-08 14:40:13","FAC-005509"
5510,3,"Naproxeno 500mg x10","Analgésico",4,"Laboratorios Lafrancol S.A.S",81,entregado,"2024-03-08 22:39:06","2024-03-17 22:39:06","FAC-005510"
5511,20,"Omega 3 1000mg x30","Vitaminas y suplementos",6,"Tecnoquímicas S.A",88,en proceso,"2025-07-09 21:47:19","2025-07-28 21:47:19",""
5512,1,"Acetaminofén 500mg x10","Analgésico",4,"Laboratorios Lafrancol S.A.S",57,entregado,"2025-11-02 00:43:47","2025-11-08 00:43:47","FAC-005512"
5513,26,"Shampoo anticaspa 400ml","Cuidado personal",7,"Bayer S.A Colombia",97,en proceso,"2023-09-27 12:43:48","2023-10-08 12:43:48",""
5514,32,"Gel antibacterial 500ml","Cuidado personal",7,"Bayer S.A Colombia",41,entregado,"2024-06-02 03:07:42","2024-06-06 03:07:42","FAC-005514"
5515,48,"Lubricante Control Aqua 75ml","Lubricantes",9,"Laboratorios Siegfried Colombia S.A",64,entregado,"2025-02-10 18:26:52","2025-02-19 18:26:52","FAC-005515"
5516,46,"Lubricante Vive Sensitivo 50ml","Lubricantes",9,"Laboratorios Siegfried Colombia S.A",77,en proceso,"2023-09-07 08:55:31","2023-09-14 08:55:31",""
5517,28,"Jabón antibacterial 250ml","Cuidado personal",7,"Bayer S.A Colombia",65,aceptado,"2025-02-05 09:19:46","",""
5518,18,"Vitamina D3 2000UI x30","Vitaminas y suplementos",6,"Tecnoquímicas S.A",20,en proceso,"2023-06-27 11:42:09","2023-07-07 11:42:09",""
5519,18,"Vitamina D3 2000UI x30","Vitaminas y suplementos",6,"Tecnoquímicas S.A",14,aceptado,"2024-01-31 23:20:39","",""
5520,6,"Meloxicam 15mg x10","Analgésico",4,"Laboratorios Lafrancol S.A.S",32,en proceso,"2023-12-13 12:21:04","2023-12-28 12:21:04",""
5521,15,"Cefalexina 500mg x20","Antibiótico",5,"Genfar S.A - Grupo Sanofi",49,entregado,"2023-01-24 15:23:53","2023-02-06 15:23:53","FAC-005521"
5522,10,"Azitromicina 500mg x3","Antibiótico",5,"Genfar S.A - Grupo Sanofi",42,entregado,"2023-10-14 22:09:45","2023-10-26 22:09:45","FAC-005522"
5523,2,"Ibuprofeno 400mg x10","Analgésico",4,"Laboratorios Lafrancol S.A.S",16,entregado,"2025-01-15 18:03:55","2025-01-21 18:03:55","FAC-005523"
5524,39,"Condón Vive Placer Real x3","Condones",8,"Distribuidora Íntima de Colombia S.A.S",50,aceptado,"2023-01-15 12:18:45","",""
5525,33,"Condón Durex Natural x3","Condones",8,"Distribuidora Íntima de Colombia S.A.S",30,en proceso,"2023-07-28 21:43:02","2023-08-11 21:43:02",""
5526,16,"Doxiciclina 100mg x10","Antibiótico",5,"Genfar S.A - Grupo Sanofi",65,entregado,"2025-12-26 19:33:00","2026-01-01 19:33:00","FAC-005526"
5527,21,"Calcio + Vitamina D x60","Vitaminas y suplementos",6,"Tecnoquímicas S.A",91,en proceso,"2024-06-11 22:46:37","2024-06-23 22:46:37",""
5528,46,"Lubricante Vive Sensitivo 50ml","Lubricantes",9,"Laboratorios Siegfried Colombia S.A",50,en proceso,"2023-03-11 13:14:38","2023-03-31 13:14:38",""
5529,12,"Metronidazol 500mg x14","Antibiótico",5,"Genfar S.A - Grupo Sanofi",32,entregado,"2023-04-04 20:52:11","2023-04-18 20:52:11","FAC-005529"
5530,13,"Clindamicina 300mg x16","Antibiótico",5,"Genfar S.A - Grupo Sanofi",42,entregado,"2023-11-25 17:50:56","2023-12-01 17:50:56","FAC-005530"
5531,27,"Crema hidratante facial 50ml","Cuidado personal",7,"Bayer S.A Colombia",10,aceptado,"2025-07-30 15:09:24","",""
5532,7,"Tramadol 50mg x10","Analgésico",4,"Laboratorios Lafrancol S.A.S",85,entregado,"2023-01-19 03:13:40","2023-01-26 03:13:40","FAC-005532"
5533,6,"Meloxicam 15mg x10","Analgésico",4,"Laboratorios Lafrancol S.A.S",45,en proceso,"2024-03-01 06:52:34","2024-03-14 06:52:34",""
5534,43,"Lubricante Pjur Original 30ml","Lubricantes",9,"Laboratorios Siegfried Colombia S.A",21,entregado,"2024-05-05 07:29:10","2024-05-15 07:29:10","FAC-005534"
5535,21,"Calcio + Vitamina D x60","Vitaminas y suplementos",6,"Tecnoquímicas S.A",49,entregado,"2025-08-08 13:46:44","2025-08-20 13:46:44","FAC-005535"
5536,42,"Lubricante Íntimo KY 75ml","Lubricantes",9,"Laboratorios Siegfried Colombia S.A",58,entregado,"2025-03-26 05:02:23","2025-03-30 05:02:23","FAC-005536"
5537,20,"Omega 3 1000mg x30","Vitaminas y suplementos",6,"Tecnoquímicas S.A",43,entregado,"2023-02-25 06:40:25","2023-03-02 06:40:25","FAC-005537"
5538,7,"Tramadol 50mg x10","Analgésico",4,"Laboratorios Lafrancol S.A.S",13,aceptado,"2023-02-22 23:27:30","",""
5539,15,"Cefalexina 500mg x20","Antibiótico",5,"Genfar S.A - Grupo Sanofi",38,entregado,"2024-08-29 05:05:44","2024-09-08 05:05:44","FAC-005539"
5540,46,"Lubricante Vive Sensitivo 50ml","Lubricantes",9,"Laboratorios Siegfried Colombia S.A",46,entregado,"2024-11-04 14:55:35","2024-11-08 14:55:35","FAC-005540"
5541,48,"Lubricante Control Aqua 75ml","Lubricantes",9,"Laboratorios Siegfried Colombia S.A",12,en proceso,"2024-12-27 01:43:01","2025-01-14 01:43:01",""
5542,10,"Azitromicina 500mg x3","Antibiótico",5,"Genfar S.A - Grupo Sanofi",50,aceptado,"2023-04-25 14:21:46","",""
5543,10,"Azitromicina 500mg x3","Antibiótico",5,"Genfar S.A - Grupo Sanofi",88,en proceso,"2023-02-05 01:19:12","2023-02-19 01:19:12",""
5544,21,"Calcio + Vitamina D x60","Vitaminas y suplementos",6,"Tecnoquímicas S.A",53,aceptado,"2025-06-26 14:49:12","",""
5545,3,"Naproxeno 500mg x10","Analgésico",4,"Laboratorios Lafrancol S.A.S",73,aceptado,"2024-09-18 01:01:01","",""
5546,17,"Vitamina C 1000mg x30","Vitaminas y suplementos",6,"Tecnoquímicas S.A",52,en proceso,"2024-01-24 11:03:48","2024-02-03 11:03:48",""
5547,2,"Ibuprofeno 400mg x10","Analgésico",4,"Laboratorios Lafrancol S.A.S",68,entregado,"2024-01-03 22:42:52","2024-01-15 22:42:52","FAC-005547"
5548,3,"Naproxeno 500mg x10","Analgésico",4,"Laboratorios Lafrancol S.A.S",44,aceptado,"2023-11-08 10:04:47","",""
5549,18,"Vitamina D3 2000UI x30","Vitaminas y suplementos",6,"Tecnoquímicas S.A",17,aceptado,"2025-04-17 10:31:51","",""
5550,5,"Diclofenaco 50mg x10","Analgésico",4,"Laboratorios Lafrancol S.A.S",11,entregado,"2023-01-10 23:16:19","2023-01-18 23:16:19","FAC-005550"
5551,40,"Condón Protex x12","Condones",8,"Distribuidora Íntima de Colombia S.A.S",53,entregado,"2024-07-16 07:57:39","2024-07-22 07:57:39","FAC-005551"
5552,37,"Condón Control Retard x3","Condones",8,"Distribuidora Íntima de Colombia S.A.S",83,entregado,"2025-08-20 22:55:01","2025-08-25 22:55:01","FAC-005552"
5553,19,"Complejo B x30","Vitaminas y suplementos",6,"Tecnoquímicas S.A",31,aceptado,"2023-07-08 04:00:40","",""
5554,36,"Condón Prudence Fresa x3","Condones",8,"Distribuidora Íntima de Colombia S.A.S",59,entregado,"2024-12-30 09:25:00","2025-01-03 09:25:00","FAC-005554"
5555,16,"Doxiciclina 100mg x10","Antibiótico",5,"Genfar S.A - Grupo Sanofi",91,en proceso,"2025-12-17 17:20:49","2026-01-04 17:20:49",""
5556,5,"Diclofenaco 50mg x10","Analgésico",4,"Laboratorios Lafrancol S.A.S",15,aceptado,"2024-08-04 18:08:29","",""
5557,14,"Claritromicina 500mg x14","Antibiótico",5,"Genfar S.A - Grupo Sanofi",62,aceptado,"2025-04-30 08:07:32","",""
5558,32,"Gel antibacterial 500ml","Cuidado personal",7,"Bayer S.A Colombia",53,entregado,"2023-01-11 18:23:01","2023-01-18 18:23:01","FAC-005558"
5559,15,"Cefalexina 500mg x20","Antibiótico",5,"Genfar S.A - Grupo Sanofi",21,aceptado,"2024-05-17 08:49:40","",""
5560,3,"Naproxeno 500mg x10","Analgésico",4,"Laboratorios Lafrancol S.A.S",31,entregado,"2023-11-06 04:08:02","2023-11-16 04:08:02","FAC-005560"
5561,38,"Condón Lifestyles Ultra x12","Condones",8,"Distribuidora Íntima de Colombia S.A.S",52,entregado,"2025-02-14 00:42:53","2025-02-28 00:42:53","FAC-005561"
5562,33,"Condón Durex Natural x3","Condones",8,"Distribuidora Íntima de Colombia S.A.S",91,en proceso,"2023-06-17 06:10:55","2023-06-22 06:10:55",""
5563,37,"Condón Control Retard x3","Condones",8,"Distribuidora Íntima de Colombia S.A.S",88,aceptado,"2024-01-15 22:16:52","",""
5564,36,"Condón Prudence Fresa x3","Condones",8,"Distribuidora Íntima de Colombia S.A.S",10,en proceso,"2024-05-21 02:05:22","2024-05-29 02:05:22",""
5565,23,"Hierro + Ácido Fólico x30","Vitaminas y suplementos",6,"Tecnoquímicas S.A",46,en proceso,"2023-02-14 16:33:57","2023-03-03 16:33:57",""
5566,33,"Condón Durex Natural x3","Condones",8,"Distribuidora Íntima de Colombia S.A.S",95,entregado,"2023-06-04 04:04:52","2023-06-12 04:04:52","FAC-005566"
5567,48,"Lubricante Control Aqua 75ml","Lubricantes",9,"Laboratorios Siegfried Colombia S.A",91,entregado,"2024-03-01 09:23:18","2024-03-05 09:23:18","FAC-005567"
5568,22,"Zinc 50mg x30","Vitaminas y suplementos",6,"Tecnoquímicas S.A",83,entregado,"2023-12-17 21:02:09","2023-12-28 21:02:09","FAC-005568"
5569,21,"Calcio + Vitamina D x60","Vitaminas y suplementos",6,"Tecnoquímicas S.A",23,en proceso,"2024-09-25 03:01:09","2024-10-06 03:01:09",""
5570,15,"Cefalexina 500mg x20","Antibiótico",5,"Genfar S.A - Grupo Sanofi",66,aceptado,"2023-09-09 14:08:21","",""
5571,6,"Meloxicam 15mg x10","Analgésico",4,"Laboratorios Lafrancol S.A.S",79,en proceso,"2025-09-21 14:24:09","2025-09-27 14:24:09",""
5572,41,"Lubricante Durex Play 50ml","Lubricantes",9,"Laboratorios Siegfried Colombia S.A",85,entregado,"2023-09-24 13:58:52","2023-09-29 13:58:52","FAC-005572"
5573,44,"Lubricante Nuei Delay 100ml","Lubricantes",9,"Laboratorios Siegfried Colombia S.A",44,aceptado,"2024-01-12 00:22:54","",""
5574,36,"Condón Prudence Fresa x3","Condones",8,"Distribuidora Íntima de Colombia S.A.S",90,entregado,"2023-03-09 21:09:13","2023-03-24 21:09:13","FAC-005574"
5575,7,"Tramadol 50mg x10","Analgésico",4,"Laboratorios Lafrancol S.A.S",21,entregado,"2023-04-05 13:16:29","2023-04-19 13:16:29","FAC-005575"
5576,3,"Naproxeno 500mg x10","Analgésico",4,"Laboratorios Lafrancol S.A.S",47,entregado,"2023-11-21 08:01:17","2023-11-27 08:01:17","FAC-005576"
5577,32,"Gel antibacterial 500ml","Cuidado personal",7,"Bayer S.A Colombia",47,entregado,"2024-03-30 12:21:39","2024-04-14 12:21:39","FAC-005577"
5578,39,"Condón Vive Placer Real x3","Condones",8,"Distribuidora Íntima de Colombia S.A.S",83,en proceso,"2024-05-17 20:04:27","2024-05-30 20:04:27",""
5579,5,"Diclofenaco 50mg x10","Analgésico",4,"Laboratorios Lafrancol S.A.S",25,entregado,"2023-09-20 00:15:09","2023-09-28 00:15:09","FAC-005579"
5580,39,"Condón Vive Placer Real x3","Condones",8,"Distribuidora Íntima de Colombia S.A.S",57,entregado,"2025-10-12 04:41:35","2025-10-18 04:41:35","FAC-005580"
5581,17,"Vitamina C 1000mg x30","Vitaminas y suplementos",6,"Tecnoquímicas S.A",85,entregado,"2024-11-14 02:51:13","2024-11-28 02:51:13","FAC-005581"
5582,3,"Naproxeno 500mg x10","Analgésico",4,"Laboratorios Lafrancol S.A.S",75,en proceso,"2023-05-21 00:51:11","2023-05-26 00:51:11",""
5583,28,"Jabón antibacterial 250ml","Cuidado personal",7,"Bayer S.A Colombia",94,aceptado,"2025-08-12 21:54:42","",""
5584,14,"Claritromicina 500mg x14","Antibiótico",5,"Genfar S.A - Grupo Sanofi",40,entregado,"2023-01-26 02:02:01","2023-02-01 02:02:01","FAC-005584"
5585,17,"Vitamina C 1000mg x30","Vitaminas y suplementos",6,"Tecnoquímicas S.A",80,aceptado,"2024-10-20 04:08:10","",""
5586,3,"Naproxeno 500mg x10","Analgésico",4,"Laboratorios Lafrancol S.A.S",48,entregado,"2023-05-04 06:23:33","2023-05-09 06:23:33","FAC-005586"
5587,17,"Vitamina C 1000mg x30","Vitaminas y suplementos",6,"Tecnoquímicas S.A",74,entregado,"2023-06-23 00:32:13","2023-07-02 00:32:13","FAC-005587"
5588,7,"Tramadol 50mg x10","Analgésico",4,"Laboratorios Lafrancol S.A.S",95,entregado,"2025-07-10 20:57:38","2025-07-25 20:57:38","FAC-005588"
5589,9,"Amoxicilina 500mg x21","Antibiótico",5,"Genfar S.A - Grupo Sanofi",97,entregado,"2024-09-03 01:36:11","2024-09-17 01:36:11","FAC-005589"
5590,13,"Clindamicina 300mg x16","Antibiótico",5,"Genfar S.A - Grupo Sanofi",49,entregado,"2024-07-14 22:12:09","2024-07-20 22:12:09","FAC-005590"
5591,44,"Lubricante Nuei Delay 100ml","Lubricantes",9,"Laboratorios Siegfried Colombia S.A",59,en proceso,"2023-08-19 00:39:26","2023-09-05 00:39:26",""
5592,8,"Ketorolaco 10mg x10","Analgésico",4,"Laboratorios Lafrancol S.A.S",69,aceptado,"2023-07-26 10:44:58","",""
5593,38,"Condón Lifestyles Ultra x12","Condones",8,"Distribuidora Íntima de Colombia S.A.S",60,aceptado,"2023-08-29 12:55:01","",""
5594,19,"Complejo B x30","Vitaminas y suplementos",6,"Tecnoquímicas S.A",48,entregado,"2025-09-01 21:27:26","2025-09-14 21:27:26","FAC-005594"
5595,45,"Lubricante Yes OB Natural 80ml","Lubricantes",9,"Laboratorios Siegfried Colombia S.A",81,entregado,"2023-05-02 01:33:05","2023-05-08 01:33:05","FAC-005595"
5596,21,"Calcio + Vitamina D x60","Vitaminas y suplementos",6,"Tecnoquímicas S.A",50,entregado,"2023-05-11 09:06:58","2023-05-20 09:06:58","FAC-005596"
5597,35,"Condón Condomi Ultra x12","Condones",8,"Distribuidora Íntima de Colombia S.A.S",58,entregado,"2025-05-14 09:54:38","2025-05-20 09:54:38","FAC-005597"
5598,32,"Gel antibacterial 500ml","Cuidado personal",7,"Bayer S.A Colombia",34,entregado,"2024-04-23 01:42:27","2024-04-26 01:42:27","FAC-005598"
5599,24,"Magnesio 400mg x60","Vitaminas y suplementos",6,"Tecnoquímicas S.A",34,aceptado,"2023-03-28 13:23:35","",""
5600,3,"Naproxeno 500mg x10","Analgésico",4,"Laboratorios Lafrancol S.A.S",35,entregado,"2024-07-17 01:53:44","2024-07-23 01:53:44","FAC-005600"
5601,42,"Lubricante Íntimo KY 75ml","Lubricantes",9,"Laboratorios Siegfried Colombia S.A",44,entregado,"2025-04-20 10:55:48","2025-04-30 10:55:48","FAC-005601"
5602,15,"Cefalexina 500mg x20","Antibiótico",5,"Genfar S.A - Grupo Sanofi",34,entregado,"2025-03-26 21:18:03","2025-04-03 21:18:03","FAC-005602"
5603,12,"Metronidazol 500mg x14","Antibiótico",5,"Genfar S.A - Grupo Sanofi",53,entregado,"2025-01-18 08:25:49","2025-01-27 08:25:49","FAC-005603"
5604,28,"Jabón antibacterial 250ml","Cuidado personal",7,"Bayer S.A Colombia",37,aceptado,"2025-07-16 18:08:39","",""
5605,20,"Omega 3 1000mg x30","Vitaminas y suplementos",6,"Tecnoquímicas S.A",44,entregado,"2025-04-06 15:27:15","2025-04-11 15:27:15","FAC-005605"
5606,13,"Clindamicina 300mg x16","Antibiótico",5,"Genfar S.A - Grupo Sanofi",66,entregado,"2024-07-22 21:09:24","2024-08-03 21:09:24","FAC-005606"
5607,20,"Omega 3 1000mg x30","Vitaminas y suplementos",6,"Tecnoquímicas S.A",44,entregado,"2023-04-17 15:08:03","2023-04-22 15:08:03","FAC-005607"
5608,2,"Ibuprofeno 400mg x10","Analgésico",4,"Laboratorios Lafrancol S.A.S",72,entregado,"2024-09-19 03:12:53","2024-10-02 03:12:53","FAC-005608"
5609,43,"Lubricante Pjur Original 30ml","Lubricantes",9,"Laboratorios Siegfried Colombia S.A",21,entregado,"2023-08-23 12:59:33","2023-08-31 12:59:33","FAC-005609"
5610,26,"Shampoo anticaspa 400ml","Cuidado personal",7,"Bayer S.A Colombia",72,entregado,"2023-11-24 23:08:21","2023-11-28 23:08:21","FAC-005610"
5611,47,"Lubricante Prudence Aqua 60ml","Lubricantes",9,"Laboratorios Siegfried Colombia S.A",93,aceptado,"2023-11-28 02:33:03","",""
5612,45,"Lubricante Yes OB Natural 80ml","Lubricantes",9,"Laboratorios Siegfried Colombia S.A",53,aceptado,"2025-05-22 05:31:12","",""
5613,1,"Acetaminofén 500mg x10","Analgésico",4,"Laboratorios Lafrancol S.A.S",79,en proceso,"2023-12-09 10:07:59","2023-12-20 10:07:59",""
5614,32,"Gel antibacterial 500ml","Cuidado personal",7,"Bayer S.A Colombia",48,entregado,"2025-02-17 16:27:08","2025-02-22 16:27:08","FAC-005614"
5615,11,"Ciprofloxacino 500mg x10","Antibiótico",5,"Genfar S.A - Grupo Sanofi",41,entregado,"2024-12-05 18:53:01","2024-12-13 18:53:01","FAC-005615"
5616,42,"Lubricante Íntimo KY 75ml","Lubricantes",9,"Laboratorios Siegfried Colombia S.A",24,entregado,"2024-04-10 06:01:55","2024-04-19 06:01:55","FAC-005616"
5617,26,"Shampoo anticaspa 400ml","Cuidado personal",7,"Bayer S.A Colombia",47,entregado,"2024-08-08 13:49:38","2024-08-15 13:49:38","FAC-005617"
5618,26,"Shampoo anticaspa 400ml","Cuidado personal",7,"Bayer S.A Colombia",10,entregado,"2025-02-23 14:16:29","2025-03-05 14:16:29","FAC-005618"
5619,21,"Calcio + Vitamina D x60","Vitaminas y suplementos",6,"Tecnoquímicas S.A",42,entregado,"2024-09-11 10:58:47","2024-09-18 10:58:47","FAC-005619"
5620,21,"Calcio + Vitamina D x60","Vitaminas y suplementos",6,"Tecnoquímicas S.A",41,entregado,"2024-02-08 22:47:00","2024-02-14 22:47:00","FAC-005620"
5621,2,"Ibuprofeno 400mg x10","Analgésico",4,"Laboratorios Lafrancol S.A.S",35,entregado,"2023-11-12 14:27:43","2023-11-20 14:27:43","FAC-005621"
5622,35,"Condón Condomi Ultra x12","Condones",8,"Distribuidora Íntima de Colombia S.A.S",100,entregado,"2023-05-17 05:49:49","2023-05-20 05:49:49","FAC-005622"
5623,14,"Claritromicina 500mg x14","Antibiótico",5,"Genfar S.A - Grupo Sanofi",67,en proceso,"2025-06-06 13:27:55","2025-06-16 13:27:55",""
5624,37,"Condón Control Retard x3","Condones",8,"Distribuidora Íntima de Colombia S.A.S",83,entregado,"2024-01-14 14:13:05","2024-01-20 14:13:05","FAC-005624"
5625,3,"Naproxeno 500mg x10","Analgésico",4,"Laboratorios Lafrancol S.A.S",98,entregado,"2024-01-13 03:12:18","2024-01-20 03:12:18","FAC-005625"
5626,19,"Complejo B x30","Vitaminas y suplementos",6,"Tecnoquímicas S.A",37,entregado,"2025-10-11 04:39:38","2025-10-22 04:39:38","FAC-005626"
5627,3,"Naproxeno 500mg x10","Analgésico",4,"Laboratorios Lafrancol S.A.S",66,entregado,"2025-12-17 20:54:18","2025-12-25 20:54:18","FAC-005627"
5628,3,"Naproxeno 500mg x10","Analgésico",4,"Laboratorios Lafrancol S.A.S",60,entregado,"2025-01-25 11:14:07","2025-02-09 11:14:07","FAC-005628"
5629,36,"Condón Prudence Fresa x3","Condones",8,"Distribuidora Íntima de Colombia S.A.S",10,entregado,"2024-09-08 10:12:32","2024-09-22 10:12:32","FAC-005629"
5630,34,"Condón Durex Extra Fino x3","Condones",8,"Distribuidora Íntima de Colombia S.A.S",39,aceptado,"2024-04-10 15:50:36","",""
5631,44,"Lubricante Nuei Delay 100ml","Lubricantes",9,"Laboratorios Siegfried Colombia S.A",54,entregado,"2023-03-10 13:00:26","2023-03-22 13:00:26","FAC-005631"
5632,47,"Lubricante Prudence Aqua 60ml","Lubricantes",9,"Laboratorios Siegfried Colombia S.A",66,en proceso,"2024-03-09 16:12:28","2024-03-22 16:12:28",""
5633,9,"Amoxicilina 500mg x21","Antibiótico",5,"Genfar S.A - Grupo Sanofi",75,entregado,"2023-12-25 00:48:52","2024-01-09 00:48:52","FAC-005633"
5634,46,"Lubricante Vive Sensitivo 50ml","Lubricantes",9,"Laboratorios Siegfried Colombia S.A",63,entregado,"2023-10-05 22:47:45","2023-10-10 22:47:45","FAC-005634"
5635,20,"Omega 3 1000mg x30","Vitaminas y suplementos",6,"Tecnoquímicas S.A",91,en proceso,"2023-06-30 14:41:59","2023-07-20 14:41:59",""
5636,5,"Diclofenaco 50mg x10","Analgésico",4,"Laboratorios Lafrancol S.A.S",65,entregado,"2024-08-06 04:51:37","2024-08-17 04:51:37","FAC-005636"
5637,28,"Jabón antibacterial 250ml","Cuidado personal",7,"Bayer S.A Colombia",50,entregado,"2024-02-19 22:58:12","2024-02-25 22:58:12","FAC-005637"
5638,41,"Lubricante Durex Play 50ml","Lubricantes",9,"Laboratorios Siegfried Colombia S.A",62,entregado,"2023-01-19 11:36:19","2023-02-01 11:36:19","FAC-005638"
5639,22,"Zinc 50mg x30","Vitaminas y suplementos",6,"Tecnoquímicas S.A",40,en proceso,"2023-12-27 02:34:03","2024-01-10 02:34:03",""
5640,39,"Condón Vive Placer Real x3","Condones",8,"Distribuidora Íntima de Colombia S.A.S",51,entregado,"2024-06-06 08:29:37","2024-06-14 08:29:37","FAC-005640"
5641,20,"Omega 3 1000mg x30","Vitaminas y suplementos",6,"Tecnoquímicas S.A",93,aceptado,"2023-12-19 16:12:47","",""
5642,4,"Aspirina 100mg x10","Analgésico",4,"Laboratorios Lafrancol S.A.S",92,entregado,"2024-05-19 20:53:02","2024-05-28 20:53:02","FAC-005642"
5643,43,"Lubricante Pjur Original 30ml","Lubricantes",9,"Laboratorios Siegfried Colombia S.A",68,aceptado,"2024-03-20 11:59:26","",""
5644,9,"Amoxicilina 500mg x21","Antibiótico",5,"Genfar S.A - Grupo Sanofi",87,en proceso,"2024-07-04 21:47:24","2024-07-17 21:47:24",""
5645,21,"Calcio + Vitamina D x60","Vitaminas y suplementos",6,"Tecnoquímicas S.A",66,entregado,"2023-10-20 06:51:47","2023-10-24 06:51:47","FAC-005645"
5646,22,"Zinc 50mg x30","Vitaminas y suplementos",6,"Tecnoquímicas S.A",46,en proceso,"2023-04-16 08:50:34","2023-04-22 08:50:34",""
5647,24,"Magnesio 400mg x60","Vitaminas y suplementos",6,"Tecnoquímicas S.A",81,en proceso,"2025-03-05 09:13:13","2025-03-16 09:13:13",""
5648,7,"Tramadol 50mg x10","Analgésico",4,"Laboratorios Lafrancol S.A.S",55,entregado,"2025-09-20 05:42:05","2025-10-04 05:42:05","FAC-005648"
5649,37,"Condón Control Retard x3","Condones",8,"Distribuidora Íntima de Colombia S.A.S",78,entregado,"2024-09-22 00:21:19","2024-09-29 00:21:19","FAC-005649"
5650,42,"Lubricante Íntimo KY 75ml","Lubricantes",9,"Laboratorios Siegfried Colombia S.A",88,aceptado,"2023-04-01 18:03:52","",""
5651,30,"Crema dental blanqueadora 75ml","Cuidado personal",7,"Bayer S.A Colombia",22,entregado,"2023-01-05 13:04:53","2023-01-08 13:04:53","FAC-005651"
5652,22,"Zinc 50mg x30","Vitaminas y suplementos",6,"Tecnoquímicas S.A",42,aceptado,"2025-05-22 01:23:34","",""
5653,31,"Desodorante roll-on 50ml","Cuidado personal",7,"Bayer S.A Colombia",80,en proceso,"2024-02-01 23:09:19","2024-02-18 23:09:19",""
5654,29,"Hilo dental 50m","Cuidado personal",7,"Bayer S.A Colombia",55,entregado,"2023-02-21 13:14:54","2023-03-07 13:14:54","FAC-005654"
5655,37,"Condón Control Retard x3","Condones",8,"Distribuidora Íntima de Colombia S.A.S",82,aceptado,"2025-10-20 09:00:23","",""
5656,27,"Crema hidratante facial 50ml","Cuidado personal",7,"Bayer S.A Colombia",62,entregado,"2024-06-28 10:15:58","2024-07-01 10:15:58","FAC-005656"
5657,29,"Hilo dental 50m","Cuidado personal",7,"Bayer S.A Colombia",67,entregado,"2023-11-11 08:53:13","2023-11-23 08:53:13","FAC-005657"
5658,5,"Diclofenaco 50mg x10","Analgésico",4,"Laboratorios Lafrancol S.A.S",17,entregado,"2024-03-18 07:18:43","2024-03-21 07:18:43","FAC-005658"
5659,28,"Jabón antibacterial 250ml","Cuidado personal",7,"Bayer S.A Colombia",75,entregado,"2025-05-31 15:34:36","2025-06-04 15:34:36","FAC-005659"
5660,11,"Ciprofloxacino 500mg x10","Antibiótico",5,"Genfar S.A - Grupo Sanofi",88,en proceso,"2023-10-30 18:27:51","2023-11-19 18:27:51",""
5661,21,"Calcio + Vitamina D x60","Vitaminas y suplementos",6,"Tecnoquímicas S.A",60,entregado,"2023-11-03 13:07:52","2023-11-16 13:07:52","FAC-005661"
5662,8,"Ketorolaco 10mg x10","Analgésico",4,"Laboratorios Lafrancol S.A.S",34,entregado,"2025-12-27 17:56:13","2026-01-01 17:56:13","FAC-005662"
5663,40,"Condón Protex x12","Condones",8,"Distribuidora Íntima de Colombia S.A.S",16,entregado,"2023-09-30 03:29:30","2023-10-13 03:29:30","FAC-005663"
5664,9,"Amoxicilina 500mg x21","Antibiótico",5,"Genfar S.A - Grupo Sanofi",36,entregado,"2023-10-20 01:18:22","2023-10-24 01:18:22","FAC-005664"
5665,19,"Complejo B x30","Vitaminas y suplementos",6,"Tecnoquímicas S.A",58,en proceso,"2023-01-29 23:23:33","2023-02-09 23:23:33",""
5666,44,"Lubricante Nuei Delay 100ml","Lubricantes",9,"Laboratorios Siegfried Colombia S.A",68,entregado,"2025-06-14 09:13:07","2025-06-17 09:13:07","FAC-005666"
5667,20,"Omega 3 1000mg x30","Vitaminas y suplementos",6,"Tecnoquímicas S.A",29,en proceso,"2025-05-29 19:13:52","2025-06-10 19:13:52",""
5668,10,"Azitromicina 500mg x3","Antibiótico",5,"Genfar S.A - Grupo Sanofi",82,entregado,"2024-12-07 14:51:27","2024-12-22 14:51:27","FAC-005668"
5669,38,"Condón Lifestyles Ultra x12","Condones",8,"Distribuidora Íntima de Colombia S.A.S",60,aceptado,"2023-02-05 17:40:17","",""
5670,11,"Ciprofloxacino 500mg x10","Antibiótico",5,"Genfar S.A - Grupo Sanofi",66,en proceso,"2024-03-08 15:19:35","2024-03-25 15:19:35",""
5671,5,"Diclofenaco 50mg x10","Analgésico",4,"Laboratorios Lafrancol S.A.S",16,aceptado,"2023-09-26 16:42:37","",""
5672,21,"Calcio + Vitamina D x60","Vitaminas y suplementos",6,"Tecnoquímicas S.A",10,entregado,"2025-02-25 00:29:37","2025-03-12 00:29:37","FAC-005672"
5673,18,"Vitamina D3 2000UI x30","Vitaminas y suplementos",6,"Tecnoquímicas S.A",49,entregado,"2025-06-18 22:37:59","2025-06-21 22:37:59","FAC-005673"
5674,46,"Lubricante Vive Sensitivo 50ml","Lubricantes",9,"Laboratorios Siegfried Colombia S.A",80,entregado,"2023-10-15 13:58:14","2023-10-19 13:58:14","FAC-005674"
5675,20,"Omega 3 1000mg x30","Vitaminas y suplementos",6,"Tecnoquímicas S.A",81,entregado,"2023-06-12 00:34:17","2023-06-23 00:34:17","FAC-005675"
5676,20,"Omega 3 1000mg x30","Vitaminas y suplementos",6,"Tecnoquímicas S.A",14,entregado,"2025-09-12 02:10:09","2025-09-20 02:10:09","FAC-005676"
5677,25,"Protector solar SPF 50 50ml","Cuidado personal",7,"Bayer S.A Colombia",56,entregado,"2024-01-27 20:55:47","2024-02-07 20:55:47","FAC-005677"
5678,21,"Calcio + Vitamina D x60","Vitaminas y suplementos",6,"Tecnoquímicas S.A",17,entregado,"2023-11-27 18:08:52","2023-12-12 18:08:52","FAC-005678"
5679,10,"Azitromicina 500mg x3","Antibiótico",5,"Genfar S.A - Grupo Sanofi",95,entregado,"2024-08-23 11:55:55","2024-09-01 11:55:55","FAC-005679"
5680,47,"Lubricante Prudence Aqua 60ml","Lubricantes",9,"Laboratorios Siegfried Colombia S.A",27,en proceso,"2025-01-14 05:28:06","2025-01-27 05:28:06",""
5681,29,"Hilo dental 50m","Cuidado personal",7,"Bayer S.A Colombia",55,aceptado,"2024-05-11 13:01:06","",""
5682,46,"Lubricante Vive Sensitivo 50ml","Lubricantes",9,"Laboratorios Siegfried Colombia S.A",18,entregado,"2025-11-24 17:30:59","2025-12-02 17:30:59","FAC-005682"
5683,20,"Omega 3 1000mg x30","Vitaminas y suplementos",6,"Tecnoquímicas S.A",10,entregado,"2023-10-02 06:57:22","2023-10-11 06:57:22","FAC-005683"
5684,47,"Lubricante Prudence Aqua 60ml","Lubricantes",9,"Laboratorios Siegfried Colombia S.A",29,aceptado,"2025-03-03 16:28:39","",""
5685,37,"Condón Control Retard x3","Condones",8,"Distribuidora Íntima de Colombia S.A.S",86,entregado,"2023-05-13 01:47:22","2023-05-16 01:47:22","FAC-005685"
5686,19,"Complejo B x30","Vitaminas y suplementos",6,"Tecnoquímicas S.A",33,en proceso,"2025-12-23 09:55:11","2026-01-10 09:55:11",""
5687,14,"Claritromicina 500mg x14","Antibiótico",5,"Genfar S.A - Grupo Sanofi",64,entregado,"2024-11-11 11:40:12","2024-11-18 11:40:12","FAC-005687"
5688,11,"Ciprofloxacino 500mg x10","Antibiótico",5,"Genfar S.A - Grupo Sanofi",24,en proceso,"2024-04-14 09:29:26","2024-04-25 09:29:26",""
5689,30,"Crema dental blanqueadora 75ml","Cuidado personal",7,"Bayer S.A Colombia",63,entregado,"2025-08-02 20:29:38","2025-08-13 20:29:38","FAC-005689"
5690,16,"Doxiciclina 100mg x10","Antibiótico",5,"Genfar S.A - Grupo Sanofi",71,entregado,"2024-09-24 22:40:30","2024-09-28 22:40:30","FAC-005690"
5691,3,"Naproxeno 500mg x10","Analgésico",4,"Laboratorios Lafrancol S.A.S",88,aceptado,"2024-08-29 21:32:17","",""
5692,22,"Zinc 50mg x30","Vitaminas y suplementos",6,"Tecnoquímicas S.A",92,entregado,"2024-06-13 11:19:28","2024-06-23 11:19:28","FAC-005692"
5693,2,"Ibuprofeno 400mg x10","Analgésico",4,"Laboratorios Lafrancol S.A.S",39,entregado,"2025-01-25 10:21:49","2025-01-29 10:21:49","FAC-005693"
5694,42,"Lubricante Íntimo KY 75ml","Lubricantes",9,"Laboratorios Siegfried Colombia S.A",67,en proceso,"2024-02-16 13:37:29","2024-03-05 13:37:29",""
5695,1,"Acetaminofén 500mg x10","Analgésico",4,"Laboratorios Lafrancol S.A.S",66,entregado,"2025-11-19 07:02:56","2025-11-29 07:02:56","FAC-005695"
5696,3,"Naproxeno 500mg x10","Analgésico",4,"Laboratorios Lafrancol S.A.S",83,entregado,"2024-07-02 13:24:29","2024-07-15 13:24:29","FAC-005696"
5697,44,"Lubricante Nuei Delay 100ml","Lubricantes",9,"Laboratorios Siegfried Colombia S.A",54,en proceso,"2024-11-19 23:06:04","2024-11-26 23:06:04",""
5698,19,"Complejo B x30","Vitaminas y suplementos",6,"Tecnoquímicas S.A",95,entregado,"2025-01-15 16:26:31","2025-01-18 16:26:31","FAC-005698"
5699,33,"Condón Durex Natural x3","Condones",8,"Distribuidora Íntima de Colombia S.A.S",76,en proceso,"2023-07-29 18:13:52","2023-08-18 18:13:52",""
5700,12,"Metronidazol 500mg x14","Antibiótico",5,"Genfar S.A - Grupo Sanofi",58,aceptado,"2024-01-19 15:53:43","",""
5701,33,"Condón Durex Natural x3","Condones",8,"Distribuidora Íntima de Colombia S.A.S",54,entregado,"2024-12-30 04:44:36","2025-01-13 04:44:36","FAC-005701"
5702,28,"Jabón antibacterial 250ml","Cuidado personal",7,"Bayer S.A Colombia",21,entregado,"2025-10-04 08:00:55","2025-10-13 08:00:55","FAC-005702"
5703,1,"Acetaminofén 500mg x10","Analgésico",4,"Laboratorios Lafrancol S.A.S",50,entregado,"2023-11-24 10:37:43","2023-11-27 10:37:43","FAC-005703"
5704,44,"Lubricante Nuei Delay 100ml","Lubricantes",9,"Laboratorios Siegfried Colombia S.A",50,entregado,"2023-04-02 10:51:17","2023-04-08 10:51:17","FAC-005704"
5705,32,"Gel antibacterial 500ml","Cuidado personal",7,"Bayer S.A Colombia",18,aceptado,"2024-07-08 02:23:12","",""
5706,7,"Tramadol 50mg x10","Analgésico",4,"Laboratorios Lafrancol S.A.S",12,aceptado,"2025-04-23 06:43:21","",""
5707,28,"Jabón antibacterial 250ml","Cuidado personal",7,"Bayer S.A Colombia",31,entregado,"2023-02-01 12:13:01","2023-02-13 12:13:01","FAC-005707"
5708,11,"Ciprofloxacino 500mg x10","Antibiótico",5,"Genfar S.A - Grupo Sanofi",25,entregado,"2023-06-04 07:43:19","2023-06-18 07:43:19","FAC-005708"
5709,34,"Condón Durex Extra Fino x3","Condones",8,"Distribuidora Íntima de Colombia S.A.S",45,entregado,"2025-09-19 03:43:41","2025-09-27 03:43:41","FAC-005709"
5710,1,"Acetaminofén 500mg x10","Analgésico",4,"Laboratorios Lafrancol S.A.S",75,aceptado,"2025-02-12 05:37:21","",""
5711,7,"Tramadol 50mg x10","Analgésico",4,"Laboratorios Lafrancol S.A.S",34,en proceso,"2025-10-18 17:34:29","2025-10-30 17:34:29",""
5712,44,"Lubricante Nuei Delay 100ml","Lubricantes",9,"Laboratorios Siegfried Colombia S.A",83,entregado,"2023-10-03 22:06:10","2023-10-09 22:06:10","FAC-005712"
5713,31,"Desodorante roll-on 50ml","Cuidado personal",7,"Bayer S.A Colombia",97,aceptado,"2023-11-09 13:51:14","",""
5714,7,"Tramadol 50mg x10","Analgésico",4,"Laboratorios Lafrancol S.A.S",71,en proceso,"2025-10-20 10:48:21","2025-11-05 10:48:21",""
5715,31,"Desodorante roll-on 50ml","Cuidado personal",7,"Bayer S.A Colombia",30,en proceso,"2024-09-28 06:41:52","2024-10-14 06:41:52",""
5716,36,"Condón Prudence Fresa x3","Condones",8,"Distribuidora Íntima de Colombia S.A.S",37,aceptado,"2024-11-19 22:19:11","",""
5717,21,"Calcio + Vitamina D x60","Vitaminas y suplementos",6,"Tecnoquímicas S.A",74,entregado,"2023-01-15 11:26:20","2023-01-18 11:26:20","FAC-005717"
5718,1,"Acetaminofén 500mg x10","Analgésico",4,"Laboratorios Lafrancol S.A.S",52,entregado,"2023-02-28 10:59:32","2023-03-14 10:59:32","FAC-005718"
5719,23,"Hierro + Ácido Fólico x30","Vitaminas y suplementos",6,"Tecnoquímicas S.A",99,entregado,"2024-03-05 04:52:47","2024-03-10 04:52:47","FAC-005719"
5720,11,"Ciprofloxacino 500mg x10","Antibiótico",5,"Genfar S.A - Grupo Sanofi",75,entregado,"2024-09-04 23:34:15","2024-09-12 23:34:15","FAC-005720"
5721,41,"Lubricante Durex Play 50ml","Lubricantes",9,"Laboratorios Siegfried Colombia S.A",94,en proceso,"2023-01-24 04:51:26","2023-02-11 04:51:26",""
5722,11,"Ciprofloxacino 500mg x10","Antibiótico",5,"Genfar S.A - Grupo Sanofi",57,entregado,"2023-05-10 21:37:21","2023-05-24 21:37:21","FAC-005722"
5723,43,"Lubricante Pjur Original 30ml","Lubricantes",9,"Laboratorios Siegfried Colombia S.A",99,en proceso,"2025-04-12 20:31:06","2025-04-24 20:31:06",""
5724,27,"Crema hidratante facial 50ml","Cuidado personal",7,"Bayer S.A Colombia",100,entregado,"2024-04-21 17:06:14","2024-04-30 17:06:14","FAC-005724"
5725,4,"Aspirina 100mg x10","Analgésico",4,"Laboratorios Lafrancol S.A.S",47,en proceso,"2023-11-29 13:55:28","2023-12-10 13:55:28",""
5726,40,"Condón Protex x12","Condones",8,"Distribuidora Íntima de Colombia S.A.S",96,en proceso,"2025-09-23 23:32:02","2025-10-03 23:32:02",""
5727,21,"Calcio + Vitamina D x60","Vitaminas y suplementos",6,"Tecnoquímicas S.A",30,entregado,"2025-11-15 02:24:01","2025-11-28 02:24:01","FAC-005727"
5728,10,"Azitromicina 500mg x3","Antibiótico",5,"Genfar S.A - Grupo Sanofi",93,aceptado,"2025-09-20 18:44:53","",""
5729,10,"Azitromicina 500mg x3","Antibiótico",5,"Genfar S.A - Grupo Sanofi",24,entregado,"2023-08-14 12:11:03","2023-08-20 12:11:03","FAC-005729"
5730,32,"Gel antibacterial 500ml","Cuidado personal",7,"Bayer S.A Colombia",71,entregado,"2025-05-20 07:14:06","2025-05-24 07:14:06","FAC-005730"
5731,28,"Jabón antibacterial 250ml","Cuidado personal",7,"Bayer S.A Colombia",24,en proceso,"2024-04-08 04:40:24","2024-04-18 04:40:24",""
5732,11,"Ciprofloxacino 500mg x10","Antibiótico",5,"Genfar S.A - Grupo Sanofi",33,entregado,"2023-11-12 14:23:05","2023-11-24 14:23:05","FAC-005732"
5733,40,"Condón Protex x12","Condones",8,"Distribuidora Íntima de Colombia S.A.S",35,entregado,"2023-02-23 14:49:11","2023-02-26 14:49:11","FAC-005733"
5734,34,"Condón Durex Extra Fino x3","Condones",8,"Distribuidora Íntima de Colombia S.A.S",24,en proceso,"2025-06-17 12:04:33","2025-07-03 12:04:33",""
5735,47,"Lubricante Prudence Aqua 60ml","Lubricantes",9,"Laboratorios Siegfried Colombia S.A",88,entregado,"2024-04-11 03:50:02","2024-04-18 03:50:02","FAC-005735"
5736,8,"Ketorolaco 10mg x10","Analgésico",4,"Laboratorios Lafrancol S.A.S",67,entregado,"2023-10-20 12:51:42","2023-10-28 12:51:42","FAC-005736"
5737,14,"Claritromicina 500mg x14","Antibiótico",5,"Genfar S.A - Grupo Sanofi",96,aceptado,"2024-06-08 18:40:59","",""
5738,16,"Doxiciclina 100mg x10","Antibiótico",5,"Genfar S.A - Grupo Sanofi",34,entregado,"2023-02-14 01:08:26","2023-03-01 01:08:26","FAC-005738"
5739,17,"Vitamina C 1000mg x30","Vitaminas y suplementos",6,"Tecnoquímicas S.A",37,entregado,"2024-05-17 09:51:49","2024-06-01 09:51:49","FAC-005739"
5740,37,"Condón Control Retard x3","Condones",8,"Distribuidora Íntima de Colombia S.A.S",52,en proceso,"2025-10-19 21:37:43","2025-11-03 21:37:43",""
5741,9,"Amoxicilina 500mg x21","Antibiótico",5,"Genfar S.A - Grupo Sanofi",78,en proceso,"2025-01-20 21:11:56","2025-01-29 21:11:56",""
5742,20,"Omega 3 1000mg x30","Vitaminas y suplementos",6,"Tecnoquímicas S.A",94,entregado,"2023-08-20 17:06:22","2023-08-23 17:06:22","FAC-005742"
5743,32,"Gel antibacterial 500ml","Cuidado personal",7,"Bayer S.A Colombia",86,en proceso,"2024-01-08 08:21:21","2024-01-14 08:21:21",""
5744,10,"Azitromicina 500mg x3","Antibiótico",5,"Genfar S.A - Grupo Sanofi",46,entregado,"2025-10-11 01:43:59","2025-10-17 01:43:59","FAC-005744"
5745,5,"Diclofenaco 50mg x10","Analgésico",4,"Laboratorios Lafrancol S.A.S",46,aceptado,"2024-01-29 02:07:09","",""
5746,45,"Lubricante Yes OB Natural 80ml","Lubricantes",9,"Laboratorios Siegfried Colombia S.A",68,entregado,"2023-06-07 19:56:05","2023-06-21 19:56:05","FAC-005746"
5747,9,"Amoxicilina 500mg x21","Antibiótico",5,"Genfar S.A - Grupo Sanofi",42,entregado,"2024-10-12 17:29:26","2024-10-15 17:29:26","FAC-005747"
5748,7,"Tramadol 50mg x10","Analgésico",4,"Laboratorios Lafrancol S.A.S",57,en proceso,"2023-02-09 18:45:34","2023-02-16 18:45:34",""
5749,18,"Vitamina D3 2000UI x30","Vitaminas y suplementos",6,"Tecnoquímicas S.A",81,entregado,"2025-07-19 04:13:31","2025-07-31 04:13:31","FAC-005749"
5750,38,"Condón Lifestyles Ultra x12","Condones",8,"Distribuidora Íntima de Colombia S.A.S",83,entregado,"2023-04-05 12:53:55","2023-04-14 12:53:55","FAC-005750"
5751,27,"Crema hidratante facial 50ml","Cuidado personal",7,"Bayer S.A Colombia",62,aceptado,"2025-07-11 10:12:12","",""
5752,25,"Protector solar SPF 50 50ml","Cuidado personal",7,"Bayer S.A Colombia",17,en proceso,"2023-09-12 03:12:57","2023-09-21 03:12:57",""
5753,15,"Cefalexina 500mg x20","Antibiótico",5,"Genfar S.A - Grupo Sanofi",93,entregado,"2025-01-26 19:27:20","2025-01-31 19:27:20","FAC-005753"
5754,3,"Naproxeno 500mg x10","Analgésico",4,"Laboratorios Lafrancol S.A.S",90,entregado,"2023-09-06 01:17:56","2023-09-16 01:17:56","FAC-005754"
5755,10,"Azitromicina 500mg x3","Antibiótico",5,"Genfar S.A - Grupo Sanofi",65,entregado,"2025-04-28 03:14:43","2025-05-06 03:14:43","FAC-005755"
5756,2,"Ibuprofeno 400mg x10","Analgésico",4,"Laboratorios Lafrancol S.A.S",37,entregado,"2025-08-14 16:41:55","2025-08-21 16:41:55","FAC-005756"
5757,4,"Aspirina 100mg x10","Analgésico",4,"Laboratorios Lafrancol S.A.S",14,entregado,"2025-02-01 16:12:09","2025-02-08 16:12:09","FAC-005757"
5758,25,"Protector solar SPF 50 50ml","Cuidado personal",7,"Bayer S.A Colombia",65,entregado,"2024-11-23 22:32:37","2024-11-30 22:32:37","FAC-005758"
5759,47,"Lubricante Prudence Aqua 60ml","Lubricantes",9,"Laboratorios Siegfried Colombia S.A",40,en proceso,"2024-11-24 04:16:05","2024-12-05 04:16:05",""
5760,8,"Ketorolaco 10mg x10","Analgésico",4,"Laboratorios Lafrancol S.A.S",63,entregado,"2024-06-02 14:30:25","2024-06-10 14:30:25","FAC-005760"
5761,21,"Calcio + Vitamina D x60","Vitaminas y suplementos",6,"Tecnoquímicas S.A",32,entregado,"2024-04-02 20:23:38","2024-04-14 20:23:38","FAC-005761"
5762,47,"Lubricante Prudence Aqua 60ml","Lubricantes",9,"Laboratorios Siegfried Colombia S.A",26,entregado,"2023-09-05 13:40:09","2023-09-10 13:40:09","FAC-005762"
5763,20,"Omega 3 1000mg x30","Vitaminas y suplementos",6,"Tecnoquímicas S.A",89,entregado,"2023-10-02 08:35:54","2023-10-06 08:35:54","FAC-005763"
5764,25,"Protector solar SPF 50 50ml","Cuidado personal",7,"Bayer S.A Colombia",93,aceptado,"2023-01-06 10:28:27","",""
5765,44,"Lubricante Nuei Delay 100ml","Lubricantes",9,"Laboratorios Siegfried Colombia S.A",13,entregado,"2023-08-12 17:36:33","2023-08-24 17:36:33","FAC-005765"
5766,40,"Condón Protex x12","Condones",8,"Distribuidora Íntima de Colombia S.A.S",82,entregado,"2024-03-31 18:25:13","2024-04-06 18:25:13","FAC-005766"
5767,40,"Condón Protex x12","Condones",8,"Distribuidora Íntima de Colombia S.A.S",18,entregado,"2025-04-20 04:38:34","2025-04-23 04:38:34","FAC-005767"
5768,40,"Condón Protex x12","Condones",8,"Distribuidora Íntima de Colombia S.A.S",82,entregado,"2023-05-22 03:31:20","2023-05-30 03:31:20","FAC-005768"
5769,14,"Claritromicina 500mg x14","Antibiótico",5,"Genfar S.A - Grupo Sanofi",69,en proceso,"2023-12-28 15:24:59","2024-01-15 15:24:59",""
5770,42,"Lubricante Íntimo KY 75ml","Lubricantes",9,"Laboratorios Siegfried Colombia S.A",71,en proceso,"2023-04-21 04:32:25","2023-05-11 04:32:25",""
5771,46,"Lubricante Vive Sensitivo 50ml","Lubricantes",9,"Laboratorios Siegfried Colombia S.A",55,entregado,"2024-03-05 06:00:00","2024-03-16 06:00:00","FAC-005771"
5772,10,"Azitromicina 500mg x3","Antibiótico",5,"Genfar S.A - Grupo Sanofi",12,entregado,"2023-11-04 17:21:54","2023-11-16 17:21:54","FAC-005772"
5773,17,"Vitamina C 1000mg x30","Vitaminas y suplementos",6,"Tecnoquímicas S.A",76,entregado,"2025-01-31 12:47:33","2025-02-05 12:47:33","FAC-005773"
5774,2,"Ibuprofeno 400mg x10","Analgésico",4,"Laboratorios Lafrancol S.A.S",58,en proceso,"2023-11-24 13:01:33","2023-12-12 13:01:33",""
5775,17,"Vitamina C 1000mg x30","Vitaminas y suplementos",6,"Tecnoquímicas S.A",93,en proceso,"2024-02-24 22:11:12","2024-03-07 22:11:12",""
5776,25,"Protector solar SPF 50 50ml","Cuidado personal",7,"Bayer S.A Colombia",58,aceptado,"2025-03-02 03:53:29","",""
5777,27,"Crema hidratante facial 50ml","Cuidado personal",7,"Bayer S.A Colombia",23,entregado,"2023-01-27 16:32:47","2023-02-10 16:32:47","FAC-005777"
5778,13,"Clindamicina 300mg x16","Antibiótico",5,"Genfar S.A - Grupo Sanofi",94,en proceso,"2024-04-13 17:25:18","2024-04-28 17:25:18",""
5779,31,"Desodorante roll-on 50ml","Cuidado personal",7,"Bayer S.A Colombia",50,entregado,"2023-06-02 02:53:00","2023-06-10 02:53:00","FAC-005779"
5780,26,"Shampoo anticaspa 400ml","Cuidado personal",7,"Bayer S.A Colombia",85,entregado,"2023-11-01 12:52:01","2023-11-16 12:52:01","FAC-005780"
5781,3,"Naproxeno 500mg x10","Analgésico",4,"Laboratorios Lafrancol S.A.S",81,aceptado,"2023-04-28 18:37:28","",""
5782,48,"Lubricante Control Aqua 75ml","Lubricantes",9,"Laboratorios Siegfried Colombia S.A",75,en proceso,"2024-06-08 15:27:40","2024-06-13 15:27:40",""
5783,11,"Ciprofloxacino 500mg x10","Antibiótico",5,"Genfar S.A - Grupo Sanofi",48,entregado,"2024-03-11 09:26:21","2024-03-23 09:26:21","FAC-005783"
5784,35,"Condón Condomi Ultra x12","Condones",8,"Distribuidora Íntima de Colombia S.A.S",50,entregado,"2025-01-07 09:17:59","2025-01-21 09:17:59","FAC-005784"
5785,13,"Clindamicina 300mg x16","Antibiótico",5,"Genfar S.A - Grupo Sanofi",82,entregado,"2024-04-14 23:04:09","2024-04-28 23:04:09","FAC-005785"
5786,10,"Azitromicina 500mg x3","Antibiótico",5,"Genfar S.A - Grupo Sanofi",55,entregado,"2023-04-16 10:33:34","2023-04-25 10:33:34","FAC-005786"
5787,42,"Lubricante Íntimo KY 75ml","Lubricantes",9,"Laboratorios Siegfried Colombia S.A",48,entregado,"2025-07-01 16:27:37","2025-07-07 16:27:37","FAC-005787"
5788,15,"Cefalexina 500mg x20","Antibiótico",5,"Genfar S.A - Grupo Sanofi",66,entregado,"2024-01-31 01:21:48","2024-02-05 01:21:48","FAC-005788"
5789,24,"Magnesio 400mg x60","Vitaminas y suplementos",6,"Tecnoquímicas S.A",57,entregado,"2025-02-26 17:04:56","2025-03-12 17:04:56","FAC-005789"
5790,37,"Condón Control Retard x3","Condones",8,"Distribuidora Íntima de Colombia S.A.S",89,entregado,"2024-08-10 10:23:53","2024-08-18 10:23:53","FAC-005790"
5791,1,"Acetaminofén 500mg x10","Analgésico",4,"Laboratorios Lafrancol S.A.S",45,entregado,"2024-02-16 06:01:57","2024-02-19 06:01:57","FAC-005791"
5792,44,"Lubricante Nuei Delay 100ml","Lubricantes",9,"Laboratorios Siegfried Colombia S.A",13,entregado,"2023-07-31 22:06:38","2023-08-12 22:06:38","FAC-005792"
5793,45,"Lubricante Yes OB Natural 80ml","Lubricantes",9,"Laboratorios Siegfried Colombia S.A",11,entregado,"2023-07-26 04:59:09","2023-08-10 04:59:09","FAC-005793"
5794,32,"Gel antibacterial 500ml","Cuidado personal",7,"Bayer S.A Colombia",55,en proceso,"2025-03-26 13:22:41","2025-04-10 13:22:41",""
5795,41,"Lubricante Durex Play 50ml","Lubricantes",9,"Laboratorios Siegfried Colombia S.A",38,aceptado,"2023-11-28 17:37:53","",""
5796,23,"Hierro + Ácido Fólico x30","Vitaminas y suplementos",6,"Tecnoquímicas S.A",21,en proceso,"2025-03-06 14:55:59","2025-03-23 14:55:59",""
5797,12,"Metronidazol 500mg x14","Antibiótico",5,"Genfar S.A - Grupo Sanofi",99,en proceso,"2024-09-15 06:37:33","2024-09-26 06:37:33",""
5798,16,"Doxiciclina 100mg x10","Antibiótico",5,"Genfar S.A - Grupo Sanofi",24,aceptado,"2025-05-21 16:01:20","",""
5799,22,"Zinc 50mg x30","Vitaminas y suplementos",6,"Tecnoquímicas S.A",58,en proceso,"2024-11-26 17:41:34","2024-12-07 17:41:34",""
5800,15,"Cefalexina 500mg x20","Antibiótico",5,"Genfar S.A - Grupo Sanofi",22,entregado,"2024-06-24 15:35:54","2024-06-27 15:35:54","FAC-005800"
5801,33,"Condón Durex Natural x3","Condones",8,"Distribuidora Íntima de Colombia S.A.S",10,en proceso,"2024-04-16 18:43:52","2024-05-06 18:43:52",""
5802,39,"Condón Vive Placer Real x3","Condones",8,"Distribuidora Íntima de Colombia S.A.S",12,aceptado,"2023-04-03 23:30:37","",""
5803,40,"Condón Protex x12","Condones",8,"Distribuidora Íntima de Colombia S.A.S",58,aceptado,"2025-06-04 15:45:20","",""
5804,29,"Hilo dental 50m","Cuidado personal",7,"Bayer S.A Colombia",86,entregado,"2025-02-25 11:32:05","2025-03-03 11:32:05","FAC-005804"
5805,15,"Cefalexina 500mg x20","Antibiótico",5,"Genfar S.A - Grupo Sanofi",57,entregado,"2024-11-02 23:30:42","2024-11-12 23:30:42","FAC-005805"
5806,15,"Cefalexina 500mg x20","Antibiótico",5,"Genfar S.A - Grupo Sanofi",44,entregado,"2024-04-28 17:08:02","2024-05-06 17:08:02","FAC-005806"
5807,37,"Condón Control Retard x3","Condones",8,"Distribuidora Íntima de Colombia S.A.S",26,aceptado,"2024-01-14 23:56:50","",""
5808,24,"Magnesio 400mg x60","Vitaminas y suplementos",6,"Tecnoquímicas S.A",91,entregado,"2023-03-25 19:57:42","2023-04-05 19:57:42","FAC-005808"
5809,27,"Crema hidratante facial 50ml","Cuidado personal",7,"Bayer S.A Colombia",40,en proceso,"2024-11-08 18:54:33","2024-11-25 18:54:33",""
5810,15,"Cefalexina 500mg x20","Antibiótico",5,"Genfar S.A - Grupo Sanofi",61,entregado,"2024-09-01 22:23:39","2024-09-14 22:23:39","FAC-005810"
5811,48,"Lubricante Control Aqua 75ml","Lubricantes",9,"Laboratorios Siegfried Colombia S.A",56,entregado,"2025-05-19 06:41:18","2025-05-24 06:41:18","FAC-005811"
5812,33,"Condón Durex Natural x3","Condones",8,"Distribuidora Íntima de Colombia S.A.S",44,en proceso,"2024-09-26 01:37:14","2024-10-05 01:37:14",""
5813,2,"Ibuprofeno 400mg x10","Analgésico",4,"Laboratorios Lafrancol S.A.S",65,en proceso,"2023-06-03 13:54:59","2023-06-11 13:54:59",""
5814,8,"Ketorolaco 10mg x10","Analgésico",4,"Laboratorios Lafrancol S.A.S",70,aceptado,"2025-08-11 23:09:13","",""
5815,39,"Condón Vive Placer Real x3","Condones",8,"Distribuidora Íntima de Colombia S.A.S",84,aceptado,"2024-12-29 05:30:22","",""
5816,34,"Condón Durex Extra Fino x3","Condones",8,"Distribuidora Íntima de Colombia S.A.S",57,entregado,"2023-02-12 17:19:10","2023-02-23 17:19:10","FAC-005816"
5817,13,"Clindamicina 300mg x16","Antibiótico",5,"Genfar S.A - Grupo Sanofi",44,entregado,"2023-02-12 19:44:21","2023-02-22 19:44:21","FAC-005817"
5818,23,"Hierro + Ácido Fólico x30","Vitaminas y suplementos",6,"Tecnoquímicas S.A",62,entregado,"2024-02-15 04:31:28","2024-02-21 04:31:28","FAC-005818"
5819,18,"Vitamina D3 2000UI x30","Vitaminas y suplementos",6,"Tecnoquímicas S.A",45,aceptado,"2024-04-21 12:09:13","",""
5820,23,"Hierro + Ácido Fólico x30","Vitaminas y suplementos",6,"Tecnoquímicas S.A",11,entregado,"2024-10-24 07:12:43","2024-11-02 07:12:43","FAC-005820"
5821,23,"Hierro + Ácido Fólico x30","Vitaminas y suplementos",6,"Tecnoquímicas S.A",93,entregado,"2024-09-06 07:05:21","2024-09-12 07:05:21","FAC-005821"
5822,42,"Lubricante Íntimo KY 75ml","Lubricantes",9,"Laboratorios Siegfried Colombia S.A",87,entregado,"2023-07-16 05:28:52","2023-07-20 05:28:52","FAC-005822"
5823,46,"Lubricante Vive Sensitivo 50ml","Lubricantes",9,"Laboratorios Siegfried Colombia S.A",60,entregado,"2024-11-05 11:30:20","2024-11-20 11:30:20","FAC-005823"
5824,24,"Magnesio 400mg x60","Vitaminas y suplementos",6,"Tecnoquímicas S.A",30,entregado,"2025-07-28 16:53:41","2025-08-11 16:53:41","FAC-005824"
5825,41,"Lubricante Durex Play 50ml","Lubricantes",9,"Laboratorios Siegfried Colombia S.A",54,entregado,"2024-05-08 11:42:21","2024-05-13 11:42:21","FAC-005825"
5826,14,"Claritromicina 500mg x14","Antibiótico",5,"Genfar S.A - Grupo Sanofi",31,entregado,"2023-11-09 18:13:47","2023-11-18 18:13:47","FAC-005826"
5827,23,"Hierro + Ácido Fólico x30","Vitaminas y suplementos",6,"Tecnoquímicas S.A",26,entregado,"2025-09-25 12:37:46","2025-10-06 12:37:46","FAC-005827"
5828,45,"Lubricante Yes OB Natural 80ml","Lubricantes",9,"Laboratorios Siegfried Colombia S.A",49,entregado,"2024-06-09 11:26:24","2024-06-14 11:26:24","FAC-005828"
5829,48,"Lubricante Control Aqua 75ml","Lubricantes",9,"Laboratorios Siegfried Colombia S.A",77,entregado,"2025-12-27 13:06:50","2026-01-01 13:06:50","FAC-005829"
5830,4,"Aspirina 100mg x10","Analgésico",4,"Laboratorios Lafrancol S.A.S",12,aceptado,"2024-11-02 08:01:01","",""
5831,6,"Meloxicam 15mg x10","Analgésico",4,"Laboratorios Lafrancol S.A.S",50,entregado,"2024-03-20 20:17:17","2024-04-04 20:17:17","FAC-005831"
5832,25,"Protector solar SPF 50 50ml","Cuidado personal",7,"Bayer S.A Colombia",58,entregado,"2025-04-17 09:16:10","2025-04-22 09:16:10","FAC-005832"
5833,34,"Condón Durex Extra Fino x3","Condones",8,"Distribuidora Íntima de Colombia S.A.S",43,entregado,"2023-11-14 18:35:04","2023-11-20 18:35:04","FAC-005833"
5834,37,"Condón Control Retard x3","Condones",8,"Distribuidora Íntima de Colombia S.A.S",49,aceptado,"2025-07-13 11:53:52","",""
5835,28,"Jabón antibacterial 250ml","Cuidado personal",7,"Bayer S.A Colombia",84,entregado,"2024-07-31 01:55:58","2024-08-12 01:55:58","FAC-005835"
5836,35,"Condón Condomi Ultra x12","Condones",8,"Distribuidora Íntima de Colombia S.A.S",46,entregado,"2023-12-09 13:24:36","2023-12-18 13:24:36","FAC-005836"
5837,27,"Crema hidratante facial 50ml","Cuidado personal",7,"Bayer S.A Colombia",74,entregado,"2025-02-23 16:44:48","2025-03-03 16:44:48","FAC-005837"
5838,12,"Metronidazol 500mg x14","Antibiótico",5,"Genfar S.A - Grupo Sanofi",13,en proceso,"2025-07-07 19:13:04","2025-07-13 19:13:04",""
5839,20,"Omega 3 1000mg x30","Vitaminas y suplementos",6,"Tecnoquímicas S.A",32,entregado,"2025-11-05 00:36:56","2025-11-09 00:36:56","FAC-005839"
5840,48,"Lubricante Control Aqua 75ml","Lubricantes",9,"Laboratorios Siegfried Colombia S.A",50,en proceso,"2025-06-18 00:45:14","2025-07-06 00:45:14",""
5841,24,"Magnesio 400mg x60","Vitaminas y suplementos",6,"Tecnoquímicas S.A",55,aceptado,"2024-10-17 14:28:00","",""
5842,11,"Ciprofloxacino 500mg x10","Antibiótico",5,"Genfar S.A - Grupo Sanofi",19,en proceso,"2024-04-14 22:56:09","2024-04-23 22:56:09",""
5843,15,"Cefalexina 500mg x20","Antibiótico",5,"Genfar S.A - Grupo Sanofi",65,aceptado,"2023-12-07 11:09:56","",""
5844,10,"Azitromicina 500mg x3","Antibiótico",5,"Genfar S.A - Grupo Sanofi",68,entregado,"2025-12-06 18:53:27","2025-12-16 18:53:27","FAC-005844"
5845,39,"Condón Vive Placer Real x3","Condones",8,"Distribuidora Íntima de Colombia S.A.S",86,aceptado,"2024-02-23 03:33:44","",""
5846,25,"Protector solar SPF 50 50ml","Cuidado personal",7,"Bayer S.A Colombia",21,en proceso,"2025-08-21 19:59:23","2025-09-06 19:59:23",""
5847,12,"Metronidazol 500mg x14","Antibiótico",5,"Genfar S.A - Grupo Sanofi",62,en proceso,"2025-09-28 21:33:57","2025-10-11 21:33:57",""
5848,36,"Condón Prudence Fresa x3","Condones",8,"Distribuidora Íntima de Colombia S.A.S",39,entregado,"2025-07-09 17:44:27","2025-07-22 17:44:27","FAC-005848"
5849,11,"Ciprofloxacino 500mg x10","Antibiótico",5,"Genfar S.A - Grupo Sanofi",97,entregado,"2024-02-04 11:30:58","2024-02-13 11:30:58","FAC-005849"
5850,34,"Condón Durex Extra Fino x3","Condones",8,"Distribuidora Íntima de Colombia S.A.S",45,aceptado,"2024-01-05 21:32:05","",""
5851,13,"Clindamicina 300mg x16","Antibiótico",5,"Genfar S.A - Grupo Sanofi",61,entregado,"2025-11-22 22:48:21","2025-12-05 22:48:21","FAC-005851"
5852,36,"Condón Prudence Fresa x3","Condones",8,"Distribuidora Íntima de Colombia S.A.S",54,entregado,"2025-03-21 14:42:53","2025-03-26 14:42:53","FAC-005852"
5853,23,"Hierro + Ácido Fólico x30","Vitaminas y suplementos",6,"Tecnoquímicas S.A",10,entregado,"2024-01-05 08:51:20","2024-01-19 08:51:20","FAC-005853"
5854,42,"Lubricante Íntimo KY 75ml","Lubricantes",9,"Laboratorios Siegfried Colombia S.A",93,entregado,"2025-11-23 11:36:39","2025-11-30 11:36:39","FAC-005854"
5855,4,"Aspirina 100mg x10","Analgésico",4,"Laboratorios Lafrancol S.A.S",44,en proceso,"2023-02-19 05:17:13","2023-02-25 05:17:13",""
5856,27,"Crema hidratante facial 50ml","Cuidado personal",7,"Bayer S.A Colombia",57,entregado,"2025-06-28 04:01:21","2025-07-04 04:01:21","FAC-005856"
5857,40,"Condón Protex x12","Condones",8,"Distribuidora Íntima de Colombia S.A.S",82,en proceso,"2024-12-12 10:05:45","2024-12-25 10:05:45",""
5858,25,"Protector solar SPF 50 50ml","Cuidado personal",7,"Bayer S.A Colombia",86,en proceso,"2025-02-12 07:56:12","2025-02-18 07:56:12",""
5859,7,"Tramadol 50mg x10","Analgésico",4,"Laboratorios Lafrancol S.A.S",50,entregado,"2024-10-27 16:23:25","2024-11-09 16:23:25","FAC-005859"
5860,25,"Protector solar SPF 50 50ml","Cuidado personal",7,"Bayer S.A Colombia",29,entregado,"2024-04-18 08:17:43","2024-05-01 08:17:43","FAC-005860"
5861,3,"Naproxeno 500mg x10","Analgésico",4,"Laboratorios Lafrancol S.A.S",41,entregado,"2024-08-23 08:50:33","2024-08-29 08:50:33","FAC-005861"
5862,21,"Calcio + Vitamina D x60","Vitaminas y suplementos",6,"Tecnoquímicas S.A",86,entregado,"2025-01-30 16:55:15","2025-02-04 16:55:15","FAC-005862"
5863,7,"Tramadol 50mg x10","Analgésico",4,"Laboratorios Lafrancol S.A.S",97,aceptado,"2023-06-30 02:24:19","",""
5864,3,"Naproxeno 500mg x10","Analgésico",4,"Laboratorios Lafrancol S.A.S",71,aceptado,"2025-02-19 02:17:33","",""
5865,21,"Calcio + Vitamina D x60","Vitaminas y suplementos",6,"Tecnoquímicas S.A",58,entregado,"2024-06-16 01:45:36","2024-06-23 01:45:36","FAC-005865"
5866,32,"Gel antibacterial 500ml","Cuidado personal",7,"Bayer S.A Colombia",88,en proceso,"2025-05-14 22:59:03","2025-05-20 22:59:03",""
5867,4,"Aspirina 100mg x10","Analgésico",4,"Laboratorios Lafrancol S.A.S",37,entregado,"2025-09-25 01:40:50","2025-10-01 01:40:50","FAC-005867"
5868,11,"Ciprofloxacino 500mg x10","Antibiótico",5,"Genfar S.A - Grupo Sanofi",26,entregado,"2023-05-14 11:52:53","2023-05-23 11:52:53","FAC-005868"
5869,20,"Omega 3 1000mg x30","Vitaminas y suplementos",6,"Tecnoquímicas S.A",90,entregado,"2025-10-25 16:32:47","2025-11-02 16:32:47","FAC-005869"
5870,43,"Lubricante Pjur Original 30ml","Lubricantes",9,"Laboratorios Siegfried Colombia S.A",25,aceptado,"2024-09-27 20:31:21","",""
5871,36,"Condón Prudence Fresa x3","Condones",8,"Distribuidora Íntima de Colombia S.A.S",69,aceptado,"2023-10-27 13:20:08","",""
5872,39,"Condón Vive Placer Real x3","Condones",8,"Distribuidora Íntima de Colombia S.A.S",54,entregado,"2025-05-30 09:55:43","2025-06-14 09:55:43","FAC-005872"
5873,16,"Doxiciclina 100mg x10","Antibiótico",5,"Genfar S.A - Grupo Sanofi",46,entregado,"2024-02-03 20:59:54","2024-02-07 20:59:54","FAC-005873"
5874,14,"Claritromicina 500mg x14","Antibiótico",5,"Genfar S.A - Grupo Sanofi",31,en proceso,"2023-04-22 03:33:47","2023-05-07 03:33:47",""
5875,32,"Gel antibacterial 500ml","Cuidado personal",7,"Bayer S.A Colombia",12,entregado,"2025-11-23 01:58:50","2025-11-28 01:58:50","FAC-005875"
5876,40,"Condón Protex x12","Condones",8,"Distribuidora Íntima de Colombia S.A.S",29,entregado,"2024-02-21 10:15:52","2024-03-01 10:15:52","FAC-005876"
5877,15,"Cefalexina 500mg x20","Antibiótico",5,"Genfar S.A - Grupo Sanofi",50,aceptado,"2025-06-30 02:42:27","",""
5878,20,"Omega 3 1000mg x30","Vitaminas y suplementos",6,"Tecnoquímicas S.A",32,entregado,"2023-02-16 11:34:30","2023-03-01 11:34:30","FAC-005878"
5879,31,"Desodorante roll-on 50ml","Cuidado personal",7,"Bayer S.A Colombia",53,entregado,"2024-08-01 05:38:04","2024-08-09 05:38:04","FAC-005879"
5880,15,"Cefalexina 500mg x20","Antibiótico",5,"Genfar S.A - Grupo Sanofi",80,en proceso,"2024-11-21 03:30:50","2024-11-29 03:30:50",""
5881,23,"Hierro + Ácido Fólico x30","Vitaminas y suplementos",6,"Tecnoquímicas S.A",33,en proceso,"2025-03-24 12:06:56","2025-04-07 12:06:56",""
5882,35,"Condón Condomi Ultra x12","Condones",8,"Distribuidora Íntima de Colombia S.A.S",21,en proceso,"2024-03-13 03:14:50","2024-03-24 03:14:50",""
5883,48,"Lubricante Control Aqua 75ml","Lubricantes",9,"Laboratorios Siegfried Colombia S.A",37,entregado,"2025-10-09 00:44:39","2025-10-22 00:44:39","FAC-005883"
5884,14,"Claritromicina 500mg x14","Antibiótico",5,"Genfar S.A - Grupo Sanofi",81,entregado,"2023-05-10 05:41:41","2023-05-15 05:41:41","FAC-005884"
5885,2,"Ibuprofeno 400mg x10","Analgésico",4,"Laboratorios Lafrancol S.A.S",54,en proceso,"2025-05-22 10:26:01","2025-06-09 10:26:01",""
5886,25,"Protector solar SPF 50 50ml","Cuidado personal",7,"Bayer S.A Colombia",46,entregado,"2025-01-19 19:11:12","2025-01-31 19:11:12","FAC-005886"
5887,25,"Protector solar SPF 50 50ml","Cuidado personal",7,"Bayer S.A Colombia",84,entregado,"2024-05-29 15:16:56","2024-06-10 15:16:56","FAC-005887"
5888,10,"Azitromicina 500mg x3","Antibiótico",5,"Genfar S.A - Grupo Sanofi",93,aceptado,"2023-10-31 04:15:18","",""
5889,25,"Protector solar SPF 50 50ml","Cuidado personal",7,"Bayer S.A Colombia",73,entregado,"2024-03-19 03:18:16","2024-04-02 03:18:16","FAC-005889"
5890,28,"Jabón antibacterial 250ml","Cuidado personal",7,"Bayer S.A Colombia",67,en proceso,"2025-12-16 04:54:27","2026-01-03 04:54:27",""
5891,42,"Lubricante Íntimo KY 75ml","Lubricantes",9,"Laboratorios Siegfried Colombia S.A",84,en proceso,"2024-04-27 10:56:47","2024-05-09 10:56:47",""
5892,21,"Calcio + Vitamina D x60","Vitaminas y suplementos",6,"Tecnoquímicas S.A",12,entregado,"2024-07-26 02:35:13","2024-08-08 02:35:13","FAC-005892"
5893,41,"Lubricante Durex Play 50ml","Lubricantes",9,"Laboratorios Siegfried Colombia S.A",87,en proceso,"2023-05-01 06:47:13","2023-05-15 06:47:13",""
5894,21,"Calcio + Vitamina D x60","Vitaminas y suplementos",6,"Tecnoquímicas S.A",64,entregado,"2023-08-19 21:16:16","2023-09-01 21:16:16","FAC-005894"
5895,30,"Crema dental blanqueadora 75ml","Cuidado personal",7,"Bayer S.A Colombia",57,entregado,"2024-05-23 00:18:00","2024-06-05 00:18:00","FAC-005895"
5896,10,"Azitromicina 500mg x3","Antibiótico",5,"Genfar S.A - Grupo Sanofi",19,aceptado,"2025-10-28 18:17:10","",""
5897,18,"Vitamina D3 2000UI x30","Vitaminas y suplementos",6,"Tecnoquímicas S.A",72,entregado,"2025-09-03 20:21:00","2025-09-06 20:21:00","FAC-005897"
5898,7,"Tramadol 50mg x10","Analgésico",4,"Laboratorios Lafrancol S.A.S",58,en proceso,"2024-09-16 08:07:18","2024-09-29 08:07:18",""
5899,19,"Complejo B x30","Vitaminas y suplementos",6,"Tecnoquímicas S.A",54,entregado,"2025-12-03 20:26:56","2025-12-06 20:26:56","FAC-005899"
5900,22,"Zinc 50mg x30","Vitaminas y suplementos",6,"Tecnoquímicas S.A",75,entregado,"2024-10-22 00:15:14","2024-10-27 00:15:14","FAC-005900"
5901,25,"Protector solar SPF 50 50ml","Cuidado personal",7,"Bayer S.A Colombia",96,en proceso,"2023-06-24 16:57:59","2023-07-07 16:57:59",""
5902,21,"Calcio + Vitamina D x60","Vitaminas y suplementos",6,"Tecnoquímicas S.A",97,aceptado,"2023-12-12 21:44:41","",""
5903,19,"Complejo B x30","Vitaminas y suplementos",6,"Tecnoquímicas S.A",74,aceptado,"2023-05-28 05:10:35","",""
5904,22,"Zinc 50mg x30","Vitaminas y suplementos",6,"Tecnoquímicas S.A",38,en proceso,"2023-06-14 22:56:08","2023-07-03 22:56:08",""
5905,38,"Condón Lifestyles Ultra x12","Condones",8,"Distribuidora Íntima de Colombia S.A.S",68,en proceso,"2025-03-08 16:57:21","2025-03-20 16:57:21",""
5906,45,"Lubricante Yes OB Natural 80ml","Lubricantes",9,"Laboratorios Siegfried Colombia S.A",95,en proceso,"2023-07-21 23:32:37","2023-07-29 23:32:37",""
5907,7,"Tramadol 50mg x10","Analgésico",4,"Laboratorios Lafrancol S.A.S",67,entregado,"2024-05-15 19:17:41","2024-05-23 19:17:41","FAC-005907"
5908,21,"Calcio + Vitamina D x60","Vitaminas y suplementos",6,"Tecnoquímicas S.A",85,aceptado,"2025-10-10 19:45:25","",""
5909,10,"Azitromicina 500mg x3","Antibiótico",5,"Genfar S.A - Grupo Sanofi",24,entregado,"2024-06-14 20:28:46","2024-06-20 20:28:46","FAC-005909"
5910,26,"Shampoo anticaspa 400ml","Cuidado personal",7,"Bayer S.A Colombia",90,entregado,"2025-04-21 04:21:34","2025-04-27 04:21:34","FAC-005910"
5911,43,"Lubricante Pjur Original 30ml","Lubricantes",9,"Laboratorios Siegfried Colombia S.A",64,entregado,"2025-09-29 14:12:13","2025-10-03 14:12:13","FAC-005911"
5912,8,"Ketorolaco 10mg x10","Analgésico",4,"Laboratorios Lafrancol S.A.S",62,aceptado,"2025-06-18 13:31:21","",""
5913,12,"Metronidazol 500mg x14","Antibiótico",5,"Genfar S.A - Grupo Sanofi",33,entregado,"2025-08-20 18:21:58","2025-08-30 18:21:58","FAC-005913"
5914,7,"Tramadol 50mg x10","Analgésico",4,"Laboratorios Lafrancol S.A.S",30,entregado,"2025-12-17 15:15:32","2026-01-01 15:15:32","FAC-005914"
5915,33,"Condón Durex Natural x3","Condones",8,"Distribuidora Íntima de Colombia S.A.S",15,en proceso,"2023-12-05 16:00:12","2023-12-12 16:00:12",""
5916,34,"Condón Durex Extra Fino x3","Condones",8,"Distribuidora Íntima de Colombia S.A.S",66,en proceso,"2023-04-26 13:29:49","2023-05-05 13:29:49",""
5917,10,"Azitromicina 500mg x3","Antibiótico",5,"Genfar S.A - Grupo Sanofi",25,en proceso,"2024-06-30 07:59:56","2024-07-18 07:59:56",""
5918,15,"Cefalexina 500mg x20","Antibiótico",5,"Genfar S.A - Grupo Sanofi",61,aceptado,"2024-07-01 17:01:16","",""
5919,34,"Condón Durex Extra Fino x3","Condones",8,"Distribuidora Íntima de Colombia S.A.S",20,en proceso,"2025-06-05 11:40:39","2025-06-13 11:40:39",""
5920,2,"Ibuprofeno 400mg x10","Analgésico",4,"Laboratorios Lafrancol S.A.S",50,entregado,"2023-04-18 06:30:22","2023-04-23 06:30:22","FAC-005920"
5921,27,"Crema hidratante facial 50ml","Cuidado personal",7,"Bayer S.A Colombia",72,aceptado,"2023-12-25 23:24:29","",""
5922,39,"Condón Vive Placer Real x3","Condones",8,"Distribuidora Íntima de Colombia S.A.S",90,entregado,"2025-05-11 13:21:14","2025-05-16 13:21:14","FAC-005922"
5923,21,"Calcio + Vitamina D x60","Vitaminas y suplementos",6,"Tecnoquímicas S.A",100,entregado,"2024-10-31 23:24:01","2024-11-04 23:24:01","FAC-005923"
5924,42,"Lubricante Íntimo KY 75ml","Lubricantes",9,"Laboratorios Siegfried Colombia S.A",33,en proceso,"2025-01-17 07:10:45","2025-02-05 07:10:45",""
5925,28,"Jabón antibacterial 250ml","Cuidado personal",7,"Bayer S.A Colombia",24,entregado,"2023-06-21 23:28:44","2023-07-03 23:28:44","FAC-005925"
5926,31,"Desodorante roll-on 50ml","Cuidado personal",7,"Bayer S.A Colombia",26,entregado,"2024-06-08 07:39:53","2024-06-18 07:39:53","FAC-005926"
5927,13,"Clindamicina 300mg x16","Antibiótico",5,"Genfar S.A - Grupo Sanofi",65,aceptado,"2024-05-10 00:57:50","",""
5928,6,"Meloxicam 15mg x10","Analgésico",4,"Laboratorios Lafrancol S.A.S",43,entregado,"2025-09-29 00:26:11","2025-10-03 00:26:11","FAC-005928"
5929,16,"Doxiciclina 100mg x10","Antibiótico",5,"Genfar S.A - Grupo Sanofi",97,aceptado,"2025-07-06 11:33:26","",""
5930,20,"Omega 3 1000mg x30","Vitaminas y suplementos",6,"Tecnoquímicas S.A",97,en proceso,"2024-08-12 15:39:09","2024-08-19 15:39:09",""
5931,48,"Lubricante Control Aqua 75ml","Lubricantes",9,"Laboratorios Siegfried Colombia S.A",70,entregado,"2024-01-03 07:33:01","2024-01-09 07:33:01","FAC-005931"
5932,21,"Calcio + Vitamina D x60","Vitaminas y suplementos",6,"Tecnoquímicas S.A",37,en proceso,"2025-02-22 09:34:44","2025-03-04 09:34:44",""
5933,14,"Claritromicina 500mg x14","Antibiótico",5,"Genfar S.A - Grupo Sanofi",52,entregado,"2025-04-16 11:41:16","2025-04-25 11:41:16","FAC-005933"
5934,32,"Gel antibacterial 500ml","Cuidado personal",7,"Bayer S.A Colombia",93,en proceso,"2023-09-17 17:05:21","2023-09-27 17:05:21",""
5935,42,"Lubricante Íntimo KY 75ml","Lubricantes",9,"Laboratorios Siegfried Colombia S.A",68,aceptado,"2024-02-22 06:51:27","",""
5936,23,"Hierro + Ácido Fólico x30","Vitaminas y suplementos",6,"Tecnoquímicas S.A",50,entregado,"2025-05-08 05:55:07","2025-05-14 05:55:07","FAC-005936"
5937,35,"Condón Condomi Ultra x12","Condones",8,"Distribuidora Íntima de Colombia S.A.S",91,entregado,"2024-04-29 13:40:18","2024-05-11 13:40:18","FAC-005937"
5938,39,"Condón Vive Placer Real x3","Condones",8,"Distribuidora Íntima de Colombia S.A.S",39,entregado,"2023-10-12 21:43:55","2023-10-23 21:43:55","FAC-005938"
5939,35,"Condón Condomi Ultra x12","Condones",8,"Distribuidora Íntima de Colombia S.A.S",97,entregado,"2025-01-01 02:26:31","2025-01-16 02:26:31","FAC-005939"
5940,6,"Meloxicam 15mg x10","Analgésico",4,"Laboratorios Lafrancol S.A.S",87,entregado,"2024-11-15 13:59:15","2024-11-22 13:59:15","FAC-005940"
5941,2,"Ibuprofeno 400mg x10","Analgésico",4,"Laboratorios Lafrancol S.A.S",25,entregado,"2023-05-04 23:57:11","2023-05-08 23:57:11","FAC-005941"
5942,26,"Shampoo anticaspa 400ml","Cuidado personal",7,"Bayer S.A Colombia",34,entregado,"2025-04-07 01:27:00","2025-04-22 01:27:00","FAC-005942"
5943,47,"Lubricante Prudence Aqua 60ml","Lubricantes",9,"Laboratorios Siegfried Colombia S.A",88,aceptado,"2025-06-06 06:19:03","",""
5944,8,"Ketorolaco 10mg x10","Analgésico",4,"Laboratorios Lafrancol S.A.S",69,en proceso,"2023-03-14 22:16:09","2023-03-25 22:16:09",""
5945,39,"Condón Vive Placer Real x3","Condones",8,"Distribuidora Íntima de Colombia S.A.S",86,aceptado,"2024-08-08 23:50:40","",""
5946,37,"Condón Control Retard x3","Condones",8,"Distribuidora Íntima de Colombia S.A.S",93,entregado,"2025-07-21 04:30:41","2025-07-25 04:30:41","FAC-005946"
5947,34,"Condón Durex Extra Fino x3","Condones",8,"Distribuidora Íntima de Colombia S.A.S",71,aceptado,"2024-05-05 00:04:48","",""
5948,30,"Crema dental blanqueadora 75ml","Cuidado personal",7,"Bayer S.A Colombia",17,en proceso,"2024-05-04 01:33:14","2024-05-20 01:33:14",""
5949,47,"Lubricante Prudence Aqua 60ml","Lubricantes",9,"Laboratorios Siegfried Colombia S.A",34,entregado,"2023-08-17 04:04:03","2023-08-21 04:04:03","FAC-005949"
5950,15,"Cefalexina 500mg x20","Antibiótico",5,"Genfar S.A - Grupo Sanofi",67,aceptado,"2023-07-07 12:33:38","",""
5951,17,"Vitamina C 1000mg x30","Vitaminas y suplementos",6,"Tecnoquímicas S.A",41,entregado,"2025-04-06 13:49:33","2025-04-10 13:49:33","FAC-005951"
5952,33,"Condón Durex Natural x3","Condones",8,"Distribuidora Íntima de Colombia S.A.S",32,entregado,"2024-11-08 14:46:42","2024-11-12 14:46:42","FAC-005952"
5953,1,"Acetaminofén 500mg x10","Analgésico",4,"Laboratorios Lafrancol S.A.S",82,en proceso,"2025-10-19 04:49:42","2025-11-06 04:49:42",""
5954,2,"Ibuprofeno 400mg x10","Analgésico",4,"Laboratorios Lafrancol S.A.S",11,en proceso,"2023-05-13 04:07:20","2023-05-24 04:07:20",""
5955,35,"Condón Condomi Ultra x12","Condones",8,"Distribuidora Íntima de Colombia S.A.S",89,entregado,"2025-04-30 11:27:43","2025-05-13 11:27:43","FAC-005955"
5956,1,"Acetaminofén 500mg x10","Analgésico",4,"Laboratorios Lafrancol S.A.S",90,entregado,"2023-07-27 06:41:14","2023-08-04 06:41:14","FAC-005956"
5957,38,"Condón Lifestyles Ultra x12","Condones",8,"Distribuidora Íntima de Colombia S.A.S",34,entregado,"2023-09-28 07:54:31","2023-10-08 07:54:31","FAC-005957"
5958,25,"Protector solar SPF 50 50ml","Cuidado personal",7,"Bayer S.A Colombia",42,entregado,"2023-10-10 10:39:27","2023-10-13 10:39:27","FAC-005958"
5959,16,"Doxiciclina 100mg x10","Antibiótico",5,"Genfar S.A - Grupo Sanofi",55,entregado,"2023-09-15 01:19:27","2023-09-28 01:19:27","FAC-005959"
5960,31,"Desodorante roll-on 50ml","Cuidado personal",7,"Bayer S.A Colombia",10,en proceso,"2024-08-09 05:05:28","2024-08-24 05:05:28",""
5961,39,"Condón Vive Placer Real x3","Condones",8,"Distribuidora Íntima de Colombia S.A.S",84,en proceso,"2023-04-12 11:27:25","2023-05-01 11:27:25",""
5962,18,"Vitamina D3 2000UI x30","Vitaminas y suplementos",6,"Tecnoquímicas S.A",62,entregado,"2024-05-12 23:29:21","2024-05-27 23:29:21","FAC-005962"
5963,5,"Diclofenaco 50mg x10","Analgésico",4,"Laboratorios Lafrancol S.A.S",48,entregado,"2023-05-20 18:37:36","2023-06-02 18:37:36","FAC-005963"
5964,16,"Doxiciclina 100mg x10","Antibiótico",5,"Genfar S.A - Grupo Sanofi",48,entregado,"2023-09-21 01:31:50","2023-09-30 01:31:50","FAC-005964"
5965,8,"Ketorolaco 10mg x10","Analgésico",4,"Laboratorios Lafrancol S.A.S",29,entregado,"2025-06-21 19:20:12","2025-06-24 19:20:12","FAC-005965"
5966,47,"Lubricante Prudence Aqua 60ml","Lubricantes",9,"Laboratorios Siegfried Colombia S.A",29,entregado,"2024-03-09 07:23:36","2024-03-15 07:23:36","FAC-005966"
5967,15,"Cefalexina 500mg x20","Antibiótico",5,"Genfar S.A - Grupo Sanofi",54,en proceso,"2024-06-20 04:38:41","2024-06-28 04:38:41",""
5968,25,"Protector solar SPF 50 50ml","Cuidado personal",7,"Bayer S.A Colombia",63,entregado,"2025-01-05 03:38:45","2025-01-20 03:38:45","FAC-005968"
5969,47,"Lubricante Prudence Aqua 60ml","Lubricantes",9,"Laboratorios Siegfried Colombia S.A",67,entregado,"2024-10-16 14:14:02","2024-10-31 14:14:02","FAC-005969"
5970,43,"Lubricante Pjur Original 30ml","Lubricantes",9,"Laboratorios Siegfried Colombia S.A",99,entregado,"2024-09-24 04:08:58","2024-10-02 04:08:58","FAC-005970"
5971,25,"Protector solar SPF 50 50ml","Cuidado personal",7,"Bayer S.A Colombia",10,entregado,"2023-12-31 16:54:37","2024-01-14 16:54:37","FAC-005971"
5972,2,"Ibuprofeno 400mg x10","Analgésico",4,"Laboratorios Lafrancol S.A.S",94,en proceso,"2023-01-20 18:44:31","2023-02-09 18:44:31",""
5973,6,"Meloxicam 15mg x10","Analgésico",4,"Laboratorios Lafrancol S.A.S",26,entregado,"2025-10-03 15:50:02","2025-10-14 15:50:02","FAC-005973"
5974,19,"Complejo B x30","Vitaminas y suplementos",6,"Tecnoquímicas S.A",50,entregado,"2025-05-05 20:15:39","2025-05-09 20:15:39","FAC-005974"
5975,29,"Hilo dental 50m","Cuidado personal",7,"Bayer S.A Colombia",22,aceptado,"2023-07-26 13:17:31","",""
5976,39,"Condón Vive Placer Real x3","Condones",8,"Distribuidora Íntima de Colombia S.A.S",12,en proceso,"2024-08-27 13:57:52","2024-09-09 13:57:52",""
5977,14,"Claritromicina 500mg x14","Antibiótico",5,"Genfar S.A - Grupo Sanofi",14,entregado,"2024-03-20 09:38:28","2024-03-28 09:38:28","FAC-005977"
5978,30,"Crema dental blanqueadora 75ml","Cuidado personal",7,"Bayer S.A Colombia",60,entregado,"2024-01-06 06:01:58","2024-01-11 06:01:58","FAC-005978"
5979,7,"Tramadol 50mg x10","Analgésico",4,"Laboratorios Lafrancol S.A.S",30,en proceso,"2025-06-27 05:48:48","2025-07-16 05:48:48",""
5980,46,"Lubricante Vive Sensitivo 50ml","Lubricantes",9,"Laboratorios Siegfried Colombia S.A",64,entregado,"2025-01-06 19:15:08","2025-01-14 19:15:08","FAC-005980"
5981,10,"Azitromicina 500mg x3","Antibiótico",5,"Genfar S.A - Grupo Sanofi",83,entregado,"2025-01-01 12:57:02","2025-01-11 12:57:02","FAC-005981"
5982,16,"Doxiciclina 100mg x10","Antibiótico",5,"Genfar S.A - Grupo Sanofi",91,entregado,"2025-02-06 07:22:46","2025-02-11 07:22:46","FAC-005982"
5983,15,"Cefalexina 500mg x20","Antibiótico",5,"Genfar S.A - Grupo Sanofi",78,en proceso,"2024-01-29 02:43:25","2024-02-16 02:43:25",""
5984,12,"Metronidazol 500mg x14","Antibiótico",5,"Genfar S.A - Grupo Sanofi",61,entregado,"2025-07-03 03:48:51","2025-07-06 03:48:51","FAC-005984"
5985,19,"Complejo B x30","Vitaminas y suplementos",6,"Tecnoquímicas S.A",49,entregado,"2024-10-28 18:16:00","2024-11-01 18:16:00","FAC-005985"
5986,42,"Lubricante Íntimo KY 75ml","Lubricantes",9,"Laboratorios Siegfried Colombia S.A",56,entregado,"2023-01-05 04:45:44","2023-01-17 04:45:44","FAC-005986"
5987,3,"Naproxeno 500mg x10","Analgésico",4,"Laboratorios Lafrancol S.A.S",15,entregado,"2024-08-02 16:38:32","2024-08-09 16:38:32","FAC-005987"
5988,3,"Naproxeno 500mg x10","Analgésico",4,"Laboratorios Lafrancol S.A.S",13,entregado,"2023-02-11 17:57:01","2023-02-25 17:57:01","FAC-005988"
5989,31,"Desodorante roll-on 50ml","Cuidado personal",7,"Bayer S.A Colombia",46,entregado,"2024-08-03 00:11:25","2024-08-06 00:11:25","FAC-005989"
5990,45,"Lubricante Yes OB Natural 80ml","Lubricantes",9,"Laboratorios Siegfried Colombia S.A",82,en proceso,"2025-06-08 18:06:21","2025-06-15 18:06:21",""
5991,40,"Condón Protex x12","Condones",8,"Distribuidora Íntima de Colombia S.A.S",33,en proceso,"2024-02-18 09:52:29","2024-03-09 09:52:29",""
5992,15,"Cefalexina 500mg x20","Antibiótico",5,"Genfar S.A - Grupo Sanofi",94,entregado,"2024-10-09 01:57:04","2024-10-24 01:57:04","FAC-005992"
5993,22,"Zinc 50mg x30","Vitaminas y suplementos",6,"Tecnoquímicas S.A",27,aceptado,"2024-11-09 01:11:56","",""
5994,21,"Calcio + Vitamina D x60","Vitaminas y suplementos",6,"Tecnoquímicas S.A",14,aceptado,"2025-08-11 15:22:48","",""
5995,1,"Acetaminofén 500mg x10","Analgésico",4,"Laboratorios Lafrancol S.A.S",79,entregado,"2025-10-18 11:19:26","2025-10-30 11:19:26","FAC-005995"
5996,18,"Vitamina D3 2000UI x30","Vitaminas y suplementos",6,"Tecnoquímicas S.A",65,entregado,"2025-05-31 08:45:55","2025-06-14 08:45:55","FAC-005996"
5997,13,"Clindamicina 300mg x16","Antibiótico",5,"Genfar S.A - Grupo Sanofi",55,en proceso,"2023-09-30 03:58:29","2023-10-19 03:58:29",""
5998,43,"Lubricante Pjur Original 30ml","Lubricantes",9,"Laboratorios Siegfried Colombia S.A",27,entregado,"2024-05-26 02:03:47","2024-06-04 02:03:47","FAC-005998"
5999,13,"Clindamicina 300mg x16","Antibiótico",5,"Genfar S.A - Grupo Sanofi",25,entregado,"2024-01-02 08:10:12","2024-01-05 08:10:12","FAC-005999"
6000,12,"Metronidazol 500mg x14","Antibiótico",5,"Genfar S.A - Grupo Sanofi",40,en proceso,"2023-12-01 17:59:33","2023-12-06 17:59:33",""